mean,std,rms,max,min,peak_to_peak,skewness,kurtosis,energy,power,impulse_factor,crest_factor,shape_factor,impact_energy_ratio,cyclostationarity,spectral_centroid,spectral_spread,spectral_rolloff,spectral_flux,psd_mean,psd_std,psd_max,psd_peak_freq,order_1_amplitude,order_2_amplitude,order_3_amplitude,order_energy,envelope_mean,envelope_std,envelope_kurtosis,envelope_skewness,vmd_mode_1_energy,vmd_mode_1_std,vmd_mode_1_kurtosis,vmd_mode_2_energy,vmd_mode_2_std,vmd_mode_2_kurtosis,vmd_mode_3_energy,vmd_mode_3_std,vmd_mode_3_kurtosis,vmd_reconstruction_error,wavelet_scale_2_energy,wavelet_scale_2_std,wavelet_scale_4_energy,wavelet_scale_4_std,wavelet_scale_8_energy,wavelet_scale_8_std,wavelet_scale_16_energy,wavelet_scale_16_std,domain,label
0.019277881806076078,0.9083325987572817,0.9085371465669887,2.5514582903604444,-3.1992621182276277,5.750720408588072,-0.13352717016973722,-0.10159040178858669,1690.500601225392,0.825439746692086,3.4964103052944324,2.808314772820705,1.245020800066011,0.06444059880153619,0.04357798165137615,2999.94350692767,2037.4221757255166,3593.75,9133.683419927109,5.426000486024984e-05,0.0002273972813730337,0.0021537701578794727,3312.5,4.450252724020948,4.450252724020948,2.420957668098323,22091.166572010192,1.1451080296294136,0.5824391066497778,0.0893361742769998,0.567955661805445,1474.67719829784,0.8485616196549977,-0.2566313722396174,93.44833090447585,0.2135511221535076,1.2049292066679147,15.34792768255263,0.0864061831789135,0.5731959854618212,0.005075306284156259,845.7210330993018,0.9085774735423064,421.9196337862413,0.9075497185795421,199.23400988227036,0.881828575281179,116.44428547551504,0.9533829418696423,Source,Ball_Fault
0.01339845864256017,0.8888383067408113,0.8889392860166936,2.664861468086458,-3.1992621182276277,5.864123586314086,-0.09488589481604263,-0.11911576063755636,1618.3563350504837,0.790213054223869,3.7493069697344583,2.997799186069963,1.250686499334768,0.04960151709471491,0.04269662921348314,2630.955390188183,1258.98832362008,3468.75,8265.998175852124,5.127193411164125e-05,0.00019701522893778955,0.0015837651655018301,3312.5,8.289288937539546,8.289288937539546,11.792627659922351,24790.574481363594,1.116396899470029,0.5778447472054165,-0.21419100633592336,0.5109106024264853,1405.948904750325,0.8285497102829797,-0.24454552628452975,77.8578506009099,0.1949347733116308,1.5134150484666629,21.077620086825952,0.10131680014772876,0.19178757451821316,0.00515491242765911,809.232429346895,0.8888685229684534,406.73162411819214,0.8911896564932206,201.33093694725545,0.8867466100475383,107.50584029032494,0.9152596588255497,Source,Ball_Fault
0.012933445757527934,1.0196923133906082,1.0197743319024328,3.367336331516023,-4.071218470419238,7.438554801935261,-0.04335686483629888,0.19248285549245425,2129.7964810384447,1.039939688007053,4.202906401084644,3.302040683093202,1.2728209021178842,0.07134136228829169,0.09718670076726343,2946.7293563563494,1833.0891107013251,3531.25,9179.189616143996,6.618506075670332e-05,0.00030750416970313783,0.003269768117624933,3250.0,9.604895083483408,9.604895083483408,14.00819042940557,24290.68383492088,1.2616037855495912,0.698618566110214,0.3034281282398772,0.7106044330094788,1922.133078693827,0.9687789935601324,0.2261975456508054,80.20861229678744,0.1975280736230193,1.3259458829586928,21.30837941914715,0.10200200500923273,0.5396468897498665,0.0029360277011104777,1064.6019904595069,1.0195541921318687,536.2312645581036,1.0233191137111124,270.1904255977155,1.0270612255315572,145.05373288710453,1.0640241862254967,Source,Ball_Fault
-0.000724177799522796,0.9648632404441166,0.9648635122097874,3.2733755875944563,-3.0738170400490077,6.347192627643464,-0.017018570173764527,0.11555775647902866,1906.6093510529158,0.9309615971938066,4.286504013973056,3.39257889449833,1.2634942759693475,0.10685658033445125,0.09882352941176471,3119.2383561019797,2063.3472959894107,3640.625,8540.201056569045,5.890140796663818e-05,0.00028767225035549387,0.003189173479397502,3375.0,2.723384936132822,2.723384936132822,4.510988738851352,16295.984070738088,1.1976799150175328,0.653823606856984,0.20523442635252698,0.6623985232473041,1757.8514336765215,0.9264551103034262,0.05813254301650472,51.13153871795886,0.15799472575447937,0.31222355319266626,15.595796510454887,0.08726106380569688,-0.2185856709418701,0.0031289706879451163,953.6346043925498,0.9650304166043104,478.282287404034,0.9665116373676979,219.33314761497058,0.925575628995988,89.79886528236263,0.8375878768173832,Source,Ball_Fault
0.001100024924008187,0.9309979519236231,0.9309986017931574,3.078348442501001,-3.098696202599823,6.177044645100824,-0.043836344914075766,-0.06991634475910713,1775.1211961155873,0.8667583965408141,4.156123760024239,3.3065016817124353,1.2569549814569534,0.06433013948182048,0.059907834101382486,2806.3202611180054,1338.7315122495936,3515.625,8529.111816519171,5.368729293130694e-05,0.00022732252296008622,0.0020345224779531024,3375.0,1.8122889072117538,1.8122889072117538,0.5201428874485549,15841.301906436369,1.1654213192849836,0.6126244581078116,-0.022411092740616034,0.4962358174941339,1642.33172387765,0.8954924017425763,-0.18434665102400416,45.160354149093976,0.14833634167538626,0.20585487230866661,13.272020748340616,0.08016402376057388,-0.47596200179269843,0.0022840677719397585,887.4948983031319,0.9309634082405456,441.4358025157395,0.9285349657352018,219.45544663131872,0.9258750290704676,97.82366264845493,0.8741744818160558,Source,Ball_Fault
-0.0009313844865503165,0.9347097029975749,0.9347101670330096,3.078348442501001,-3.098696202599823,6.177044645100824,0.008111883514760172,-0.05155034320318386,1789.3029813347873,0.8736830963548766,4.150679499284273,3.2933721607762165,1.2603129244603797,0.06959591778039852,0.07505518763796909,2895.79007929242,1618.8574135510835,3515.625,8344.730690493361,5.3903733548224396e-05,0.00022537822195501644,0.0019329691929014007,3375.0,2.128593637222821,2.128593637222821,4.9920465625308195,16714.549077542426,1.1685403908483931,0.6179633044140116,-0.11657703087458993,0.5394174613103481,1638.9751907363514,0.8945768337882193,-0.11020025398248823,56.85770835526682,0.16662042822390577,1.0250056750876242,14.917586221585777,0.08518176388232994,-0.34346710496195554,0.003932087773568429,894.685533796331,0.934727282745195,444.41684524898574,0.9316650316240827,205.26477262741992,0.8954160709500849,108.38075397768014,0.9193027938155598,Source,Ball_Fault
8.18710291571917e-05,0.9712883764487051,0.9712883798992074,3.060891384766411,-3.052233875520989,6.1131252602874,0.023556737003845626,-0.3827630935536499,1932.0854874669608,0.943401116927227,3.8546832535598465,3.1513723916722305,1.2231760561672036,0.045040098654960524,0.058704453441295545,3208.816274269064,2084.9980478292705,3609.375,8133.531519643651,6.023999433283678e-05,0.00031398084051381913,0.0033228698706118634,3312.5,4.169079873444651,4.169079873444651,4.6270627609048764,12919.917351895056,1.2474833181852114,0.5749672982050765,-0.039246997848309206,0.42527689054979445,1815.9263284137278,0.9416383450952283,-0.4603958560484629,38.8014270159469,0.13756138917669988,0.2988928483245772,12.213460755159659,0.07671408090939126,-0.18760851882574858,0.0019727551008217256,965.3906674848943,0.970960445627157,482.2593937893839,0.9705212844525768,240.23288036291768,0.9686873939429143,121.06930500246509,0.9724793668528795,Source,Ball_Fault
0.0007542198991995826,0.9617850405265744,0.961785336251474,3.060891384766411,-3.052233875520989,6.1131252602874,-0.02512081120411151,-0.2248021985544124,1894.463555642083,0.9250310330283609,3.901483583507374,3.1825099316819823,1.225914032401906,0.0749142481449184,0.07505070993914807,2935.041353905265,1643.3819489033904,3500.0,9037.840467015207,6.258640340930755e-05,0.00029181789160243754,0.0026590646831841616,3437.5,2.259713361198837,2.259713361198837,3.0267694522131725,14313.86373949194,1.231250314418049,0.5780001032441877,0.35547929423012636,0.6718231184715832,1758.230306685678,0.9265569961659328,-0.2843188621199624,44.056013276106455,0.14666489859193219,0.6057231512904977,17.525036514426233,0.09141209233660222,0.019960624217333578,0.0031914943077871426,947.0620947749171,0.9616990292188676,478.1279061743629,0.9663558164136639,254.74620331022612,0.997511643968257,137.9489511339457,1.037950703763761,Source,Ball_Fault
0.003103799625613391,0.9283962322806967,0.9284014205531513,2.8865348143469927,-3.037046784509468,5.923581598856461,-0.043167273742108325,-0.1614178213560038,1765.230996859104,0.8619291976851093,3.8247891023541087,3.10914519349525,1.2301738466109855,0.07664408142096964,0.09311740890688258,3195.9934120967655,2248.981375660776,3703.125,9636.6315541615,5.0255902408961195e-05,0.00024528074847084044,0.0026156123277831338,3437.5,3.031576088396974,3.031576088396974,2.5840056055052454,12618.711233524748,1.1843308552951735,0.5667529570637454,0.1879617106756757,0.6877773585875444,1610.623859054123,0.8868127349053526,-0.2545161074362361,61.35393296129042,0.17304766139238495,3.0966322796864407,18.765131798042987,0.09523025110176161,-0.04121427615462503,0.0045652633703426,883.1352135357614,0.9286676393463145,448.0319162684724,0.9354351718508536,247.4207434748198,0.983081077623146,134.7671155149099,1.026092395280343,Source,Ball_Fault
-0.006640387233193956,0.982321923746767,0.9823443676309016,2.985162301020903,-2.9053487186683338,5.890511019689237,0.034505626349145835,-0.4160029376579133,1976.3209351498874,0.965000456616156,3.7470804814770107,3.038814492539061,1.2330731246270195,0.02298466728638415,0.06707317073170732,3041.543193670166,1932.3933854137315,3578.125,8535.59884567099,5.8734045687007756e-05,0.0002749871566157997,0.0027318991564580153,3312.5,4.864616295207275,4.864616295207275,5.322715401761962,20374.10291694474,1.2514269270057814,0.6032307631500575,-0.5916314895776988,0.2149952917507115,1786.615269953926,0.9340067535308775,-0.5190234092683923,62.1007300398496,0.1740587085989215,-0.3604569318732458,11.28657839320471,0.07419049146164926,0.03774642098032377,0.004564333118426815,988.1225418971894,0.9823007605943037,491.18199721253785,0.9794326670868817,228.9557844016106,0.9456882998709052,112.90189684449614,0.939173077285335,Source,Ball_Fault
-0.0034617628067475934,0.9924198323280949,0.9924258699771253,3.2415947222137977,-3.0485267961158917,6.2901215183296895,0.08072056804589696,-0.2967516384568709,2017.0938519549013,0.9849091073998542,4.051178958669588,3.266334363380223,1.2402829924849321,0.051092839582379534,0.06300813008130081,3102.7735280618585,2119.2262546418606,3625.0,9192.43026448321,5.894016618580271e-05,0.00029689443857288343,0.00316933057770302,3375.0,1.5048911338440008,1.5048911338440008,0.8916490085161806,22735.23164503984,1.2586149748929834,0.6210429714018795,-0.3363834556472134,0.32762861808084454,1812.91029824047,0.940855573782863,-0.40642984611472466,67.69382286333094,0.18179663614583075,-0.27404481994410634,14.573522082332023,0.084178673743705,0.7428827566789971,0.004167555050377153,1008.8144689300534,0.9925497811100522,502.99137072339363,0.9911532800360079,252.1946644466034,0.9925326309722865,117.29748324456156,0.9572640688447656,Source,Ball_Fault
-0.003107960050641961,1.0501432438152214,1.0501478428994806,3.2415947222137977,-3.158522103116583,6.400116825330381,0.0755135652080422,-0.3650671063460784,2258.555887506293,1.102810491946432,3.786862521662461,3.0867984390309133,1.2267929365842654,0.05167352545671242,0.10365853658536586,2698.569885030695,1194.4601352090388,3437.5,9204.305646948616,7.333188930724896e-05,0.0004024094277097917,0.004739740414023472,3375.0,1.710515613439574,1.710515613439574,1.40376821580052,19659.58637274137,1.344223748574185,0.6314062385592827,-0.2793842571659062,0.36993536823426393,2038.7976907837285,0.9977507017739797,-0.49149924991627536,74.28101093052516,0.1904448286360932,0.029868961561849705,9.711727186697484,0.06885289204162622,-0.05432402297353578,0.002881627824695491,1129.2256135955981,1.0501188748783497,568.1621958201833,1.0534137933907957,290.03003752776556,1.0643799948572876,105.20362530873746,0.9065743268649467,Source,Ball_Fault
0.003950704046840744,2.1907077737996574,2.190711336130051,15.673373244099531,-12.920409229039915,28.59378247313945,0.510977981918172,8.069150057732166,9828.794692093368,4.799216158248715,11.275575462131112,7.154467585760046,1.576018806007808,0.391711922730116,0.08519269776876269,2702.599440665208,1472.8173775088121,3375.0,15183.427411064975,0.0003342384466729972,0.0015635175156568208,0.015642967998674238,3312.5,4.345204521322802,4.345204521322802,10.004237528234338,16822.787694860985,2.1810557932018964,2.200320945910591,8.82710344774799,2.58011601271077,8810.216897737988,2.074087617543765,8.396676556706455,436.61263635360183,0.46070380690003376,2.5542777728544888,133.51704609505447,0.2547592466367588,2.4329527311275756,0.028092557393771506,4914.774883758856,2.1907914261912658,2462.9762709339734,2.1932798555122224,1287.418922601993,2.242441351883782,506.0958768253613,1.9881454107025478,Source,Ball_Fault
0.005587825562516238,2.162337417569085,2.1623446374742987,15.673373244099531,-12.920409229039915,28.59378247313945,0.5425365332835179,8.625068097183519,9575.903910325978,4.675734331213857,11.722696838273281,7.248323404361033,1.6172977093185708,0.4020566729797511,0.08924949290060852,2614.313848487554,1240.6346077081798,3359.375,15129.325089409249,0.00029786120623557795,0.001449267069891186,0.015110951068198274,3312.5,3.5943548513026298,3.5943548513026298,6.564054762801078,17109.801175342433,2.099297922886571,2.223597459853587,8.727798919319547,2.588220553421588,8601.529329632933,2.049366962546222,8.92994821704017,399.89238505479904,0.43970779153874007,3.341884728174689,128.18405705801715,0.25017928498249753,2.669322391539229,0.025893528774034703,4787.79257647361,2.1623016285958196,2398.57136034631,2.1644122845914997,1248.339792003248,2.208044770930256,489.6643504413789,1.955368422974453,Source,Ball_Fault
0.004607341756656605,0.6767199291863574,0.6767356131873444,2.6495820494701032,-2.7551864910066914,5.404768540476795,0.016521250047485347,0.6377092037331593,937.9247926395926,0.4579710901560511,4.98007024105084,3.9152395674743437,1.2719707581682929,0.14043580100662867,0.04819277108433735,2441.600089171939,1400.3409806834022,3406.25,7150.612121498833,2.7396498503444544e-05,9.23120624850519e-05,0.0008096104974565603,3312.5,4.324036364665399,4.324036364665399,4.089890173165213,16786.596816634574,0.8355056877634717,0.4667453231380528,2.4610417276510876,1.2362566427701338,698.9221279123789,0.5841753219615672,0.8943949025745193,97.40030977011568,0.21806047006914758,3.5984514208414,33.96889074653789,0.12845007468596195,0.6648545640983938,0.0036365865556624256,468.9350919654245,0.6767005118328208,237.0557574250275,0.6804259742743787,112.80808580100336,0.6637899875390837,49.47242966339789,0.6216787923421332,Source,Ball_Fault
-0.0021798448672767745,0.6445693437467874,0.6445730297040124,2.3768846307748346,-2.035549418341485,4.412434049116319,0.19135188806979872,0.1341441034236368,850.8915519934662,0.4154743906218097,4.601359424726832,3.687533485331055,1.247814953553903,0.10822087081929707,0.05,2616.687548198904,1670.1658230920823,3546.875,7477.121736012256,2.710285855594902e-05,0.0001033315936093664,0.0008911314643080183,375.0,4.197115210210818,4.197115210210818,8.54675329537047,20141.40108296635,0.8039864384176557,0.42959263008371146,0.8879911993494911,0.8347465123689749,586.4935386288381,0.5351390402628842,0.5107839780235386,104.22126401763025,0.2255380472979443,1.3591877168135076,62.666379974428224,0.1748890090417434,-0.7894355247146638,0.004576450938145098,425.485194905043,0.6445988849984519,210.26309642927095,0.6408311005311689,106.11162741338418,0.6437705589393271,51.45922177533055,0.6339526918190254,Source,Ball_Fault
0.00068683297612975,0.835446266155209,0.8354465484830357,3.3626833093315875,-3.4113247855342235,6.7740080948658115,0.05714259054312724,1.2963722385838485,1429.444475642301,0.6979709353722173,5.31656778160996,4.0250131087828285,1.3208821034666642,0.19013194374748824,0.06150341685649203,2849.631886517879,1852.9637250944681,3531.25,7668.328559785552,4.601429213902498e-05,0.00018906689429080956,0.0016741095837793283,3312.5,1.6536917521568193,1.6536917521568193,6.205781211870188,17863.379865581333,0.9900217518618595,0.6448242208756289,1.7623227810946505,1.2768849904757216,1155.3196566947324,0.751077428081797,1.845686249353994,93.6438986928425,0.21382341878960762,0.9320035933301685,67.73283415585772,0.18185088190150064,-0.679778156242802,0.006226115819317514,715.1672864305049,0.8357061134964037,356.7530013983659,0.8347342444352865,181.95115427300414,0.8430145001458245,90.054687607977,0.8386860445034068,Source,Ball_Fault
0.0011899723752290588,0.9232481656960322,0.9232489325720024,4.233275145592482,-4.078845095034167,8.312120240626648,0.02423469811194056,1.9267926206289188,1745.6918353824599,0.8523885914953417,6.115933942452404,4.585193652809706,1.3338441962434222,0.23924496580935598,0.06073752711496746,2662.116984305705,1529.9996015455424,3375.0,9155.28379439985,5.875061674691413e-05,0.00025331740776422676,0.0021983393518995244,3312.5,2.694319506989705,2.694319506989705,7.62348308809956,16390.860418606015,1.0847825290586333,0.7266516477118842,3.378984425081131,1.6204517146327497,1433.2726273998105,0.8365642718074591,2.7562250605077283,130.71395554942714,0.25207031712659694,0.595271421303178,52.29328722372284,0.15914155009028028,-0.36042548761262516,0.007021800449706912,872.7806139927428,0.9232134647077691,433.97208710069765,0.9206517268547121,226.75410854374678,0.941147009834262,131.84422362386186,1.0149054123790733,Source,Ball_Fault
0.00360554597202437,0.8717128096596214,0.8717202661900362,4.238780369329333,-4.707208010223766,8.9459883795531,0.004085338953174451,3.7425368342095613,1556.2674636522036,0.7598962224864275,6.746335010503301,4.862546545872403,1.3874078010070587,0.291550598987732,0.07661290322580645,2724.825581608278,1729.7546212001241,3421.875,7704.366964378489,4.404686789629491e-05,0.00019791235317757932,0.0021759729886133123,3312.5,4.391290393572424,4.391290393572424,1.0673034202569422,20061.892373540333,0.9863180141237142,0.7395648618779637,6.583185204924,2.1875018577106355,1285.0072147364317,0.7921129610109464,5.010702668938501,63.75096689563871,0.17634765775169456,0.6003236977811732,68.86988952370466,0.18264325092397762,-0.3895967988048299,0.004956506456349481,778.0209469540837,0.8716503868952042,389.5145153801031,0.8722168418007804,186.9504235184777,0.854556409639492,106.99330466394089,0.9142627187632556,Source,Ball_Fault
0.0007700795335929748,0.5198626087485848,0.519863179112901,1.4713445288068818,-1.5192100263668777,2.99055455517376,0.025015985243301796,-0.28561273514546537,553.4878207946184,0.2702577249973723,3.5191863273919597,2.8302533972834865,1.2434174024028095,0.04390621755754514,0.055928411633109625,2366.2690907763686,1805.888729114563,3390.625,6185.513551741457,1.6511797094576767e-05,6.287919481229574e-05,0.0005888577030850886,375.0,0.8236308830583745,0.8236308830583745,4.689795490273636,18805.79206155761,0.6613432970147206,0.32115399835261504,-0.4740811381598693,0.3191944016020148,314.48929275655223,0.39178052195428753,-0.3264076585057585,65.79610116574754,0.17859063109433707,0.07089640244950601,55.29550689473515,0.16317985608199673,-0.7880796609692782,0.00400744629345505,276.73355168941407,0.5198527230959541,139.79165847944793,0.5225221892605856,66.46856987449905,0.5095493831970194,37.20464995331375,0.5390059525400422,Source,Ball_Fault
0.002578230052728931,0.6265680783627569,0.6265733828478534,3.173796838399077,-3.3360502874672746,6.509847125866352,0.032268457710675054,2.499500904573905,804.0329299832886,0.3925942040934026,6.827842742848641,5.065323432626165,1.3479579011420957,0.23082454599901533,0.06224899598393573,2797.0333321169614,2337.988995290186,3562.5,7066.921597943202,2.764464801798741e-05,0.00010488562890699408,0.0008497099273470397,3187.5,2.5278954817229637,2.5278954817229637,3.4697513581567723,17256.75731347993,0.736446091126258,0.49277662075588313,5.579559297832315,1.8502933166045055,547.6501038551789,0.5169977950791138,4.674297484095025,85.72105758850968,0.20441471277336157,0.6102616949995188,44.64421982404089,0.1474709812925606,-0.5109287927021704,0.0019243202284236112,401.9605738570938,0.6265230146487456,203.13208930176202,0.6298643111420105,97.11438890177419,0.615914499632986,63.60521321363515,0.7048467535664904,Source,Ball_Fault
0.0005679262613702577,0.935376295093586,0.935376467505593,5.113618731213571,-5.1357191822812185,10.24933791349479,-0.13785044405654165,3.7387245214642837,1791.8548704527188,0.8749291359632416,7.55969220367009,5.466909751161764,1.3828090361403154,0.2971499486518882,0.05,2527.299893006675,1381.4104685852903,3437.5,9103.692558726409,5.67060124669373e-05,0.0002504034651929714,0.002441106268657186,3125.0,2.1915166136306468,2.1915166136306468,1.5515302041073589,16489.949078991285,1.0635002292985667,0.7866544414156159,6.718064729977389,2.1436942007995547,1348.8627470875515,0.8115560769124917,5.416928129181056,125.5311716575921,0.2475522044171137,0.18853739702867145,75.71453990954808,0.19226849994585885,-0.6130274537792144,0.004416294409268416,895.9250545754218,0.9353750282969727,453.31798113692344,0.9409496985634903,214.79540668991075,0.9159933518774354,122.59021753459844,0.978621011893117,Source,Ball_Fault
0.0021064211643796933,0.7154968703244325,0.7154999709672808,2.623116570250257,-3.379763904977276,6.002880475227533,-0.07848012432855128,0.8845552329807087,1048.45354691416,0.5119402084541796,4.760875193558291,3.6661309247910645,1.2986102491224087,0.1351202837550865,0.035164835164835165,2437.8159176845334,1645.880282892761,3390.625,7466.170153876871,3.441323580605919e-05,0.0001220977263079295,0.0010500307151148937,1375.0,5.748550960428888,5.748550960428888,4.048364867558927,17987.07793780755,0.8708626346133572,0.5152419233069283,1.53006615477514,1.0873904992308157,698.9024056368842,0.5841352321027589,1.3989146489286295,104.95725084517991,0.22637076069478249,0.17433613232545575,59.12373884510494,0.16987693759275432,-0.4578707328745404,0.0032554069602064644,524.024772259535,0.7153586730906379,257.2384796479355,0.7088116877327084,129.04081663980622,0.7099752322435494,76.4758986716972,0.7729064305968452,Source,Ball_Fault
-0.0024535652365180547,0.8560790365412595,0.8560825525542388,4.337029892461385,-3.1002651356126485,7.4372950280740335,0.1863933507928075,1.5711452645040112,1500.9327857413755,0.732877336787781,6.761699279043558,5.0661351285822445,1.334685930680222,0.16689259310688842,0.055045871559633024,2531.77788010686,1599.4520103820835,3468.75,8741.817363323229,4.741837467983847e-05,0.000167376122889316,0.001324679307219901,3250.0,4.197771099248275,4.197771099248275,6.171742624577797,24021.64873493353,1.0083630255165945,0.6700392890854181,2.8508611526881245,1.3318440129153615,1113.3753482529091,0.7373121459133298,1.5252672016152005,133.08237566275358,0.2549055935446597,1.848209566064444,55.45000200531672,0.16344222337727207,-0.5680146718497463,0.003016769250823459,750.4205006526034,0.8560525204226431,382.4866316905265,0.8643122688678218,189.3338345357213,0.8599770546455069,112.96212038248669,0.9394094612555569,Source,Ball_Fault
-0.2067116938707987,0.7994513934474572,0.8257434558432878,2.5493364478360347,-3.1434912426560326,5.692827690492067,0.03218687824288944,0.23713310916554553,1396.4334179696962,0.6818522548680157,3.916701601844177,3.087322617934081,1.2686402059481183,0.08869922677522311,0.09437751004016064,2710.4567374436842,1520.8100940341287,3828.125,9657.334054933797,4.1579551176368526e-05,0.0001775026394217995,0.001503684987439197,3375.0,5.392237274192962,5.392237274192962,3.455820605486027,12656.533127346625,1.0057871012732014,0.5562077768955194,0.4987676296776953,0.7562212319093463,1145.1318900411052,0.74775614042857,0.29982963423085174,62.752862199688764,0.1749977431630666,0.7679654486762852,18.635823277852925,0.09511060775787247,0.9565586484139441,0.042272810748989184,698.1552991658846,0.7994227913588555,355.59406885031325,0.8073862340574934,180.86393090907984,0.8129772383215739,83.12920241586679,0.7787497653124854,Source,Ball_Fault
-0.21291810893808205,0.8440099476722136,0.8704521312992586,3.3812837171997385,-4.105351596172127,7.486635313371866,0.04175786370495234,1.1265813523936838,1551.7427975852477,0.7576869128834217,5.031316666171395,3.884514260597823,1.2952241460936431,0.14949718684455582,0.08484848484848484,2671.734244807361,1343.4561313195254,3578.125,8231.857099827037,4.785441360237669e-05,0.00019891201719123073,0.0016547018979661211,3250.0,0.8050004286145178,0.8050004286145178,5.692489770928819,9202.505078384625,1.0359232099539062,0.6300022283457034,2.3569273289440353,1.2382477612997624,1291.0993473102826,0.7939896082796464,1.4293420759230022,65.59608276877293,0.17881224129827633,0.6788654814233794,20.541792101193632,0.10013806308008337,1.0699680389475272,0.045573960739851344,775.8585193749681,0.8440016478500131,399.4509693020271,0.8571995773059689,198.8573149098462,0.8564171511047373,89.34339797146646,0.8084706707843762,Source,Ball_Fault
-0.21783156141413743,0.7933072274939705,0.8226706183779091,3.3812837171997385,-4.105351596172127,7.486635313371866,0.02063207731746656,1.5269643496763141,1386.0596661090126,0.6767869463422913,5.372880392662661,4.110130642403084,1.3072286163442435,0.1787596526228634,0.0907258064516129,2844.070178332961,1759.3811942915518,3953.125,9619.266937950826,4.2679148204868946e-05,0.0001833933842651809,0.0015878575859697547,3250.0,8.986462526663837,8.986462526663837,10.557382128937519,18392.22754442963,0.964953710481065,0.6123623215437817,3.0292595360410255,1.3732392895414676,1143.2149686813755,0.7471314983151829,1.8323791797674618,51.54641896673024,0.15864195485611446,1.1571638411370948,16.002604374668763,0.08836339635129642,0.60007968926445,0.04818829852340831,693.0020660192621,0.7932447324071761,347.84931772973476,0.7948563272547432,170.54173507636972,0.7860299678717616,88.49806119879199,0.7985747642975262,Source,Ball_Fault
0.002612310937946152,1.1119427787239475,1.1119458472986758,3.5027558089910955,-3.9536741410409237,7.456429950032019,-0.10471507869073113,0.7916626172315735,2532.195465881129,1.23642356732477,4.188047425937934,3.1501136656075235,1.3294908916025532,0.13532234350939848,0.10588235294117647,2973.115168960591,1594.7268189243302,4000.0,9758.526079417088,6.910437736959173e-05,0.00040298702698109926,0.004832776469226892,3375.0,4.44406520821871,4.44406520821871,6.703104777019127,24403.034061080103,1.314935055668145,0.8624303395880601,0.004870177749906723,0.915736470053163,2323.6502457327542,1.0651707123702459,0.8753168949830865,75.80694943150851,0.19238351464687836,0.6489254548739902,25.942279681305358,0.11245761678245372,0.8834535949540001,0.005131858353993261,1266.2519880021955,1.112010830820533,641.8902005286443,1.11968222232406,301.6201007851665,1.0854133141278801,142.09077249512615,1.0535717933373172,Source,Ball_Fault
0.0007290787162264065,0.9180187808321619,0.918019070344589,3.4135067493350366,-3.537694145949971,6.951200895285007,-0.10144660322374972,0.9492201017901669,1725.9704596814713,0.8427590135163434,4.877854428695044,3.7183396942437565,1.311836687822335,0.17488478710390587,0.10583153347732183,2992.446054055693,1753.3663398620479,4265.625,9849.162929985985,5.557673677693325e-05,0.00028337266967815456,0.003104307924187971,3375.0,0.4116912736588174,0.4116912736588174,3.8552493885605386,27001.062586724485,1.1008752423836439,0.6881796136950316,1.0315876902859458,1.13960238622396,1527.322301573859,0.8635744366098755,1.1214224662821923,76.07777313272811,0.19269919086289863,0.19633966086516885,20.891717997395155,0.10090069223798716,0.08578910785552152,0.0039312347079433424,862.7580374088041,0.917897825175262,444.22427984832734,0.9314640461126033,217.2067419099168,0.9211154009088938,105.7489011466885,0.9089179651021273,Source,Ball_Fault
-0.00645390259951325,0.9940441109074346,0.9940650618991276,4.6954780296667735,-4.394344723929791,9.089822753596565,-0.07045497868253418,1.8461011136291878,2023.7626312468815,0.9881653472885163,6.289496545995747,4.723511779698023,1.3315297683872482,0.23967287190486106,0.094,3176.4349365869293,2119.353820865098,4406.25,10645.487777180437,5.634550531241953e-05,0.0002925886804382397,0.0035644873988458178,3375.0,14.343617161504275,14.343617161504275,13.588899587092287,27717.973432861534,1.1728569991130549,0.775045378936653,3.2006672934212013,1.6040897261477849,1836.6283387537337,0.9469831312718514,2.0697662685266014,70.00931517966393,0.1848890955082973,-0.20044526706176136,20.731766777904767,0.10041604717504289,0.5549767822174854,0.004490517654644307,1011.0247245837696,0.9936257907847645,505.74214447142697,0.9938593814865242,254.75567117260118,0.9975426947496828,125.73263697459392,0.991099056424066,Source,Ball_Fault
-0.0014079146023711474,1.1177899541216136,1.1177908407921076,3.359204161592814,-4.175182682548536,7.53438684414135,-0.08986484288582326,-0.23126031345991382,2558.886632977872,1.2494563637587266,3.7069161137617583,3.0052171112910164,1.2334936134345706,0.059542790422842815,0.08793456032719836,3225.6902197783675,2325.350423830132,4390.625,11804.131517519701,7.204286392584323e-05,0.00035499145377292454,0.003637438433443769,3312.5,8.10816039237763,8.10816039237763,5.689952715983284,50430.22661281804,1.4284377028953055,0.6771085757798718,0.23664458206265282,0.5251172614341225,2172.615358587219,1.0299497049979092,-0.39008774149520153,158.41464718214203,0.2781189775799514,1.706083300667018,37.415371980539724,0.13369361525686613,-0.2656816515491336,0.006853503449487164,1281.3992103690966,1.1186429692331286,630.9009596523432,1.1100542395639292,304.3098631905788,1.090258866203436,168.452140895164,1.1471611446288033,Source,Ball_Fault
0.007721801363580811,1.0524037429857214,1.052432071188756,3.359204161592814,-3.6305549331428995,6.989759094735714,-0.05816799587179605,-0.19530945125408428,2268.3919656277094,1.107613264466655,3.9589667985193637,3.191848912204361,1.2403365282679417,0.050439629048551045,0.1,2976.488522072336,2021.2605173710758,4125.0,11616.467088653644,7.136426186586117e-05,0.00034499419156454493,0.0035932322041727287,3375.0,11.654356273951917,11.654356273951917,13.565785855598282,46941.92226579289,1.334269864942026,0.6594624419674162,-0.012478577402952773,0.5049143227129457,1915.8352858905507,0.9671831788322363,-0.3903016224270939,131.28715158213933,0.2527982506622879,0.5614079007995718,35.637053041539815,0.1316031433967326,0.27342367522912925,0.007715561596740661,1134.1941534284786,1.0524053571523004,561.0713602848432,1.046807415848751,264.8028783144131,1.0170170351254935,147.86718014834207,1.0747802639328299,Source,Ball_Fault
0.0018153843549542689,0.944097950376563,0.9440996957554765,3.2452450491656295,-3.063381560760375,6.308626609926005,-0.04853388258738031,0.16378273508888075,1825.4320343563945,0.8913242355255833,4.34742876955804,3.4373965628373147,1.264744608335083,0.08780758464969156,0.06666666666666667,2810.5256734411937,1680.186720502544,3828.125,10708.959969659752,5.723103478080943e-05,0.00025725371543415846,0.0029807047565147777,3312.5,0.8405389388384749,0.8405389388384749,2.6062629798981947,58440.11253025433,1.1731422991940497,0.637481215035881,0.18155786460972667,0.6864856220677537,1469.311911488976,0.8470031614634019,0.07324253286618942,130.61546869735335,0.2522594914346066,0.5713205738543157,43.465448683857005,0.14527069663288902,-0.24476327584359048,0.008940276306658203,912.699575393013,0.9440897188155594,468.1649541677959,0.9562337902773328,221.85190405373584,0.9308646325002526,123.13408111556521,0.9805097734301385,Source,Ball_Fault
0.0042215581377890886,0.9755756547817149,0.9755847886041903,3.5021955045700786,-3.594393675632066,7.096589180202145,0.14712071142977098,0.08552737979616243,1949.2161121400475,0.9517656797558826,4.4737472360145825,3.5898422622812878,1.2462239032117213,0.09897023008099946,0.060362173038229376,2860.0289423020386,2114.6027389081614,3937.5,10219.611658728241,6.0598150815403465e-05,0.00025374013514782134,0.002371918979505929,3375.0,1.4843175868897975,1.4843175868897975,3.0258817844783663,30089.241948611383,1.2282652529854086,0.6283930671136085,1.0702220928014183,0.8130163778497478,1389.5520238820147,0.8236992457613908,0.1643576747351192,203.9439459913566,0.31555986165051364,-0.22021611289934606,50.79759188650982,0.15728037371830927,-0.09498944732449077,0.010171750925277896,974.4254496704914,0.9754859013986915,487.50706062384177,0.9757835368585608,244.83001513727015,0.9778840093625839,126.38963191447637,0.9936893481248824,Source,Ball_Fault
0.0036229874202621253,1.0638913520247726,1.0638975208876775,3.5021955045700786,-3.8147365560598416,7.31693206062992,0.05824197275050948,0.3412150082836347,2318.086010779538,1.1318779349509462,4.181146933285244,3.2918541831434793,1.2701494965042937,0.113627270934299,0.07042253521126761,2875.61296178375,1986.9096163150352,3703.125,10522.582560256504,7.401871065214802e-05,0.00032133106123046504,0.0029650431809174617,3312.5,0.6594043630501236,0.6594043630501236,1.8114719479931638,37537.72977311687,1.31258117982954,0.7354408666862888,0.5773740955657947,0.8705250697898256,1819.087808657513,0.9424537173306768,0.41786241558354886,167.24894501357352,0.2856937214437593,-0.4450331765498219,44.09714380091175,0.14654792172000325,-0.22843217509040148,0.01246445607244187,1159.0941951107552,1.0639135998329305,584.1364474928648,1.06811428699328,274.2308599456196,1.0349177478485536,133.06581036597166,1.0195962194157095,Source,Ball_Fault
0.0012995445416879308,1.010514474421363,1.0105153100429005,3.1087294915442376,-3.8147365560598416,6.923466047604079,0.0020016113617859275,0.2439576578713094,2091.297160870092,1.0211411918310995,3.889100167518507,3.0763803978509334,1.264180518844586,0.09865956816732889,0.07429718875502007,2673.663495781605,1493.1607037231859,3578.125,10962.007195000035,6.049645116960494e-05,0.00024460239078251725,0.0022776638158132066,3250.0,4.675949095760541,4.675949095760541,2.4857540024210265,43989.334047228345,1.2536163039934967,0.6860953669444433,0.5529317253685488,0.8481637849470688,1634.207684716974,0.8932708553959592,0.41405608721603926,158.28368869817473,0.27795420116322533,-0.29638005994658023,32.295284755704124,0.1255750898411141,0.10768861335643454,0.011694580781161857,1045.5119786954294,1.0104485517520956,525.3371420125667,1.0129403857390562,248.85738945647765,0.9859183764673874,116.34410283205054,0.9532733097141233,Source,Ball_Fault
-0.026467795264077963,1.0507529745162547,1.0510862750701762,3.7005225430514774,-3.624840477161312,7.325363020212789,0.04460029970479482,0.4973092741799898,2262.5942684485594,1.1047823576408982,4.674659994410837,3.5206648881457525,1.3277776053468315,0.09116570371824814,0.05416666666666667,2982.402832964778,1036.640488143117,3375.0,7073.302817612518,7.115378527481006e-05,0.0003873350604839347,0.004329143978759779,2812.5,3.055375269909363,3.055375269909363,5.889828474658312,270.8254555586044,1.2429293286365155,0.8148563384791225,-0.3657654541991824,0.6186088097584072,2228.243258553826,1.0430693502259218,0.4656438901439901,3.745741082741169,0.04272967651012321,13.397701272726835,1.7214684116133596,0.028851613254703666,5.333762148653024,0.0010551491577064295,1131.3079171304585,1.0507593052047028,569.9508674353572,1.054743537351496,286.0302016758208,1.0565892072494782,155.60226577071595,1.10224646817814,Source,Ball_Fault
-0.022584104790726423,0.931171897409332,0.931445728056173,3.494269097515927,-3.3295463563094265,6.823815453825354,0.07994455806367763,0.9749655862392501,1776.826663555265,0.8675911443140942,5.013007558693777,3.7514468017455944,1.336286457897034,0.16124852207467183,0.05309734513274337,3325.8919881820984,2083.542955938136,3703.125,6776.856528501069,4.8684892790322686e-05,0.00021865778929333333,0.0017794833304475126,2562.5,9.292208471869047,9.292208471869047,5.6010811406299,662.5632837560709,1.0953094355153201,0.7314159399785177,0.5357175208645981,0.969031578622925,1743.2300000182472,0.9225774194769712,0.9149006625162692,4.97921180496654,0.04930776531174013,2.474657742041283,1.0615146242056053,0.02274781214146151,1.3680179048291334,0.0009390670253467212,889.3969517373471,0.931698535065092,441.0361525830937,0.9278681528346703,220.59058019968538,0.9279039703275442,89.77432815259172,0.8371516080400302,Source,Ball_Fault
-0.02046945214395901,0.927968900535675,0.9281946341325527,3.494269097515927,-3.3295463563094265,6.823815453825354,0.05808320787605115,0.3965085130560797,1764.444731048885,0.8615452788324633,4.856691854652081,3.7645866168807447,1.290099644108131,0.10403921480489309,0.06722689075630252,3106.9761211774658,1463.4231848223706,3515.625,6447.698399103803,5.920958222569414e-05,0.0002900130864451497,0.002543415280675581,2562.5,1.1226131687281042,1.1226131687281042,5.327843649392521,200.13347596207385,1.128878977975178,0.6695549134631893,0.42411009613637773,0.7190448884496892,1732.9499330727238,0.9198461059527917,0.2941883846533666,6.250763678512983,0.05523915932818374,1.4267996174424153,1.452582915214624,0.02660563953582072,0.4709669719677043,0.0007427976252550886,882.0127865965093,0.9278624306900712,435.4338018295088,0.9219888842327463,213.49707071622885,0.9127102536202537,92.81674734341283,0.8507461379861453,Source,Ball_Fault
-0.013911112897640902,0.9748361041196374,0.9749353562966129,3.0300855069992654,-3.2053135512594104,6.235399058258675,0.015841979083699734,0.3223939878363482,1946.6218474643529,0.9504989489572035,4.096942006326538,3.107986070491218,1.3181983166607356,0.07152217357554716,0.051391862955032126,3245.6683945612563,1565.7326202920249,3562.5,7639.300405000977,6.396210950295737e-05,0.0002520900260503687,0.0014362955986010136,3187.5,4.6434058600611055,4.6434058600611055,1.534506130419825,257.50226186756004,1.1617188673635659,0.742437602266072,-0.5943243764898813,0.5183980863756427,1910.3238717495215,0.9657868576711159,0.2528471714667755,4.908843241029121,0.04881879844753892,1.163891694575037,1.0908670378381282,0.023071677408536845,1.9420573979790765,0.00031359327570108,973.0568015660892,0.9747053185851708,481.35537066470306,0.9695032846653531,240.17766084486226,0.9685914046191043,123.4218065525626,0.9819355708274304,Source,Ball_Fault
-0.010407046658137211,1.004385307707298,1.004439223128223,3.3336907609079054,-3.2677518118781057,6.601442572786011,0.04143371877006682,0.366058234387868,2066.2234172588614,1.0088981529584284,4.362064625928217,3.3189571694795696,1.3142877124299293,0.08909279727212153,0.05106382978723405,3259.341717878776,1697.4535112353499,3562.5,6106.382265043098,6.429808688102231e-05,0.0002694431615388405,0.002108203490371177,2812.5,4.467214718166706,4.467214718166706,2.109849465115077,327.2764490630925,1.1996155747767931,0.7606644266240379,-0.41489340920255735,0.5688773545081344,2040.5315288401382,0.9981420440655909,0.2911912155461449,5.053148031084933,0.04952628950091463,0.9883811474815647,1.9181028133070357,0.030582481742608306,2.610274092498117,0.00035090871958085685,1033.5003317617345,1.0045774785163406,512.0140947263732,0.9999708208307023,255.91309478353185,0.999657357579561,135.7650644029606,1.0297354364728493,Source,Ball_Fault
-0.004624685074869064,1.097222411999397,1.0972321582535831,4.225759606978534,-4.102492235570703,8.328251842549237,0.06790734994982858,0.6686640432461322,2465.6249018487115,1.2039184091058162,5.052672218579972,3.8512903355881334,1.311942694086286,0.13083154482259135,0.04838709677419355,3242.3184557257164,1740.9399079092536,3625.0,8780.793063163339,7.077537078829856e-05,0.0002939910675284396,0.0021929154544971115,3187.5,5.396872355222209,5.396872355222209,7.234865228019268,1335.9838926088398,1.3121844340389317,0.8282435188552997,0.4712877176347243,0.8339577406185074,2431.353248745455,1.0895795965862471,0.5458628607521105,8.691362319327665,0.06498987461201257,17.66043921343156,1.86678962082853,0.030137365119179627,3.1694445837135543,0.00040040190555017233,1231.6181529715568,1.0966893190890512,602.5865014464065,1.0848450012563469,301.60440974259814,1.085244725531308,170.44527231128228,1.1539065416191616,Source,Ball_Fault
-0.013664619873474892,0.9780951217147906,0.9781905688354176,2.9309896509882725,-2.7991900768091327,5.730179727797405,0.03833722425945747,-0.05324171331698757,1959.6427037871263,0.9568567889585577,3.8020906120776283,2.996338080091853,1.2689124225798563,0.04202718440103913,0.05508474576271186,3090.8702473388826,1086.090319695264,3531.25,8352.728753012196,5.970973368651167e-05,0.0002727667526670772,0.002320664209478136,2875.0,2.237223263221121,2.237223263221121,2.605124027288648,316.33624127582016,1.210108666555144,0.6701968896378885,-0.5939488639170469,0.4219176891878336,1924.5879118778919,0.9693958264332664,-0.15889122430029046,6.526968930600152,0.05639262698031297,1.0927939405432294,1.3559796410750473,0.02572244656737182,0.7428047457511604,0.0004216264015770684,979.7503201604516,0.9780599139718043,493.00580718370554,0.9811859739384762,245.06940323162704,0.9784152152330181,124.83369205457709,0.987505556333348,Source,Ball_Fault
-0.010473676055759927,0.9000040846962793,0.9000650256287646,2.9309896509882725,-2.949144302385898,5.8801339533741706,0.028742152935747316,0.19823023389463712,1659.1197191375024,0.8101170503601086,4.168562325670396,3.256419889152732,1.2801059038964993,0.08575530371047,0.05,3083.4462811838785,1185.031023163781,3515.625,6933.538329904502,4.274933222490712e-05,0.00018667229679747416,0.001433464038298347,2812.5,2.841318950720185,2.841318950720185,2.928188660782703,292.3878057837456,1.1035125264940282,0.6343378442240772,-0.27967763823910863,0.6512152427113812,1634.5346648739712,0.8933533604772806,0.09368751471978909,5.399463901626246,0.051194671108932784,2.1193957980215066,1.1515867105396944,0.023684094902047488,1.3887545970611583,0.00023408656247748358,829.671139527064,0.9000635444536284,417.3837266074188,0.9028242992485696,208.6071871953818,0.9026420876029418,111.95800890911072,0.9350133071447985,Source,Ball_Fault
-0.006406255678747366,0.8556694098935729,0.8556933908471168,3.7556440971626692,-3.8715208862796975,7.627164983442366,0.033099578708812735,1.431648686452153,1499.5684948775663,0.7322111791394367,5.802964170075793,4.389006783661923,1.3221588519018301,0.2034285667209876,0.07039337474120083,3139.623100882194,1335.2236615573954,3515.625,6584.248294434317,4.564833496884716e-05,0.00021614130332452217,0.0017019226218907006,2875.0,3.8914607496992817,3.8914607496992817,3.1411236180101856,282.0993655228572,1.0154079698740537,0.6582765059355521,2.4320916072266456,1.3557246690424225,1475.703030191395,0.8488366403849967,1.2903317752452743,4.150740471438433,0.044942496761540524,1.4584176056767193,0.7882481478840753,0.019617668666384938,0.2256559302154626,0.00017091975839177148,749.7688280524991,0.8556615075118047,377.76514315146494,0.8589455106589207,189.8735753201792,0.8611963861057197,80.33195902987404,0.7921849060766621,Source,Ball_Fault
0.0027973158285463334,1.0677880649951859,1.0677917290942125,4.671995597972317,-4.542928580308741,9.21492417828106,0.04430491324300401,1.1387852166512866,2335.0869539266723,1.140179176722008,5.766387250241034,4.375380957422738,1.3179166125999804,0.16624102800843835,0.08174386920980926,3033.5385294739585,1064.3077221245867,3453.125,7501.279555450823,6.863868474055979e-05,0.000365604708668331,0.004413095383301152,2875.0,10.061555530907402,10.061555530907402,6.1243870495699015,747.1440188872264,1.2740759584766783,0.8106053146247026,1.9141474546509212,1.1746048772230608,2304.5769140484595,1.060792787901274,1.0223633826997878,6.683644906336484,0.057092362213444846,0.531145111708045,1.5364639930532418,0.027389222056029294,1.0863197860749008,0.00037818689310893005,1167.5720676937226,1.0678009630943026,578.0577799596804,1.0625493319293322,287.3288925192614,1.0594225004701727,140.36375922872395,1.0471811341739972,Source,Ball_Fault
-0.004472290535362725,0.921364496695109,0.921375350849405,2.9591016973375854,-2.9553085648581265,5.914410262195712,0.02060571628506188,0.19701563689380963,1738.613836089066,0.8489325371528642,4.129008885388065,3.211613697511687,1.2856492948037814,0.09487911580975514,0.058467741935483875,3054.6091134561993,1067.7958354712946,3578.125,6960.9256878673,5.230444534812035e-05,0.0002579358326243355,0.0029360965492215385,2875.0,4.332945750441262,4.332945750441262,4.467915535420758,298.5999579159234,1.1263140907188198,0.6551806177640978,-0.11822473439598413,0.5863750341752704,1712.954693643403,0.9145415634396367,0.10289760902548961,7.2407064661520835,0.059459959463019574,1.3367508776270602,1.4068916956432815,0.026080383753407262,1.6874309670874128,0.0003714693747105415,869.2328261343571,0.9213252732341496,432.28829151100376,0.9188558746518914,216.26275429030375,0.9190770653504343,84.15877265239183,0.8108162144240121,Source,Ball_Fault
0.0003662652444657152,1.1589603143785931,1.1589603722538389,3.990175027070208,-4.009889582015772,8.00006460908598,0.06280865939926732,0.5961079891941274,2750.8513678433414,1.3431891444547566,4.66201653968042,3.442891683440811,1.3540991028277778,0.07577819817981797,0.08958333333333333,2973.5460158919577,848.3322418915524,3453.125,6944.43911622441,9.720348456477171e-05,0.0006279876730278185,0.007702587995191766,2875.0,9.634222820898094,9.634222820898094,8.12866046321962,448.1971158533359,1.3457951501746201,0.9355284967020582,-0.5470850985529805,0.595929100695519,2727.120172969601,1.1539342936997048,0.5260510039012969,6.87180599482088,0.05778765057555033,1.2661672338631043,1.372551110103585,0.025885950478035873,0.8437697314267822,0.00033430604449687,1375.427172353338,1.1589609351093983,684.5893222498751,1.1563253454081421,343.1634182288258,1.1576601182085409,138.38432803681718,1.039694598865769,Source,Ball_Fault
-0.00024049530307365783,0.9666703788707821,0.9666704087868688,5.119202698806091,-3.642055260403052,8.761257959209143,0.20935276149373325,2.838183540990115,1913.7570390511046,0.9344516792241722,7.457892682987209,5.295706429278701,1.408290429725163,0.2707980223045956,0.064,2781.0661698240083,1741.8838265395816,3734.375,12395.15519090514,5.94194673679133e-05,0.00018001154568269821,0.0014554569863248128,3562.5,6.946179351128878,6.946179351128878,6.164886144897096,7390.909342719014,1.0839569183070514,0.8330309956314932,3.1670218008393967,1.6360244160647537,1530.1121468438364,0.8643441850374186,2.645542235063652,123.45692828473638,0.24541933541273736,1.161673367179814,22.58425758915908,0.10441804797418125,0.4873964435725866,0.00490286764755646,957.0710858119585,0.9667675502528315,474.5890546269027,0.9627725902240116,242.47665112899668,0.9726492065101668,144.74658598061524,1.062899575505769,Source,Inner_Race_Fault
-0.0018002270333972485,0.9755799158639126,0.9755815768322045,4.752827436552648,-3.5520613169549837,8.304888753507631,0.1882651287183391,2.3322840090339048,1949.2032779354329,0.9517594130544106,6.781097423586535,4.871788837982652,1.3919111950661853,0.2517287646353024,0.0651685393258427,2775.7150870768105,1566.200600353275,3765.625,12065.123128217409,5.705294980832752e-05,0.0001727790377279714,0.001390960184304777,3562.5,10.53598302702121,10.53598302702121,9.63138452071127,9856.59458705714,1.108554756037985,0.821353708888243,2.4075223899819536,1.4913079475012678,1566.7556850504561,0.8746124977504186,2.1632936353906675,109.40719406157267,0.23055795460285972,0.9112529904849791,23.397992175221038,0.10684532164391106,-0.12262845567496061,0.003654645691959298,974.573909372165,0.9755663053634821,502.8435787596274,0.9910172383050057,253.55570734913294,0.9951904636250867,142.77002923148177,1.0561192649185431,Source,Inner_Race_Fault
0.00370805711215034,0.9995619039250522,0.9995687817583251,5.550290388702514,-4.053467671005518,9.603758059708031,0.1310821162487366,2.7761427923503854,2046.234110906004,0.9991377494658222,7.806825267879359,5.552684807681858,1.4059550538649361,0.26488940577539377,0.06791569086651054,2714.6670844169444,1300.9069059428912,3734.375,11614.479404907388,6.452099828099259e-05,0.00019609346940289404,0.001597855008244294,3562.5,0.6595699896032639,0.6595699896032639,1.4455961582426584,9218.57954369444,1.1233407650950273,0.8581184484126836,3.0108575408987317,1.621539113782778,1656.4759151637168,0.899344402304957,2.5849480522328383,115.29671503624103,0.2367747721084512,0.778801911245615,21.479216319615063,0.10229015204703562,0.00769466528524676,0.0044314377323018735,1023.1119291306323,0.9995591878320926,529.876703945589,1.0173005545317666,290.7416547051672,1.0653544879727794,152.76862123952213,1.0913986576149814,Source,Inner_Race_Fault
-0.0024070338102293214,0.9850323295943034,0.9850352705145863,5.2528778716403055,-3.942460729868287,9.195338601508592,0.11584585507085764,3.003657415448372,1987.16310355506,0.9702944841577441,7.571304077824974,5.332679985048841,1.41979344326915,0.2706638205508771,0.05542725173210161,2855.543289123723,1710.3054592376147,3765.625,11098.271843193608,6.014401356560272e-05,0.00017844808639604767,0.001100066347732779,2750.0,3.9383808177721016,3.9383808177721016,3.584847859961545,5667.419849144588,1.0965373864225065,0.8591791854427876,2.979297981435523,1.6667391123597297,1588.2418974662783,0.8805988762211049,2.6787266344849607,126.58511461449437,0.24854665332391276,1.1615392927752053,24.84427038968372,0.11014069866214214,0.9050467403657065,0.004887043577535527,993.4712961604744,0.984977034417566,484.03618696086596,0.97230229174823,240.63551545167527,0.969475415138143,120.70300327047042,0.9708920380300258,Source,Inner_Race_Fault
0.0010665067738312643,0.9715972309371614,0.9715978162807174,4.522699964143974,-3.9059742152606094,8.428674179404583,0.15846528475870586,2.6833017344516916,1933.3167443997872,0.9440023166014586,6.615454877531214,4.654909560683142,1.421177960879727,0.27250014285920426,0.05687203791469195,3022.611945899965,2034.0319759577048,3843.75,11189.338123910778,6.382344357560939e-05,0.00019296026891730164,0.0012549456438350197,3562.5,3.078848068976791,3.078848068976791,3.5466823832435663,8101.045481655743,1.0792975904202893,0.8503646210973772,2.1501053985929506,1.534281567988009,1545.3798590188526,0.8686611576131092,2.4307877161119436,124.33746582078552,0.24619201642281452,1.9370277393680926,19.455315161873095,0.09746622786298963,-0.15380125484665141,0.004044663599675964,966.0435744230701,0.9712886125993294,487.54349440874375,0.9758243471600314,213.72560176619498,0.91367850513496,111.34093006566424,0.9320343999443806,Source,Inner_Race_Fault
-0.0038323686207995767,1.0210070101663025,1.0210142025740767,5.245132775955328,-4.245308782552194,9.490441558507523,0.12193755694058772,2.7163928410109417,2134.9785638051385,1.0424700018579778,7.341443661428865,5.137179054641782,1.4290807432136095,0.26782600498383935,0.06398104265402843,2843.248905175622,1605.3854898500415,3796.875,11484.777065367924,6.705207735477349e-05,0.0002113312202227509,0.0018270061948580656,3625.0,6.9858124287492185,6.9858124287492185,6.938531217209697,6484.452790054533,1.1290453381555925,0.9001010682828531,2.0785611836994473,1.5020625417782072,1727.588773708591,0.918449268087556,2.548196791766271,147.44867583835793,0.2681814138443844,7.2415034410166985,24.459215622193454,0.10912528797893645,1.2935249928605597,0.004322229537737417,1067.869771176995,1.0211886191116026,536.7713033589399,1.0239001509410934,255.0918431392653,0.9982147748155967,131.80267755545432,1.01448678347321,Source,Inner_Race_Fault
0.002278941587264437,0.9907409580155724,0.9907435790679505,4.402469870144062,-4.419423870905734,8.821893741049795,-0.024240582265873653,2.206096506313858,2010.2611752230346,0.9815728394643723,6.138434543105536,4.443601718101185,1.381409706027519,0.25149995617644577,0.058333333333333334,2690.8482564738306,1469.3085788616377,3734.375,13120.19895471641,5.7950494397422035e-05,0.0001786201701091835,0.0013287999434493133,2875.0,4.731290516848916,4.731290516848916,5.370788539208832,7648.3862765717895,1.1287349513234055,0.8301191988168587,1.9789960168661507,1.4729709636658572,1638.4170177680535,0.8944228309684394,2.016566221997812,121.86789522578445,0.24373353017054084,0.251626049235151,24.906307947428026,0.10973336250924091,0.5603074835254147,0.0032242454263578047,1005.1493084796072,0.9907504177342386,492.4835928281569,0.9807541436521989,278.5617914165606,1.043125438402614,138.8005351088093,1.0412864469052996,Source,Inner_Race_Fault
-0.00036139544201527316,0.9738128670030125,0.9738129340624371,4.476268333539247,-4.419423870905734,8.89569220444498,0.023091628604979007,2.764937518948013,1942.142219360855,0.9483116305472925,6.438359157295837,4.596640871122632,1.4006661250704593,0.29249690593882477,0.058823529411764705,2658.813465189169,1447.0256612119874,3703.125,12109.304998897123,6.0454751536091084e-05,0.0001877637486991167,0.0013673654482493024,2875.0,0.8443019077655691,0.8443019077655691,0.3013318377180874,5794.233638250749,1.0923983884307735,0.8386232062311652,2.7204762962983473,1.6369214071301121,1579.860272561441,0.8783029321078414,2.6534705956195026,117.81934717404883,0.23983546184162124,0.47013924242570715,16.72051070710572,0.09032876084144448,1.0944152414175923,0.0018026377679086093,971.0118814021512,0.9737831279549238,476.7673261343866,0.9649795363449395,231.31979233843464,0.9505747165694847,121.55131189526593,0.97435675479337,Source,Inner_Race_Fault
-0.003240730820355078,0.9548130691089372,0.9548185687749678,4.476268333539247,-4.0099592245548,8.486227558094047,0.017820012663288025,2.3045184121475204,1867.1175665202747,0.9116784992774779,6.45896673083649,4.688082615823338,1.3777416611721,0.2821015475749337,0.058823529411764705,2813.8880875114073,1804.515593765393,3750.0,12403.866559691258,6.15628116620468e-05,0.00018587700641080373,0.001372039212863545,2875.0,6.591642092958541,6.591642092958541,6.043324325023024,9777.453608530499,1.0854910715690078,0.8031535064087179,2.2196961334051846,1.505485171668564,1486.195663889639,0.851868296901331,2.3369681005560032,126.94186435804227,0.2489598171559973,0.2564574161613873,22.599089820072276,0.10501815663489528,0.5137769110495078,0.0027761350592001932,933.3312633222514,0.954697600554835,465.1108944362491,0.953107626275768,190.7234811255501,0.8631397664845327,100.699555773658,0.886927864477121,Source,Inner_Race_Fault
0.0014463828438381343,0.969260831789261,0.9692619109735723,4.329321171782972,-4.409908453174976,8.739229624957948,0.015880225116600408,2.222624955379316,1924.031799427361,0.9394686520641411,6.1173489037866045,4.466616425104746,1.3695711298162674,0.2505708203374888,0.0513347022587269,2784.6196434417743,1571.1125340494407,3750.0,12264.093041281652,5.741843490168653e-05,0.00019230408038162542,0.001918845858280938,3562.5,4.1608211691852794,4.1608211691852794,4.808033454694104,3035.6542444488164,1.1112163351953552,0.8025792445200081,2.373194344027538,1.497332562741019,1501.3574288764353,0.8562000233467137,2.2301711262316086,126.11606542563305,0.2480179413933881,0.8827333682616056,27.487067080874965,0.11585071252264303,0.0915042168230551,0.0036951683842906024,961.9240674136579,0.9692147907106329,485.23706944749415,0.9735132296427222,236.01071374802135,0.960158041352647,101.22025789381028,0.8892594682305379,Source,Inner_Race_Fault
0.000426328631228364,0.987128245746356,0.9871283378094158,4.329321171782972,-3.989651218086097,8.318972389869069,-0.05618858682714169,2.001118311286782,1995.6169836674665,0.9744223553063801,6.00471994841303,4.385773364981476,1.369135942216748,0.22760162382705804,0.057494866529774126,2813.4661242700904,1422.0978668817556,3734.375,11527.206872427254,6.222897050543684e-05,0.00021348418514762152,0.0016217200169565868,3687.5,1.6660918706795158,1.6660918706795158,2.4321313472297668,3177.827105621386,1.135831984278033,0.811621972809413,1.9863354394750639,1.429500323338452,1612.5005391994177,0.8873230799147979,2.043763082039657,125.04401872057504,0.24688756133170298,0.5506202779184517,25.472049800271108,0.11147447299353229,-0.19568839522340653,0.0034429993872897827,997.572520470001,0.9870115455127276,503.414884299376,0.9915806501229583,238.55635395231826,0.9648954741083289,112.59321721822339,0.9371481133459414,Source,Inner_Race_Fault
-0.003060173493908157,1.021542392704489,1.0215469762836291,4.6270232556987505,-4.045147030633189,8.67217028633194,-0.03275137328204171,2.2915253964467572,2137.2072442966537,1.0435582247542254,6.311298733294587,4.5294277826867875,1.3933986887745058,0.25119268966708164,0.059548254620123205,2797.825708596635,1490.458822494566,3718.75,11983.137161456372,6.705735288465457e-05,0.00024077371405206065,0.002093227420779896,3562.5,5.501575262164862,5.501575262164862,6.596400638771669,3147.3078045801863,1.1596741446251833,0.8615468346194725,2.0589459954886697,1.4787188267714801,1745.7501668783116,0.9232617325430965,2.314281120312754,129.28287330403788,0.25114334377556685,0.43675795437993514,26.63139525964941,0.11377097185860839,0.02554132708728485,0.003507553723542715,1068.6942530073898,1.0215860701739168,529.3180274003091,1.0167683850504277,259.29674579187395,1.0060300544860605,117.77770594354294,0.9579830921123379,Source,Inner_Race_Fault
0.061360070875288664,0.8410084741115889,0.8432439219023897,5.049730466269419,-7.218675563603976,12.268406029873395,-0.4156561454912775,11.883755053896945,1456.2515186182625,0.7110603118253235,9.352246631661243,5.9884575922907795,1.561712091557737,0.46422091208438376,0.03978779840848806,3732.7173331397503,2829.713181415445,5187.5,10832.451893480878,3.063324095391608e-05,9.895088894286953e-05,0.0007712928756394012,3250.0,2.954071380400067,2.954071380400067,3.7208277939345975,10066.306941716588,0.8513019996148012,0.8328498758636945,16.119105832307245,3.410107743780703,1260.887952144504,0.7846443629705757,10.369861980102055,40.308019081924634,0.14029124274648397,8.230544056886544,18.558808129438994,0.09513456663368178,0.06589616748265659,0.006334258828167796,734.8123941852944,0.8449713904959324,368.71573291723587,0.8465992601192733,199.10982158435223,0.8799717628012776,130.3035949742895,1.0089316450228079,Source,Inner_Race_Fault
0.0606505568281217,1.0685193723483961,1.0702392905922355,9.826251038146795,-10.432504739941951,20.258755778088748,-0.07202519051285605,27.469395122860334,2345.8040609328573,1.1454121391273717,17.13636913101502,9.18135890218464,1.866430591983235,0.6141812473779907,0.03309692671394799,3042.4557085677084,1716.0657609883385,3796.875,9592.379380824877,6.072496650608836e-05,0.00020251041397457853,0.0014231948843659475,2750.0,5.088499104825946,5.088499104825946,3.8520680824145375,7328.04788638093,0.898767864179173,1.2162902666458173,27.669881309691196,4.748382686801915,2055.901918721593,1.0019074842297453,28.605353306309237,51.964857230696076,0.15909168105669977,9.464152772358878,21.86516445553585,0.10322616181850754,2.7903553914260373,0.007511900157608092,1172.8690144769694,1.0685223470680432,555.9274572010652,1.0403023135557041,293.6379315010254,1.0700825476427729,113.1353129683136,0.9401249868776336,Source,Inner_Race_Fault
0.05972237276742322,1.0623499502542746,1.0640273392231194,9.826251038146795,-10.432504739941951,20.258755778088748,-0.018368194643795358,27.989127090449518,2318.651757801945,1.132154178614231,17.342804587158238,9.234961054028233,1.8779510260731869,0.6188528240750748,0.03649635036496351,2935.731607031596,1318.8312880788792,3781.25,10567.009454175242,4.752279541338538e-05,0.00015535766783975521,0.0009561910555578714,2750.0,3.9675737085392804,3.9675737085392804,4.9874868536265495,10238.853263378012,0.886775149912334,1.2142369695412532,27.946939945693817,4.751069025162183,2044.9329618611996,0.999228846606168,28.72849968936846,42.114292005302396,0.14331383775863668,12.940332146558758,17.85855240609655,0.09321047392785149,4.516977617962419,0.008640806894377805,1159.3699576157521,1.0623760242118379,550.6298739895544,1.035332067735569,287.51765287356756,1.0597360127169073,97.55472539776116,0.8729834888611347,Source,Inner_Race_Fault
0.0030485293366810367,1.0261110749519857,1.026115603463,8.174194318908224,-8.345631697026292,16.519826015934516,0.16733194460306405,21.878987726512975,2156.3662984606444,1.0529132316702365,13.952341954783673,7.966153415191656,1.751452831447635,0.598698254314034,0.030162412993039445,3155.466006075684,1698.2733539583999,3890.625,8669.62627082993,7.774664549167043e-05,0.0002723703788970048,0.0019631319762028533,3500.0,4.083148119266624,4.083148119266624,4.43311885177437,12154.53480166944,0.9190921139582031,1.122981196238292,24.203346839371502,4.5387785277344985,1938.9905969628921,0.9730122439207628,22.265990477500324,32.86506077707481,0.12660311469177304,4.6383422074789635,21.284721345544448,0.10192331224769176,0.6217597735593725,0.00839306461418253,1078.4156586294707,1.0262225518147974,516.3713198925758,1.0042569169361444,271.85891317016774,1.029834801554459,169.7449360648727,1.1512648830630476,Source,Inner_Race_Fault
0.0019335784795635248,1.0648383300201059,1.0648400855554532,10.215832747509731,-10.246009688838297,20.46184243634803,0.3191756255026424,31.558101209527443,2322.195267186165,1.1338844078057446,17.911501568134007,9.593771765439165,1.8669926704592694,0.6676442769898943,0.027989821882951654,3113.495675802217,1640.4670214009338,3828.125,7727.0503609592715,5.977422719655742e-05,0.0002031438930507387,0.0013752457643446553,3500.0,1.8295947164123982,1.8295947164123982,3.8333179632274055,13303.602622032142,0.8977988817231821,1.209017026663033,32.96493354945761,5.2642337295252455,2100.0060192475403,1.0126169647263468,32.96478911754796,31.679921356006254,0.12437295988614414,4.366998584603696,27.68872700842928,0.11613424415616,0.8775010380472952,0.0029304103963162464,1161.4229406110942,1.0649869599735873,589.8007352444321,1.073287938243249,303.31854077152394,1.0881711937211016,96.53600144973174,0.8677115488005334,Source,Inner_Race_Fault
0.0015482141451839903,1.0866979922232365,1.0866990950898288,10.215832747509731,-10.246009688838297,20.46184243634803,0.3193577834817322,29.03364449087325,2418.51376285502,1.1809149232690528,17.313945864480427,9.400792541071612,1.8417538509478462,0.6369764099729147,0.017811704834605598,2982.2793641640237,1285.1445804943519,3781.25,8183.014368085647,6.597751859531918e-05,0.00022354451772614535,0.0015448737158639115,3500.0,0.5338031772746898,0.5338031772746898,5.490447750440999,14039.895901802773,0.9284585631445834,1.2246600105727354,30.71234367021583,5.022604238789298,2180.6567674069343,1.0318784507426013,30.5140608998622,43.03785412314839,0.14496393203083408,2.1918644127964697,24.866836992133102,0.11016306817627898,1.6619681678038667,0.003914225383220324,1209.2584353406396,1.08669859170787,623.0029020252025,1.1030865357882915,312.4237107201816,1.1043642420298623,91.92603805574926,0.8470124511102711,Source,Inner_Race_Fault
-0.005260342090349462,1.0175034604037432,1.0175170579073844,7.264071911804797,-7.817893786526634,15.08196569833143,-0.15329829005521992,14.217610207531127,2120.378292495359,1.0353409631324995,11.59687995329597,7.139017331801804,1.6244364475256223,0.50258692133727,0.03546099290780142,3043.3335881083112,1645.5385612579987,3796.875,10586.822456628603,7.259808816670992e-05,0.0002528074176731103,0.0018255423580430133,3500.0,5.208326080175921,5.208326080175921,3.1842474725239645,16979.71141839625,0.9823787066180452,1.051468627025746,17.27813167863114,3.746211779973298,1886.2427595389056,0.959693458699108,15.144716159857289,55.9248583873647,0.1652402187444229,0.4095120508898731,21.41771301284275,0.10217095237197449,0.9160093155889579,0.00406314717351571,1060.1231552420732,1.017470515849931,532.6985439342095,1.0199964884291217,253.0426123036557,0.994203886947077,104.75234789097387,0.904441934765538,Source,Inner_Race_Fault
-0.006007180103077771,0.8316724805544347,0.8316941752377235,6.007647314182641,-5.950963146603174,11.958610460785815,-0.042253561082740344,7.64919124307076,1416.6327319026832,0.691715201124357,10.565351589183932,7.223385101218814,1.462659326774814,0.3811631334271969,0.047619047619047616,3707.46613423329,2754.4020190126803,4937.5,9211.367872295157,3.570087080164307e-05,0.0001208890477240713,0.0008259671405297694,3500.0,5.8211063068249205,5.8211063068249205,3.797433312896889,17866.044127641908,0.8907660953498334,0.7680683248573411,12.727738855848727,2.951156980201809,1227.1031160640214,0.7740601163237645,8.501055924665865,53.48107259201793,0.16146603930642242,0.6220298891612805,17.90247439737928,0.09309572710704873,-0.15256568500213596,0.002469288099949894,703.1823650475145,0.8286444084198021,366.2936832978242,0.8457788457366621,169.49230397322503,0.8136825254755164,67.07282674014706,0.7238640066764086,Source,Inner_Race_Fault
-0.0023809988621897437,1.1108465909072796,1.1108491426318454,8.4906041029896,-8.663042327553164,17.153646430542764,0.2138619656595501,16.93276934286625,2527.202954620736,1.2339858176859062,13.075892421792924,7.643345776793324,1.710755054611537,0.5886388903807137,0.01927710843373494,3415.3506686909873,2299.866323566024,4031.25,12448.895613449715,5.200135949798127e-05,0.0002111827201645416,0.0017103097841297712,3375.0,0.7839930084681536,0.7839930084681536,3.721546076452642,17553.171994547913,1.0174543332704897,1.1969762032670448,18.235944397588074,3.9661442484433036,2315.678866680949,1.0633443451222462,17.44250842792982,57.69195342207641,0.1678007967784697,2.972163125182246,18.43017263284262,0.09484727755846792,0.3315263271326554,0.002718597462082889,1262.6780731866318,1.1104420316286034,618.8055320601078,1.099365131902414,323.141951942241,1.1234693971175063,146.5466685362551,1.069990308507956,Source,Inner_Race_Fault
-0.002938732687062495,0.9232224937366492,0.9232271709016817,7.339230618832234,-6.862482191718459,14.201712810550692,-0.05857586078280226,15.202048381391343,1745.60954181862,0.8523484090911231,12.436293271395025,7.9495392360087065,1.5644042883721927,0.4999399211512186,0.04225352112676056,2967.195363391086,1717.272113823066,3718.75,8898.560394264508,6.572285461777903e-05,0.0002201329180132076,0.0016259880465558988,3437.5,5.017486168243314,5.017486168243314,5.940921984511591,5846.15688570141,0.92566535714359,0.9207778039997112,22.05516133160667,4.243397379782706,1463.4488412499832,0.8453223607566341,19.02885055291772,77.9100066214098,0.19497814452370182,-0.25199679116400375,19.10001230092641,0.09657180087840403,1.774864000400819,0.0026437952746467997,872.8614743909521,0.9232516412307654,432.73625313177985,0.9193328182839211,206.22645629362344,0.8975008365967273,137.94380975855415,1.0380445782477083,Source,Inner_Race_Fault
0.0007292649574490958,0.9191441896992867,0.9191444790049802,7.339230618832234,-6.862482191718459,14.201712810550692,-0.07121352375380006,15.381140291118609,1730.204822088369,0.8448265732853364,12.425146616925327,7.984849810311996,1.5560902098470193,0.494067401058171,0.050997782705099776,3034.2641334798,1830.9390970338306,3765.625,7801.680435208187,6.60140354306161e-05,0.00022607772377104907,0.001551006571414291,3500.0,3.808995985012329,3.808995985012329,2.5136339677281514,8265.334495846813,0.9279497103601276,0.9102537304502107,23.070968461548578,4.337348361099689,1468.8135819888862,0.8467977441516571,18.797292629905282,72.82869600563376,0.18849067482651974,-0.503265902113438,21.13305909697521,0.10140110474493971,1.0681239746122664,0.002035237558577205,864.8293550844782,0.9189988233838233,432.2694640015717,0.9188434977922452,203.92227293143057,0.8924961783868822,146.93866970324603,1.0712553355364434,Source,Inner_Race_Fault
0.0011974571193437513,0.9218275232569516,0.9218283010070791,7.443905346424063,-6.591978740280717,14.03588408670478,-0.15217546569814036,13.896601362543787,1740.323669069001,0.8497674165375981,12.475314682865122,8.075153841872444,1.5449011780031154,0.47424666008919203,0.044117647058823525,2857.3491968785875,1392.2315691548156,3718.75,8409.058937982929,6.414886612557395e-05,0.00021117067934673032,0.0013385050137339884,3437.5,4.174005021720208,4.174005021720208,4.141127402947709,7945.934838016894,0.942182006157402,0.9010141262185791,21.56908874440189,4.109656700715355,1468.1258336705123,0.8466530426799155,16.076717868051357,78.32799215342213,0.19554879343742837,0.04014055706284525,14.853394592132375,0.08481821502325533,0.40628831406778243,0.002728873259123076,870.2001001775993,0.9218476510500615,416.2532649654223,0.9016609555966594,196.37141808555674,0.875768759485469,127.99698665772074,0.9986248446488295,Source,Inner_Race_Fault
0.009245246026883376,0.9426698818821417,0.942715217221929,5.073705467390202,-4.639525194637381,9.713230662027582,0.4719397335034831,5.160117239512008,1820.0821366411033,0.8887119807817887,8.112012081933017,5.382012907717577,1.5072450068450665,0.3632409685788735,0.03836317135549872,3217.782835528242,2357.4276389559673,3609.375,8201.81221609194,5.35917630291066e-05,0.00021954539958381103,0.0017221253944354332,2875.0,1.9779748867186955,1.9779748867186955,1.7054749287066697,996.660227627784,0.9821635459182385,0.9014947737202479,5.190452607571242,2.0964651244696326,1678.8322880139003,0.9053924324527015,5.023967363858688,65.53593597012664,0.1788597280771525,0.8221405712079011,19.907547543998042,0.09751388428506894,6.047590956783578,0.0067809481103456625,910.4158186483855,0.9428701689130156,446.74128501351504,0.9340682896411956,223.25694812491258,0.9338466331029598,139.31324969550502,1.0432485244803182,Source,Inner_Race_Fault
0.008803703723693438,0.9018481560485643,0.9018911252293429,4.885102310701515,-3.903153388155894,8.788255698857409,0.3255675897104635,3.6525359391801633,1665.858768419738,0.8134076017674502,7.857641695082815,5.416510013289328,1.4506834983788837,0.28718592248003577,0.05924170616113744,2724.320293719777,1326.5425072595315,3343.75,8211.905189983288,4.695645271250421e-05,0.0002072337814608886,0.0018364034956822304,2875.0,2.6244945250849123,2.6244945250849123,2.0459338127706497,1558.1917200684802,0.9769603914574504,0.8199305360560092,3.810189115481715,1.7688199016748438,1541.7364974573463,0.8676381454077822,3.38628229680969,64.09837329037975,0.17686521436038538,3.464052774418657,10.416704151131812,0.07108310825972441,2.744824982885393,0.002962410849361221,833.0832646384047,0.9019323298822367,413.7949899154926,0.8989540999811503,202.93173286215202,0.890318724942385,106.93732897743197,0.9136166905495247,Source,Inner_Race_Fault
0.011881986289262644,0.858959720598095,0.8590418984008497,4.176511898266637,-3.428266917325302,7.6047788155919385,0.18429058438937745,2.1712958785452576,1511.3277096102618,0.7379529832081356,6.825332587186074,4.861825605993639,1.4038620757543898,0.2119889884202073,0.038834951456310676,2870.5773713242324,1817.3331020753428,3390.625,8111.835003392082,4.5520926189842456e-05,0.00018935904958380104,0.0013425093792359516,2875.0,3.5883910666849546,3.5883910666849546,5.058244462340084,1993.729489740938,0.9620024579468609,0.7418328607526761,1.875665550619221,1.3273000587893826,1377.5239997550366,0.8201310668096194,2.139606167153868,62.68837921199839,0.17453358554088694,0.3874014329426143,12.949636563639034,0.07940565513433384,3.4320400961968094,0.0018358762834352889,755.8904709668298,0.8590850402435269,377.8454155534073,0.8589693178323343,183.65185575473447,0.8469745130502839,116.94357104767144,0.9550196815125449,Source,Inner_Race_Fault
0.000467702554789339,1.0361995645999356,1.036199670151837,5.568966741686176,-4.889075642450404,10.45804238413658,0.22049512790596654,3.511900128583867,2198.9575811538452,1.073709756422776,8.016182165376845,5.374414702207096,1.4915451466900873,0.26394156336823255,0.04989154013015184,3053.207652049055,1948.0242528395618,3453.125,9667.700772088025,5.237209492862272e-05,0.00021377119848411307,0.0016160830241730001,2812.5,2.882980885492226,2.882980885492226,3.9099819280043144,1474.323487988118,1.090670686314576,0.9787014844846104,2.7235494223997057,1.5895279671630482,2078.488618463133,1.0074150555159715,3.4468854255029013,49.45166338640002,0.15536650615672293,1.2144908455632253,10.217012883999239,0.07060254874672955,2.0144985018900297,0.001957335364762237,1099.6921862961149,1.0362998670302976,555.8012742157657,1.0418957913446845,274.3113418875827,1.0351135210779376,154.07436793747618,1.0967243149871404,Source,Inner_Race_Fault
-0.002728572992123728,0.9746124187048861,0.9746162382211584,5.531840500563616,-4.780348864009263,10.31218936457288,0.3338034628822892,3.670299998212747,1945.3477105753327,0.9498768118043617,8.229132592737676,5.67591661581606,1.4498332427588922,0.2624273948387678,0.05175983436853002,3498.1104710962068,2652.4583259921187,4234.375,9734.310945722274,5.723983628620959e-05,0.00022216774441394106,0.0013863637416139999,2812.5,3.798355555382431,3.798355555382431,2.544661450755621,1257.556206923362,1.0551061795431735,0.8868462628059157,3.939870859433216,1.7561084393864812,1819.7313317418175,0.9426209626464286,3.518075038495251,46.7146865454382,0.15100393382553345,2.026484066687943,13.101060756099272,0.07976446911870623,5.323339764536739,0.004008028974866799,974.8055029526822,0.9756819177336168,489.0335247180304,0.9773144583202121,239.82968386613845,0.9678991020044241,117.90275721554538,0.9596601643288202,Source,Inner_Race_Fault
-0.003627894835369178,0.9404054529423411,0.9404124507601047,5.531840500563616,-4.780348864009263,10.31218936457288,0.33807608616724855,4.285156178116046,1811.2011828113948,0.8843755775446264,8.632204374285154,5.882355657980081,1.4674740658658734,0.27024495187237835,0.06779661016949153,2840.003726001871,1645.766360565106,3406.25,9511.994798870759,5.2907209456572854e-05,0.00022100181941890295,0.0020032506170306738,2875.0,4.669690816131833,4.669690816131833,4.174082191719784,1697.551476242414,1.0078960873983394,0.8676885631625888,4.850000352137452,1.9185797505385969,1683.0020445391065,0.9065183598425901,4.194994881541288,52.303083080002764,0.15974675381367226,1.7031801236097728,11.478824409392718,0.0747690500491113,6.738630637703469,0.0037310885765809627,905.2555243109547,0.9402268976107413,452.3119598933232,0.9399016905844121,224.88506668062902,0.9372598098024468,84.2393685484214,0.8112394203934883,Source,Inner_Race_Fault
-0.0009266689184102893,1.0535387118371031,1.0535391193755774,6.626345396562537,-5.7211417267418705,12.347487123304408,0.3262740188404202,6.07924372434549,2273.166696559958,1.109944676054667,9.777068017536726,6.289605459064404,1.5544803376253573,0.4041594090686846,0.06938775510204082,2970.3522301187213,1925.2998794517498,3390.625,9993.480146123416,5.874060175700472e-05,0.0002698208036741733,0.002867287071420266,2812.5,5.216600054463561,5.216600054463561,3.0101355438322654,4263.084121183997,1.0662150868380504,1.0407082938182097,5.886758554684711,2.2191386440242375,2149.3149838772038,1.0244306343158103,5.929285377730748,42.54587171002726,0.14358596937126725,1.68545355938289,14.36263096282946,0.08359948052944317,5.895238229442549,0.0020992376883527094,1136.5685339056104,1.053532100651086,568.0273533619037,1.0532940675587241,285.6441175117829,1.056310908839436,78.47037139054034,0.7829737534050032,Source,Inner_Race_Fault
0.001235720213615137,1.0067131078394123,1.0067138662500554,6.626345396562537,-5.7211417267418705,12.347487123304408,0.3643741834804156,6.572442539162282,2075.592311808275,1.0134728085001343,10.110956615033968,6.582153697003547,1.5361167606336614,0.37333393358936473,0.0673469387755102,3028.640253116561,2087.2387196991094,3437.5,9747.875924500531,5.085383835032367e-05,0.00025733470398299035,0.0027604651609825187,2812.5,0.9899081626314277,0.9899081626314277,1.603349515445179,3226.0981701169435,1.030314870977546,0.9825452496925535,7.325410498412207,2.3701105962273914,1960.3293803401964,0.9783606899956784,6.363549342393313,45.841489457585894,0.1496096077729841,1.2544075353451678,10.710671421922855,0.07230464222996975,10.35821687337482,0.0016180831826831442,1037.972921158901,1.0067982124483175,521.716008487349,1.0094401660320689,251.2088100985533,0.9905682167715536,74.16360720287172,0.7611699144855845,Source,Inner_Race_Fault
0.0018622244587027917,0.8157772805009629,0.8157794060047615,5.019993179045111,-4.202854304798923,9.222847483844035,0.4103511159399363,5.066664174979545,1362.935888407514,0.6654960392614815,9.075727696431782,6.153615967863511,1.4748609181704924,0.3405167374901951,0.0673469387755102,2757.657420003564,1509.9913806696143,3343.75,7504.61533822711,4.18669176789207e-05,0.00018085691413315924,0.001761540642992566,2812.5,2.765471714635255,2.765471714635255,3.08604037923744,3600.908696450406,0.8686936976406624,0.7591836750975253,6.133067544918491,2.1705464329675976,1275.9262531385891,0.7893038102069081,4.989644160110687,25.696352812067097,0.11201360202478189,0.14585454370303008,9.477002547873976,0.0678117953732223,5.786235741882784,0.0011621470541186094,681.5902116602134,0.8158507535942575,341.294470021175,0.816448918297587,162.7402075098716,0.7972348448069857,55.3220370446047,0.6574136902844328,Source,Inner_Race_Fault
0.00047090944609220705,1.026219567225165,1.0262196752701205,5.631276558637285,-4.820554845439243,10.451831404076527,0.2834191318163768,4.240530129523063,2156.803731274776,1.0531268219115117,8.059920015816136,5.487398745453819,1.4688052371797458,0.30643398380003317,0.06237424547283703,2756.619496859335,1252.6588363829103,3328.125,9411.765750790244,7.441656441735427e-05,0.00033609634964990563,0.0036098782031205754,2812.5,0.67627497939698,0.67627497939698,1.3757853149895696,4259.491300147097,1.0989508037581857,0.9479243353926724,4.630751430030984,1.9387027193663424,2051.877907319828,1.000930540448497,4.199764303569343,30.081272697407286,0.12118702221025689,1.6171618416310443,10.019302717912398,0.06992130762538294,3.358633485035898,0.0016395736270639377,1078.3478238683974,1.026193810569785,539.3974481996845,1.0264063837653685,271.71281351221194,1.030224630333182,136.10346218362955,1.0290250826246483,Source,Inner_Race_Fault
0.00163006281124783,1.0633249882203133,1.0633262376516899,6.949877665761086,-5.8182561098545325,12.768133775615619,0.4501778340987827,6.390079672593112,2315.5971843655643,1.1306626876784982,9.813521345589374,6.535978723810663,1.501461641825512,0.3796970791136105,0.04672897196261683,2790.723207848773,1380.7081117779014,3343.75,9578.098018239547,8.20363543306075e-05,0.0003551685605690745,0.0032565513235089617,2812.5,2.553224127028303,2.553224127028303,0.20816234262959218,4051.677734087514,1.1136552784911782,1.0104922655074298,8.013277504740785,2.4595563223241155,2184.0274037443496,1.0326721323478656,6.194891941737083,32.4615905448192,0.1258841281194131,1.7373191124109644,16.09765577955359,0.08864455588438445,3.587784405013818,0.0014206500877495104,1157.711838896887,1.0632853590012856,575.8504185921495,1.0605218310893163,280.42217868570435,1.0465968054558066,152.25761153612606,1.0905889628628151,Source,Inner_Race_Fault
0.0012307298570143894,1.0711707928293013,1.0711714998572988,6.949877665761086,-5.8182561098545325,12.768133775615619,0.4309787231044273,5.929181384915845,2349.8923665541834,1.1474083821065348,9.724547178775978,6.4881092025758225,1.4988260639810547,0.3658818987402563,0.049689440993788817,2846.7519713285296,1545.5697579486755,3375.0,9454.941799234464,8.60670801040206e-05,0.0003606958959986498,0.003055568609674903,2812.5,1.709575723538035,1.709575723538035,0.5512712075873024,4075.229812175611,1.122343562943216,1.017428194961,7.157170413494443,2.3177693804961987,2213.3552148338235,1.0395863240242562,5.712481939213809,37.32674218864646,0.1349951224723213,1.653504571723226,14.508734437304945,0.08416783935848172,3.655043699640154,0.002065178687611769,1174.9685057699426,1.0711811894674765,587.5290327884728,1.0712223712759368,291.0830936698942,1.0662906134395742,160.85675795223136,1.1188571608099052,Source,Inner_Race_Fault
0.0034523681891029242,1.000270089358878,1.0002760471550496,3.9142609891396583,-3.925180757812856,7.839441746952515,0.2161750481139775,0.4136189427112398,2049.1308452088447,1.0005521705121312,4.991619845975245,3.91318076672181,1.2755914289533006,0.11291303539588998,0.041237113402061855,2483.0096016440903,1735.5945958872924,3203.125,10679.16262462862,6.126004539153448e-05,0.00021723097910280857,0.0019261771441536567,2750.0,6.123045031110905,6.123045031110905,6.093994004822492,2029.2818293884077,1.2348044299128733,0.6901814203604824,0.9483698057935213,0.8367193575259071,1567.0942396823173,0.8747372699544241,0.04944998952175972,210.08195249097395,0.320247213132777,-0.039408794915887224,16.959545025540333,0.09086518495268818,-0.24595589086638592,0.0035109480868709066,1024.994826886,1.0004788922198251,511.85089286196967,0.999848163546523,260.6216565360454,1.008968455593666,151.0870164867682,1.0862251540195986,Source,Inner_Race_Fault
0.0021472070229859768,1.001964166309999,1.001966467037341,3.9142609891396583,-3.925180757812856,7.839441746952515,0.26431800815539935,0.4948591603292902,2056.0625685858113,1.0039368010672907,4.975848315225731,3.90657883064043,1.2737099469742452,0.11641583807147567,0.03278688524590164,2688.8012162501914,2243.1730621265447,3390.625,10420.335931800953,5.588891418013066e-05,0.0001804562479076558,0.0012737359640778549,2750.0,4.733573399374967,4.733573399374967,3.9920707732924057,1080.4156168988366,1.2343371528269858,0.6959026079215734,1.215428004921904,0.9359124904061024,1586.8419236095085,0.8801538695846499,0.14362940616466036,186.49893447904756,0.3016408976415735,0.06753386945869888,27.505774495076174,0.1158850212697145,4.135868030818266,0.005324831921418485,1027.4351919136866,1.0016747210061914,512.1177447111825,1.0001149457581664,251.3887343753887,0.9909124311333075,145.76296151999065,1.067079092880124,Source,Inner_Race_Fault
-0.002230362099856104,1.0509625502823028,1.0509649169268107,3.798657719129245,-3.479676680438477,7.278334399567722,0.19294720207615332,0.12354795356511206,2262.0718215392835,1.1045272566109783,4.537713504998221,3.6144476927328144,1.2554375912319107,0.10014062894247838,0.0326530612244898,2461.0042816714413,1776.9667056327626,3156.25,12064.562451545456,6.903611665214937e-05,0.00022701392778573542,0.0013697935604933865,2812.5,5.51383937204906,5.51383937204906,5.076498858197594,1917.194787170122,1.311829508297484,0.698679317579767,0.5173731696818029,0.7771518137596587,1768.6976650918477,0.9291852658466211,-0.24042718307437605,193.33419755958445,0.30720546113083663,-0.4170868146680058,34.389623133464525,0.12914412551978338,-0.040775397427801785,0.004280238630331548,1131.2599406259974,1.051067227261542,564.4990030662962,1.0500171803144078,264.587394476807,1.0166224196503837,149.7695483341618,1.0815173208152553,Source,Inner_Race_Fault
0.0002559387396067881,1.0245537047758304,1.024553736743231,3.2869909021286,-2.860908549295709,6.147899451424309,0.17978328469049049,-0.17556778282370145,2149.806816203812,1.0497103594745176,3.9972556215386112,3.208217182026023,1.2459429629431453,0.0586647728191693,0.04024144869215292,2489.274102847441,1866.7017831046478,3281.25,10505.235179365034,6.114037106981874e-05,0.0002054075438541666,0.0014892479920542681,625.0,0.41515106049919237,0.41515106049919237,1.6816384960055262,769.1969747019903,1.2965528553135823,0.6468162278139225,-0.09526095983799854,0.5180055401371337,1523.6876909011105,0.8625238207015191,-0.44027887944227295,293.766276628986,0.37808642937635845,-0.15913783406187365,26.419713158971618,0.11354793426370224,0.42564748584661993,0.006968503633617817,1074.3346143717047,1.0242824532605737,539.1177189937339,1.0261399383956022,275.4995929448574,1.0373846073092756,154.55219429417244,1.0987931220943945,Source,Inner_Race_Fault
-0.004474478192102733,0.9658417182044896,0.9658520826603276,3.0915524934374545,-3.4072525321801783,6.498805025617633,0.08065187901485732,0.20831892047059064,1910.518262946391,0.9328702455792924,4.082205282177407,3.2008550262915327,1.275348383055947,0.09273499682898652,0.04065040650406504,2430.784540781114,1883.9111286492953,3250.0,10180.637680956625,5.780187042838428e-05,0.00018924459285367664,0.0012802639211046262,2750.0,9.960642592490224,9.960642592490224,10.307691583329762,2997.5146828185184,1.1997498388276666,0.6529323781126352,0.10667769878064348,0.708080211465704,1356.9628260947554,0.8139833596897199,-0.13086976580054888,288.32191117473707,0.37451877037408055,0.006893165790747613,19.858848200619722,0.09661558683674962,0.19126220415227335,0.005820484705507581,954.3638617357285,0.9653874595703842,475.15908058826017,0.9633361386609398,238.6399292788693,0.9654927911887551,128.28634092968196,1.0009621360370402,Source,Inner_Race_Fault
0.0040363048011642505,0.9739198734549386,0.9739282374317585,3.4080185774967,-3.4072525321801783,6.815271109676878,0.07232491387162224,0.26197120788328254,1942.602161493876,0.9485362116669317,4.442853577109598,3.4992501978211656,1.2696587342842687,0.10698214624331613,0.03861788617886179,2351.8813017549464,1774.107055327048,3265.625,10171.378120245776,6.153647873806783e-05,0.00019596620489153844,0.0015950459413389586,625.0,6.881366737166302,6.881366737166302,7.469389505978275,2396.644507190918,1.199210491460761,0.6774586815728862,0.38157486099929505,0.803758985170583,1274.93185077932,0.788994823697592,0.285162482081029,370.7556575238725,0.4254674099453942,-0.09457133283537811,19.139117226206448,0.09636150743357272,-0.34627359770835575,0.006347350865361668,971.783356511836,0.9741626472060912,484.99214774351566,0.9732606680135268,260.20770727885713,1.008137476737678,119.48947154638861,0.9656352442977522,Source,Inner_Race_Fault
-0.0001863134400898912,1.1041829308809048,1.1041829465996307,4.451059549658813,-3.467010999794578,7.9180705494533905,0.39274906090959033,0.5640821979071702,2496.962518141835,1.219219979561443,5.121023327814205,4.031088836651574,1.2703821561193838,0.1517823356997636,0.03325942350332594,2337.7174629231554,1438.2598750280738,3140.625,12255.565903465635,7.092063284421631e-05,0.00026165665557183323,0.0022178046037099105,625.0,0.3896765847307079,0.3896765847307079,0.8674271998389302,858.6498325952391,1.3608314697382629,0.7658835531875641,1.0999058637955788,0.9002201994725664,1628.683720030498,0.8917313182921373,0.03740984727404584,380.60778044250515,0.4310849110445234,0.14869039880045598,41.43977738652317,0.14219059673611703,0.5438100724432986,0.008408872276000009,1248.2304764040696,1.1040720411379896,623.7332282608581,1.1037340698099167,273.28998964151606,1.0332172112602958,146.41943359291292,1.0689601845756362,Source,Inner_Race_Fault
-0.000906906582033253,1.0952758448768973,1.0952762203436857,4.451059549658813,-3.4460672739455678,7.89712682360438,0.1687483018077596,0.3109821841966949,2456.842237645517,1.19962999885035,5.114318642818557,4.063869430363528,1.2584849809904108,0.1100321620192809,0.03658536585365854,2352.5127407265786,1661.8756047202542,3109.375,12469.039907972892,7.15301042087866e-05,0.00027608780076336214,0.0029438357178921777,625.0,0.766959835308346,0.766959835308346,1.9443766019562392,783.970976928276,1.367690845380836,0.7271044468207268,0.7683589863591744,0.7612661650972061,1485.8340202343688,0.8517585668811529,-0.12717097194379123,497.8957998227573,0.49112329277915706,-0.3731345511926789,31.86645023545863,0.12456634014994805,1.3184138373851608,0.010182176380287847,1228.7969265769466,1.095443161493999,615.537137490865,1.0964572679875835,298.0447014963578,1.0789916087102045,153.88165780657812,1.0953549919880319,Source,Inner_Race_Fault
0.000826811160030068,1.055632957115173,1.0556332809098143,4.059242661844759,-3.4460672739455678,7.505309935790327,0.08385717278459882,0.1334305030057643,2282.21260546953,1.114361623764419,4.849064172414328,3.8453151631845444,1.2610316623302513,0.10072337538868545,0.034934497816593885,2191.3893393912567,1238.1285293835092,3062.5,12673.742382833843,6.672212398618963e-05,0.0002507690455535277,0.0026129241261197323,625.0,2.6213725762683424,2.6213725762683424,2.4693958910678644,1167.9022655201477,1.3223078498290994,0.6929823314093095,0.1818627938936488,0.6227925906447476,1402.417586288062,0.8274788156931554,-0.053422922125607286,454.04263645487083,0.47002312083547987,-0.14636343182472,22.863015598102375,0.10516448316910916,-0.28816049222005,0.00658054420157545,1141.001777357134,1.055584567233645,570.6691238710604,1.0557400011873201,283.36851553737176,1.0519484546471827,145.09834164462055,1.0644100311285116,Source,Inner_Race_Fault
0.0011761387683724392,0.9757676274706221,0.9757683362981447,3.5262500543395685,-3.446776950112381,6.97302700445195,0.17068379312004495,0.40383461431223777,1949.9496368579569,0.9521238461220493,4.616596495034798,3.613818898569104,1.2774841862891209,0.1365243538247138,0.03862660944206008,2308.4434867958885,1869.3127773395051,3156.25,10033.665399910402,5.4427971596768005e-05,0.00021469761126054855,0.0025202068710649455,625.0,3.460292524890651,3.460292524890651,2.839251673184219,1225.0150160227417,1.2146222213981726,0.6549344177184967,0.41798360833034653,0.7646858519312713,1033.8672258413062,0.7104909545889784,-0.2236043980129554,474.1405307828903,0.48046522778362,-0.17373354272032726,48.101443426627114,0.15296300775506166,0.5848268510838528,0.013915467105132293,974.268503385332,0.9754144128737864,484.9580912636635,0.973233664720824,244.6963743904837,0.9776727567401711,132.79376186697135,1.0184675438542354,Source,Inner_Race_Fault
-0.0028674097993355136,1.027639319895839,1.0276433203378204,3.542206893151029,-3.446776950112381,6.98898384326341,0.08567616746988496,-0.02113324427908614,2162.792025773957,1.05605079383494,4.332243038518042,3.4469225100267167,1.2568437572692819,0.06682613610971287,0.043010752688172046,2131.6627019506604,1393.7365493587806,3093.75,10027.233827524455,6.294480237430296e-05,0.0002807777863163796,0.0037234055326005795,625.0,5.55180230407707,5.55180230407707,6.5379341319725786,2130.0480176011147,1.2916474548565948,0.6661382819975094,-0.25284777653039736,0.5175388847700199,1149.7667742409408,0.7492668473053741,-0.40292061384522393,537.3992622906752,0.511499972087545,-0.6858446590056957,45.20345425956319,0.1485520860259043,1.580794799844372,0.010958124582909231,1081.3782496897757,1.0276306385775618,541.3778719801793,1.028283895974465,281.6673923198329,1.0489341624363224,171.8560455781469,1.1578796954571176,Source,Inner_Race_Fault
0.0021856323857737583,1.0622120519419818,1.0622143005437843,4.164591488335441,-3.388507666176593,7.553099154512035,0.1498084198594638,0.2672654300588988,2310.7568031328688,1.128299220279721,4.984701684119475,3.9206697614628636,1.2713903458830473,0.1100532633957017,0.0392156862745098,2480.8188673197906,2151.919900736965,3343.75,10439.7378261522,6.334424737470745e-05,0.0002825166233134937,0.003668205179621309,625.0,4.573210822790448,4.573210822790448,3.7915724117559266,1057.6689384125955,1.314774417770852,0.7266097082515027,0.2795477553729051,0.7181299670502245,1288.0116722006132,0.7929618159469632,-0.0686756367469008,495.7769368031735,0.49049613682106563,-0.34883671328706134,40.25650862252999,0.14006892785045508,1.4009747682044926,0.007992081765269651,1156.0716571894723,1.062529598488691,579.8536455021749,1.0641966923432904,310.4403576598933,1.1011914369299338,201.64302175327919,1.2548638066537712,Source,Inner_Race_Fault
0.010688902688537682,0.9595267447944628,0.9595862788809265,4.584940567630706,-4.867282061615451,9.452222629246156,0.1443537266742242,3.569032462163369,1885.8103329106805,0.9208058266165432,6.740411474063567,4.77803889919902,1.4107066970914606,0.3438821991877837,0.06896551724137931,3207.2520194388417,1609.8120701622406,3765.625,7748.271451361244,6.377223489087295e-05,0.0003356345643623288,0.0031048491095985718,3375.0,0.6306835808642073,0.6306835808642073,0.8162842926793027,12483.228692387696,1.0657024149123444,0.8401045898742928,4.4134265528399,1.9903920352589037,1817.4743603310144,0.9420393139182521,3.4544572776771965,16.150517460186414,0.08865720066521526,0.86669002180779,7.308140496927438,0.05969992270918634,3.0316989284156763,0.0021389592881100074,943.0096327316306,0.959582151804839,468.97758311366186,0.9570091965088259,231.22055623990775,0.9503548208227284,99.94710413245738,0.8835099552477162,Source,Outer_Race_Fault
0.012499923877323467,0.9352712973670796,0.9353548245321874,4.584940567630706,-4.867282061615451,9.452222629246156,0.0664442463997828,3.8971738775295215,1791.7719506445092,0.8748886477756392,7.046355860941161,4.901819552728386,1.4374980117371132,0.34971758408469106,0.06707317073170732,3136.7053216406316,1560.2196034223525,3765.625,8718.51295753899,4.396875259505048e-05,0.0002323270379798663,0.002290112205154898,3375.0,4.400793363883041,4.400793363883041,4.78867260902335,9844.93087503648,1.0210401980752233,0.8408911547976701,4.477923153844546,1.971747185701637,1720.2936636932832,0.9165074610895508,3.8026511322943986,17.072792709482236,0.09129221772221206,0.4154965599441103,7.3899631780116355,0.059398342816171235,3.1393880289995604,0.0018136631530231667,895.9607947048692,0.9353081411479667,449.7134298359985,0.9371113438101657,219.68736115489355,0.9263656831364225,88.0707196245514,0.8294676703471383,Source,Outer_Race_Fault
0.01250994861295715,1.0843930637313641,1.0844652209651509,5.224483679846359,-6.017319978140127,11.241803657986486,-0.08639527654206897,3.4372882384935615,2408.580742109171,1.1760648154829936,7.014375216839765,4.817566832799562,1.4559995658147629,0.2943101776717688,0.042821158690176324,3121.635900598098,1354.1960797947002,3734.375,9233.99830006817,7.641028090879912e-05,0.00038770144422024377,0.003421483578439911,3375.0,3.959119637863859,3.959119637863859,4.473569676733799,12073.927175011193,1.1708420225450489,0.9905059720693209,3.152797882389172,1.7262111608003228,2317.9516582833107,1.0638585271189651,3.357326341853759,17.70337051534282,0.09296230317264348,0.3663530907410766,6.317660528604103,0.05550131603264524,0.24626475083934984,0.003058465152210535,1204.3325811773414,1.0844109299456266,601.1713836794063,1.0835170611254676,293.40088581766275,1.0705545798850606,173.03771302320965,1.1624773696533255,Source,Outer_Race_Fault
0.001630006139242941,1.0904993903139357,1.0905006085257725,4.297033500504723,-4.8642235974839965,9.16125709798872,0.007658392979301647,2.8947124260679136,2435.4643500955235,1.1891915771950798,5.562497706527736,3.9404228359980493,1.4116499518049412,0.3388846486596316,0.08719346049046321,3014.3409563432883,1284.9252208382707,3718.75,10507.395685961743,7.572087647753148e-05,0.0004385000042771535,0.004317666397261861,3375.0,4.718117408537027,4.718117408537027,4.764606996279281,8316.619706001871,1.2128004967996286,0.9526255544682134,2.7342330708622846,1.749473272993631,2328.691134257214,1.0663266277521752,2.8752411671708957,33.09134696268801,0.12703641725630413,0.3719806743584204,9.67819389458029,0.06871918005789027,0.07287833078495387,0.001535555579920887,1217.7752821202419,1.0905185793492107,635.4381397974904,1.114040970634711,319.6741924337992,1.1171242714784613,133.08234802692513,1.019540293326472,Source,Outer_Race_Fault
0.0006497856438390113,1.0548789357059387,1.0548791358338057,4.691169443408032,-4.8510969831775546,9.542266426585588,-0.024704946624474703,3.238328777270186,2278.952942013392,1.1127699912174767,6.31525762667966,4.447115583246418,1.420079489382079,0.3280761926271354,0.06666666666666667,3019.138825681428,1307.2738558985066,3750.0,10434.524996746848,7.293294549793388e-05,0.00043690743499424976,0.00443339755703722,3375.0,2.468528679260817,2.468528679260817,2.4022104869415815,10194.248278280076,1.165974318061708,0.9306145530495302,3.449264722223515,1.8248167134380358,2174.1643376953134,1.0303412232231226,3.199531543990835,31.885291808229866,0.12474228328441697,0.48623559019861995,7.754314458723497,0.06152875115938149,0.5350792863069782,0.0020246584378509663,1139.5581290836737,1.0549167675513265,582.1295747391687,1.066288629752521,283.5089529440753,1.0523562844973786,122.8286808561977,0.9795899735330559,Source,Outer_Race_Fault
-0.003734583844390746,1.0716769346161468,1.0716834417423604,4.691169443408032,-4.8510969831775546,9.542266426585588,-0.08068436241186179,2.883484476426223,2352.139057776131,1.1485053993047514,6.143450465916931,4.377383526408743,1.4034526398825946,0.29410787008309086,0.030425963488843813,3099.366993586226,1491.0043972041233,3750.0,10120.096949467797,6.573488226709085e-05,0.0003525040487943878,0.0035629007368286063,3375.0,6.438305332242266,6.438305332242266,6.871991286481868,9418.717567178688,1.1992343367084923,0.9267328812865392,3.208940381810656,1.745437118919903,2240.477920915355,1.0459354461377495,2.848604126301603,35.392938929875655,0.13130683848493346,2.2024391916166364,11.23147602526466,0.07389779858947022,7.114403904539115,0.0029116719482995728,1176.0486247899155,1.071667937708586,597.0495708782737,1.0798624628601385,288.9349088671953,1.0623759522207072,121.30552570491139,0.9734984277991033,Source,Outer_Race_Fault
0.0010787256644922212,0.8947876747629592,0.8947883250002553,3.687106287896036,-4.231118706924096,7.9182249948201315,-0.12454621662680299,2.9612021677394873,1639.7233081482495,0.8006461465567625,5.947344016286256,4.1206463974538154,1.443303657397338,0.272280746421239,0.09552845528455284,3075.8557753943014,1587.8215859733423,3750.0,9278.904396543046,4.821942949543161e-05,0.00023156555238232733,0.0026977143708753503,3312.5,1.4004877322845906,1.4004877322845906,1.6587510551914324,6563.167644285686,0.9770769788015223,0.8041216839235154,2.5063022281767173,1.5986140208340966,1533.9942972122367,0.8654597528300123,3.0933786570827637,29.268133607721005,0.11948758853845949,-0.17563371833884878,8.748819024504717,0.06529844399863911,-0.03314233206496553,0.001082167046926259,819.8707535656342,0.8947924383280838,408.24877094275166,0.8929487221162291,203.8583205404903,0.8923622693908595,100.06342405645117,0.8841603323436835,Source,Outer_Race_Fault
0.003943061189149581,1.2346591018441568,1.2346653981942481,6.952255803844458,-7.750148069145808,14.702403872990265,-0.0020141372554689004,6.361336370921643,3121.9684259802343,1.5243986454981613,8.805230049713314,5.630882516034251,1.563738903207434,0.39724807986860877,0.0914826498422713,3185.8319189466215,1645.491467312088,3687.5,10130.976241512302,0.00010489584674391864,0.0005199966743617886,0.004562460863131142,3312.5,4.347380823278301,4.347380823278301,3.530352932211082,5633.478176756545,1.2432392961647352,1.2260251677075729,6.115424315619583,2.3014406277646295,3006.216265808816,1.2115595959033443,6.236034946457734,28.619372949892895,0.11820308415349581,-0.13357490156001894,9.885066959727684,0.0690125981142425,0.5874244996031126,0.0010570566549917037,1561.41440407652,1.2348301123655965,763.4164412504242,1.2210806184254364,372.2162121424898,1.205633840941039,176.02773479488502,1.1711229177179792,Source,Outer_Race_Fault
0.0022495383966449956,1.2127909529048742,1.2127930391748258,6.952255803844458,-7.750148069145808,14.702403872990265,0.01987901475107157,7.055897343431003,3012.3355256236255,1.4708669558709109,9.110558599251021,5.73243379478391,1.5893002737407895,0.42647332098643465,0.10666666666666667,3005.612313710775,1120.9250696203167,3640.625,9966.566397305565,0.0001017223809937724,0.000496462412435401,0.0039707284746287935,3437.5,1.1744270304826199,1.1744270304826199,0.8632522940090197,8435.53539852871,1.1991526299042565,1.2262796659406805,6.5192631207229805,2.427492044787326,2897.47402937895,1.189445786167198,6.953843370186611,26.874208981531666,0.11453612625284205,0.2317006517482234,8.577937475121452,0.06459813935036199,0.1572795038079855,0.0015779654809361084,1506.164459010729,1.2127895306541836,736.7785288874132,1.1995895803525276,362.26678952201064,1.189547493127209,177.64520326737653,1.1772219529182932,Source,Outer_Race_Fault
0.00011880894613974032,1.0554506453818164,1.0554506520688016,4.905089526746886,-5.383405405075165,10.28849493182205,0.004988546959923866,4.891310763199678,2281.423009694635,1.1139760789524584,7.060670048154229,4.647388788033207,1.5192768176260827,0.39338326345350094,0.056603773584905655,3013.2788238405155,1129.090227403066,3703.125,9198.276165276879,7.738049717726253e-05,0.0003354238477120538,0.0027590729315549833,3312.5,1.9866737295951433,1.9866737295951433,1.2732511704430178,6814.4848495059205,1.0915678851712813,1.0180528943587925,4.243223492793621,2.06828752646291,2164.6703056073375,1.028088820943027,5.094326631212935,31.071769573732396,0.12290435198385685,0.36280891031791374,7.433183686815361,0.06000388525920847,0.6890860028727563,0.0031574144629544013,1140.6990236670717,1.0554448698230159,539.1807364977346,1.0262004250172567,282.6005524964,1.050407291733955,129.7677209516595,1.00649140186043,Source,Outer_Race_Fault
-0.002031336483822339,0.9970909673593429,0.9970930365404729,4.905089526746886,-5.307064941453342,10.212154468200229,0.0067686942880481205,5.13438329984556,2036.1103841638414,0.9941945235175007,7.453004800142844,4.919390013760049,1.5150262083908794,0.39325701435679616,0.035046728971962614,3321.7460074594555,1955.2034983560295,3875.0,8608.166610869192,6.341612406961959e-05,0.000283127919048342,0.002369776225754375,3437.5,3.5783382150583734,3.5783382150583734,3.609482081259155,5874.289260339259,1.0343510481157518,0.9583854316716659,4.764982549792445,2.1512895914572048,1917.8435974933157,0.9676998747627107,5.506339576174021,30.162082422431727,0.12107689279052256,0.2891068944835893,7.058671321733447,0.058591820360621084,0.44440129057445077,0.0030999654012613263,1016.9515347431056,0.9965511544457578,476.30811886880633,0.9645149398332633,253.52936102993732,0.9951472913438575,113.73716539978365,0.9426022118115828,Source,Outer_Race_Fault
-0.0003151982936046051,1.0097804129537196,1.0097804621475643,4.473234807946732,-4.456472003235946,8.92970681118268,0.03133514910762956,3.6578016305085885,2088.256679393175,1.0196565817349488,6.504695939275456,4.4299082579130316,1.4683590631151977,0.3287295306449809,0.07926829268292683,3216.806487984395,1847.0405994461687,3812.5,8758.263593322099,4.565534227035454e-05,0.00020365122129314001,0.0021990725890086754,3437.5,0.9731690273926568,0.9731690273926568,0.24334040558720743,7235.733770211923,1.0817419843770806,0.9322806629350974,3.088152256808532,1.8185541890028363,1962.335379294032,0.9788622781325506,3.8704240948320354,33.09429848593202,0.12698056839440572,-0.27665250292823584,7.767538871670535,0.06158438007420106,-0.07862957906933188,0.002103309290455964,1043.5085752092966,1.00948072926626,539.4837765025052,1.0264886892310068,280.3517399054296,1.0464350898857815,129.13344760883723,1.0043792505579983,Source,Outer_Race_Fault
0.0022475588002209106,1.009755632958406,1.0097581343132582,3.749598959642825,-3.8815640924396635,7.6311630520824885,0.07145642694719899,1.4416018318387795,2088.1643311345497,1.0196114898117918,4.98307362317861,3.7133634602438206,1.3419299447868807,0.23210985420564156,0.05295315682281059,2993.475009968972,1888.216880970452,3265.625,6287.901675443798,5.721761774274371e-05,0.0003259947959785761,0.0033552834174814467,2625.0,4.775166957788432,4.775166957788432,3.532155719001508,1238.7916734090818,1.1824807055204962,0.8005980326333622,1.327953715853261,1.3185954186196889,2062.12059245387,1.0033769934560377,1.4050519674547264,4.708117741007692,0.047930394056913996,0.042213232564473735,1.3655309815336771,0.02579696082204997,0.725307723651377,0.0005798751696638322,1043.502943743149,1.0094761558790197,511.88190200422105,0.9998840468045591,265.6483750623335,1.0186625256899686,138.67407555245032,1.0408495038375247,Source,Outer_Race_Fault
-7.97075269291141e-06,1.020025636203172,1.020025636234315,3.749598959642825,-3.8815640924396635,7.6311630520824885,0.06416880873909794,1.3933957454351322,2130.846307482049,1.0404522985752191,4.903162691651253,3.6759850208132283,1.3338364176920772,0.23523756826113246,0.05286343612334801,3005.1371623786094,1858.6701953942259,3265.625,7089.169926755318,6.699652523393331e-05,0.0003693422708210321,0.0032808943911175506,2625.0,1.9548090663780826,1.9548090663780826,1.9855635449557703,1065.4516866207014,1.2021729880816294,0.7972983182313182,1.351425739875494,1.364647133193455,2103.972007867529,1.0134946680082908,1.3563947233531133,5.197818303851136,0.050378074234259586,0.4042398516654573,1.1517280631250801,0.023650300151157044,0.8006511256242121,0.0004893082417907013,1065.3280519231453,1.0199800659872253,522.3010026896463,1.010008938045568,270.0115784589324,1.0270017838740464,143.10265641955945,1.0573417938624448,Source,Outer_Race_Fault
-0.00531681921482776,0.9315945671792122,0.9316097391957573,3.4070717288051715,-3.432881833324832,6.839953562130003,0.03323417920514843,0.6802904139537462,1777.4524542246645,0.867896706164387,4.7407786378407275,3.657187753046075,1.2962907452296175,0.137576949096097,0.06149732620320856,3469.0827741138105,2648.629689174037,4343.75,5787.930698747587,5.5353825478262714e-05,0.00029679187318886006,0.00251035398323201,2625.0,10.161463959617569,10.161463959617569,11.359992262621446,3773.944481548691,1.1293544966565807,0.6784709569188586,0.8065210133223668,1.0494691105065386,1749.841275586778,0.9242518939766702,0.6291785886109933,5.288160762984957,0.05081406935292551,0.3704020918701434,1.1498408093952586,0.02369346345711513,-0.03271179097882815,0.00045214746453473763,888.589211868865,0.9315272214147021,442.9039061961356,0.9300768921444372,215.744924646338,0.9179881417627107,103.75101504342169,0.9002833610563094,Source,Outer_Race_Fault
0.0024585534813323807,1.0096687742308044,1.0096717675274256,3.6150403578703796,-3.5306785615859555,7.1457189194563355,0.09983525419374346,1.0611263420470118,2087.8071360347258,1.019437078141956,4.673291817862144,3.580411450666996,1.3052387643860193,0.21147537190350132,0.06072874493927126,2798.541540723634,1357.7986967726154,3250.0,8461.92186637123,6.36379581254029e-05,0.00034694810136969397,0.0026942265744714167,2750.0,2.847384522660484,2.847384522660484,4.790710911803818,1050.8298905267436,1.2152566411595747,0.7496795276974104,1.241211920557002,1.3446339989391711,2064.8309567657616,1.0040412558224425,0.9924634453576782,5.027330494571888,0.04954533428186143,-0.06223313009617781,2.004110164746369,0.031218353554361915,0.19513487731979007,0.0007759072208063707,1044.0868700286046,1.009757694059178,529.7085350655814,1.0171447850160855,260.96179252596914,1.0096386441447809,124.25964420557497,0.9851440124011419,Source,Outer_Race_Fault
0.0004521264214203322,0.9646778886034021,0.9646779945549804,3.7240062958265914,-3.53725721901568,7.2612635148422715,0.07061559814807242,1.2992295761203003,1905.8762407498111,0.9306036331786187,5.0423071763375225,3.8603620242675154,1.3061746915548096,0.21734335317007045,0.0518018018018018,2785.26285048099,1369.876846876739,3078.125,6411.893015472328,4.24053798816982e-05,0.0002197718846431549,0.0017818329910319261,2687.5,1.8909059215147213,1.8909059215147213,2.0844654729241827,620.4992001137264,1.1597766933176445,0.7184184489213546,2.20458742433894,1.493408536228356,1881.6165251355342,0.9584447968818323,1.248373632066742,4.943677948968826,0.04912493248779966,-0.08502124296984581,1.8185952180112723,0.0297491838739742,0.8672009655721933,0.0007012821911359207,953.016382395684,0.9647174337259055,475.0735243036234,0.9632639155467623,231.2469900100176,0.9504187156935254,112.51336083703383,0.937509932099859,Source,Outer_Race_Fault
0.0007609137770135227,1.0390698535219842,1.0390701321315967,3.7240062958265914,-3.6304963926733946,7.354502688499986,0.05781864451500582,1.1457970174468652,2211.1574824713707,1.079666739487974,4.806489228998777,3.583979734059906,1.3411039084068763,0.20033806188050518,0.06477732793522267,2894.18331620873,1571.976767827023,3234.375,6215.346247292733,7.543015768888642e-05,0.00044022903300822293,0.0038701324623960378,2687.5,1.8846142167828877,1.8846142167828877,1.2417418085428094,651.763814270113,1.2157948530226612,0.8253337123523986,0.5731320975622243,1.0996231693506087,2185.50419863121,1.0328870148771978,1.107591202197871,4.563261510936117,0.04714832266539536,0.9575914585979137,1.8450999848953205,0.03001064164840296,-0.06668142085963824,0.0006960057359130735,1105.551748916043,1.0390572944815513,556.8782769272963,1.0429059417744895,277.90823639119264,1.041908093033225,140.62720361964347,1.048164004999993,Source,Outer_Race_Fault
-0.00018671813201546323,1.0649624526529171,1.06496246902141,3.719978249979404,-3.504984055363437,7.2249623053428405,0.0864225678898969,1.058676431393394,2322.7290837487153,1.1341450604241774,4.626090880157191,3.4930604206152713,1.324366121139796,0.17155162075341068,0.06352459016393443,2931.3037471622365,1393.8425822714983,3312.5,8338.077283547143,7.486111651144855e-05,0.00041745084759053425,0.003460733631524966,2562.5,2.683193153307534,2.683193153307534,1.8229693989305191,1237.9694328098453,1.2638102090617025,0.8191909671532164,0.5023194963293696,1.209450160567013,2298.4120102632573,1.059217227094425,1.0134155569059171,4.440148482665183,0.04654301434226779,0.7365163215198596,1.2048731611888952,0.02420705234856411,1.4950204770839859,0.0006828197047890315,1161.0803357169639,1.0648321417927646,581.2641463188627,1.0654958216781425,290.64823018628925,1.0655244988950838,141.94116993008078,1.0530456130677812,Source,Outer_Race_Fault
0.00014928919261566933,0.9300103172689203,0.9300103292511867,3.296311122057495,-3.099615406098319,6.3959265281558135,0.03678225358250292,0.4389375934303201,1771.3545472284686,0.8649192125139007,4.474726671969063,3.544381194896593,1.2624845991204432,0.15373382601645832,0.06303724928366762,3347.5667431855813,2429.2863561614377,3609.375,7048.868943839048,5.112437503257794e-05,0.000295304779648519,0.0032138575216630466,2625.0,2.1225739549340115,2.1225739549340115,1.5220261452167279,763.72380399333,1.1575576184658174,0.624418472239196,1.0492189432068875,1.1676161061478791,1749.662807519049,0.9241823887141807,0.3974296898319327,4.38942389804305,0.04629134744033102,0.6422306996105989,1.063967482790976,0.022618660625978056,2.166142803565177,0.00044161463530291054,883.8098408149469,0.9290292588464449,440.95099749867546,0.9280244698736422,214.4690909592698,0.9152897772391807,103.57211957669709,0.8992930478569605,Source,Outer_Race_Fault
0.0003819353274459777,1.0394012497864966,1.0394013199589105,3.950419368307553,-3.6266777627975277,7.577097131105081,0.06949354712227493,0.8541990100376942,2212.567252853403,1.0803551039323256,4.9104992497396545,3.8006680311544345,1.2920095124035638,0.16797265607486597,0.06944444444444445,2866.229261774814,1543.885528649469,3125.0,6543.26530546897,6.859323449004384e-05,0.00037859069091363305,0.002909477987006388,2687.5,1.196598230846109,1.196598230846109,1.1869737887295617,814.1497892574466,1.263974274121818,0.7503859404734882,1.3762588416605848,1.2436059950170217,2188.571025763411,1.033616100755285,0.8033561912968983,4.685132001355942,0.047813877400849476,0.29110493878236765,1.5310058519543557,0.027341450994159768,1.7087064788278656,0.0009422945238737102,1106.0276008085325,1.0392808812055345,562.71976352604,1.048361252716428,279.30627345508634,1.044523445023576,126.46535122685722,0.9938903758533364,Source,Outer_Race_Fault
0.0022112664101051104,1.0300778616031605,1.0300802350613647,3.667768518913647,-3.4507952954227314,7.118563814336378,0.10513571797338503,1.0257418036859862,2173.0617152800287,1.0610652906640765,4.708752772424955,3.5606629406835943,1.3224370997387762,0.170635137788327,0.05831533477321814,2680.6268279516644,939.4665316584116,3062.5,7968.9708212991,7.460388744296937e-05,0.00041651531981281263,0.003813132922957623,2625.0,2.1823353104438734,2.1823353104438734,0.803535745711089,1222.5334949897701,1.223913290541959,0.7900392070660668,0.6904575030398377,1.1551167196387127,2142.041216657994,1.0225396957526598,0.9640525786493321,5.965952886994799,0.05383538190214132,0.7229215615576163,1.549190396543731,0.02740616665148883,1.1752207131609484,0.0008072744499518411,1086.512537664906,1.0300691500473564,545.0207060147661,1.03174088016657,276.40878557512167,1.0390835621862742,131.65382873900506,1.0141581972961973,Source,Outer_Race_Fault
0.0010797796778648655,0.9474452363774994,0.9474458516762678,3.1394376973460316,-3.0018113182632202,6.141249015609252,0.04939754955779538,0.1826243841839803,1838.3946585263482,0.8976536418585684,4.206722811495099,3.3135800761506147,1.2695401091323701,0.09275740596420388,0.07361963190184048,2735.6479736342435,1307.6428215425105,3031.25,6822.029026914635,4.8301157471025095e-05,0.00027414873102107965,0.0027000638240539643,2625.0,1.8127399440152434,1.8127399440152434,1.1551578270819192,757.1865959088102,1.1719987297009604,0.649403638005316,-0.04894153349487551,0.7411996237902972,1810.6686674735888,0.9401849702777845,0.14190191280576503,5.4536845346355936,0.05159979346767978,-0.2392362953513203,1.627321940158035,0.02815079277429115,0.9916065907170073,0.000636808355381355,919.316604129345,0.9475065834165532,462.7597953820773,0.9506975227693175,236.76787356915005,0.9616998065662102,107.34178905191663,0.9157255802810935,Source,Outer_Race_Fault
0.00013875001041371046,1.051736283082495,1.0517362922347728,4.137474217276133,-3.78491447684489,7.9223886941210235,0.07749355878132405,1.115069456410791,2265.3936197708745,1.1061492284037473,5.195676915631138,3.9339464158688076,1.320728949096191,0.18289000010052814,0.07802874743326489,2659.223219372517,878.7422485086926,3046.875,8075.803738308637,7.814896584963437e-05,0.00045455225554033726,0.004652230521164979,2625.0,2.646374253473327,2.646374253473327,3.8394783637073258,673.4320469920326,1.2502959225959154,0.8056416966198188,1.1952660414053335,1.1947413664464692,2236.502313454246,1.0448719325499514,1.0661178412229013,5.657318557813079,0.05255813308895965,0.05586149005402197,1.6847501090027284,0.028608760265179268,0.3705091567051251,0.0011288614556849551,1132.7255715393771,1.051749634177767,571.5047414964852,1.0565131969064765,288.8059888977766,1.0621432711681422,136.28163751264645,1.0318431185813566,Source,Outer_Race_Fault
0.01024329490091548,1.042884143664677,1.0429344476991993,4.984882209895946,-4.572951194746558,9.557833404642505,0.09213258346271987,4.717646839187984,2227.634712980754,1.0877122621976338,7.865577403241308,4.779669729859833,1.6456319887759214,0.35962643275640477,0.06104651162790698,3463.146144330412,2001.7446802907345,3968.75,8769.343977372293,6.612157488190374e-05,0.000291880069928771,0.0027198007499186125,3437.5,10.665860676806174,10.665860676806174,9.159020593081772,3516.249836180851,0.9946965248832857,1.0889895291006995,2.2954186960125993,1.752863738746399,2157.4658100738907,1.0263530505464178,4.470581576414865,8.291127653949108,0.06347864975238748,0.7503640046048803,2.5944764997492356,0.035582779974407626,0.39054119200146786,0.0012174748058452131,1114.461077969027,1.043190073594055,556.9926832738047,1.0429670564847286,280.1948817692337,1.0452326077395133,118.87154114654648,0.963322363250503,Source,Outer_Race_Fault
0.01576958862851794,1.0173113588688951,1.0174335756250577,4.984882209895946,-4.572951194746558,9.557833404642505,0.04417067633778077,4.411064276381682,2120.0303734972213,1.03517108080919,7.931494202043039,4.899466981747183,1.618848383220375,0.3486753213521145,0.06515580736543909,3163.371319911811,1014.5056581773757,3687.5,9174.825898093342,6.156168268329702e-05,0.0002693913683789439,0.002553027129080845,3437.5,2.662005515240229,2.662005515240229,3.2854037444918007,1025.4648114634597,0.9855716597970451,1.048208941515677,2.1093789941268373,1.6882157266293971,2047.4406387800216,0.9998630648862294,4.1813382615067125,9.380616397829375,0.06734993860470913,0.6872071283873162,2.4375627506904136,0.034431243685373855,1.8684219346618773,0.0010603443653039646,1060.0063311847666,1.0173070319318696,503.32624233865516,0.9913655918970942,249.52562595368119,0.9870955898474117,106.57533495155074,0.912334430495742,Source,Outer_Race_Fault
0.018030215701312004,1.0074968651048708,1.0076581870229497,4.9438608725144135,-4.852142815293836,9.796003687808248,0.053440546221158125,4.762765442785204,2079.488044798726,1.015375021874378,8.11551248557472,4.906287604451147,1.6541045164600743,0.34435614080974997,0.06515580736543909,3294.888520023777,1447.4260226562849,3859.375,9022.76799463842,6.621839278402874e-05,0.00029278749236404735,0.002588204994361164,3437.5,6.4958713047745835,6.4958713047745835,7.186168702579994,2764.0702215400543,0.9577661582061612,1.0550397790709287,2.3119000344727247,1.72674860238599,2004.1758383439678,0.9892366537664854,4.545342924790493,9.997475517530752,0.06986777520609756,3.5341036647823616,2.7178894353846594,0.03615769168047432,1.2733751852541184,0.0007606212220322914,1039.448523363025,1.0073522708148026,487.2504045930323,0.9753729730473392,238.12607846706462,0.9644583370778067,128.37288675693145,1.0014318049749398,Source,Outer_Race_Fault
-0.0012310200731559342,0.9797324232130036,0.979733196592442,4.874539599226215,-4.83164354583843,9.706183145064646,0.053221164666007,4.307569947700112,1965.8283755627406,0.9598771365052444,7.847218023587094,4.97537453684339,1.5772115175404937,0.32003775662804745,0.06192660550458715,3265.0873671696786,1149.0277085572015,3828.125,8370.875887143533,5.654961222424555e-05,0.0002473358759193124,0.0017972032912096125,3437.5,0.08303716123734563,0.08303716123734563,1.6648318864715062,1649.602502953608,0.9754499068236477,0.9839970705313461,2.418359810262907,1.7321672751348147,1896.717636280072,0.9623566145754736,4.112846749764028,14.831365281880935,0.08505660875996128,1.3645771997421923,2.8674415763276757,0.03740099285036357,1.0640671084609448,0.0005038603098553861,982.8852091620175,0.9797180367020474,485.48263575571355,0.9737592937539244,238.21198119544744,0.9646173818017546,114.01711870747019,0.9438001304901803,Source,Outer_Race_Fault
0.0003268160744449702,0.9373880953118467,0.9373881522833102,4.874539599226215,-4.7683825954783465,9.64292219470456,0.07431488456570914,4.630846992670205,1799.5705303882105,0.8786965480411184,8.25378677701131,5.200129303269629,1.5872272198734878,0.3497592110986007,0.07880434782608696,3933.8517087251735,2511.4548561458123,5171.875,9356.044086535769,5.8470138398516884e-05,0.00025293953615272485,0.0018244080176106387,3375.0,3.371216264309704,3.371216264309704,4.710897107515113,1438.966630601072,0.9269980372055853,0.9476639206762653,2.7708007683500497,1.7984565698495463,1740.6275814976802,0.9219043662647681,4.467370082079757,14.707684034866839,0.08471102945958627,1.529020482272295,3.1263837511637216,0.039070953156197546,1.8572606970512995,0.0006501263959471093,901.8633526182881,0.9384692570611656,489.2094754583525,0.9774863569113758,242.08492040166936,0.9724421980598312,113.16071716266434,0.940200086889411,Source,Outer_Race_Fault
-0.0009788156472596238,0.9945241252944894,0.9945246069720148,4.819543418589372,-4.7683825954783465,9.587926014067719,0.10664048667585922,4.763036515727576,2025.6341890515773,0.9890791938728405,7.792084038652321,4.846077598082991,1.6079156556912564,0.3735139173217135,0.07221006564551423,3180.4041277216893,1062.2114177927058,3812.5,10375.311942735585,6.130591438618249e-05,0.00027133178040177763,0.001963591809936669,3312.5,0.25375909297704363,0.25375909297704363,2.2657037186640996,1441.4355084401013,0.9719645466043322,1.0165836659034264,2.661586668646808,1.8215066185884323,1955.3677067284116,0.9771228152862041,4.596578969550907,12.798605527782891,0.07905184254595764,0.6468958385583723,3.8177390462241183,0.043175555265958364,1.3487958356759178,0.000708156618183333,1012.8164647786645,0.9945238108674009,551.7075219080708,1.038052331749002,283.6159272493022,1.052551719866501,124.73883459243405,0.9871676675361257,Source,Outer_Race_Fault
0.001261079910210916,1.00235567114048,1.0023564644326997,4.824483352596018,-4.881700136183929,9.706183488779947,-0.049008932475962746,5.25523378537086,2057.6634507059653,1.004718481790022,7.924809757001583,4.813141356180623,1.6464942893948509,0.38477187632661153,0.06925207756232687,3710.1228194946452,2271.1621825654097,4265.625,8610.390919617435,7.086904337480727e-05,0.00031204812180218297,0.0025688409588449585,3375.0,0.18427791751848352,0.18427791751848352,1.3634636228131964,745.8895435283291,0.958516992906545,1.0443563032866774,2.95740099347006,1.8893272593965358,1989.6588381825065,0.985652439714058,5.1719063937310565,13.604377841180854,0.0813606809320891,1.2066584511384324,2.8099908596632295,0.03703589664661423,0.8787150942188369,0.00047770081262012967,1026.387197114045,1.0011647751065336,513.3987975618463,1.0013642942938654,254.96701875020005,0.9979565417279266,107.96554660073286,0.918275465292705,Source,Outer_Race_Fault
0.00029873927632028817,0.9877481676135531,0.9877482127896193,4.824483352596018,-4.881700136183929,9.706183488779947,-0.030079255186285216,4.64551416656042,1998.1240972678902,0.975646531869087,7.946609178982541,4.884325063945811,1.6269615709325576,0.3479724097449282,0.08033240997229917,3388.4110565683677,1598.2983453621446,3875.0,10062.891271719218,5.515892949564802e-05,0.00023946103099260524,0.002223378603494999,3375.0,0.7920811446290814,0.7920811446290814,1.6531070188351844,1063.0526942096822,0.9560407381571059,1.0184689681742725,2.430165635317877,1.7439121024279174,1926.7586875839702,0.9699444374166679,4.511730138855337,15.127106418966878,0.0859298306553674,1.2324598510648936,3.5301353188681013,0.04142037531070012,1.0409349896617153,0.0006700019769511839,998.9059815080027,0.9876709310455819,487.0604911422782,0.9753403027145777,235.53249173598414,0.9591882246702553,109.54388669139219,0.9250918813656477,Source,Outer_Race_Fault
-0.0008083415895920514,0.9916573848627791,0.9916577143193167,4.944109244205636,-4.632637560566824,9.57674680477246,0.010913881833530674,4.283184969974948,2013.9725258117355,0.9833850223690115,8.081907958852815,4.985701389515555,1.621017250621604,0.3263880398135356,0.07598039215686274,3919.8974786269387,2495.6459428575376,5171.875,9833.789024726753,6.343036580892126e-05,0.0002695316512578793,0.0023429852084523484,3375.0,3.4590174711441763,3.4590174711441763,4.035144880919748,1583.7366053194453,0.9614764319991662,1.0209465154769755,1.947107037208415,1.6554682909838463,1944.732340535682,0.9744615397732245,4.104415986026873,15.86767248668577,0.08789765364881769,1.3889600643839248,2.925653103044224,0.037715638152450666,0.4434297651071515,0.000554874637460676,1009.4384527586774,0.99286441111246,483.1381550256531,0.9714034049349207,237.32287722986308,0.9628252032179345,124.83756018742697,0.9873527626018326,Source,Outer_Race_Fault
-0.0025509267477318662,0.9785796205426701,0.9785829453698387,4.8720565005973215,-4.806652737166836,9.678709237764156,0.05247098536108316,5.522190978187501,1961.2151418239152,0.9576245809687086,8.160636364353163,4.978685275120967,1.6391147287684065,0.3859172742626664,0.08031088082901555,3236.583784137441,1551.6043195431048,3843.75,9065.54287007123,6.476352251146217e-05,0.00027583812188272194,0.002364562302028516,3312.5,6.356204498748202,6.356204498748202,6.175224595620599,1595.0303354783525,0.9368342853199647,1.0186187438563197,3.3488686887824723,1.9630214468704954,1884.4568040032914,0.9592319068370839,5.422012250430322,14.666523520592294,0.08462486779125984,0.6356110064220406,2.5197189967846647,0.035075658004888925,0.1161834327603386,0.000628663463961257,980.5314606792218,0.9785411665375213,493.7850037858446,0.9820470491250118,242.0934551814174,0.9724514606373158,119.7224201461497,0.9671248662338513,Source,Outer_Race_Fault
-0.002053825487215871,1.0365866814539058,1.0365887161100844,4.845071199722851,-4.8689336900739075,9.714004889796758,0.013413502636323626,4.730481404244386,2200.6091087191103,1.074516166366753,7.664450278038813,4.6740535801938154,1.6397865678127286,0.37706347614082125,0.07493540051679587,3252.8618155862155,1347.0669467147054,3781.25,9657.28183839908,7.062499069030432e-05,0.00029873629984987455,0.0023700943856637792,3312.5,5.768815577828777,5.768815577828777,4.753985105587597,1382.1926396496392,0.9915479344157367,1.0797503428284216,2.2866186735529483,1.7574482160467964,2119.280262276908,1.017249753855863,4.557353787720391,13.797529962744054,0.08207847614364884,1.2942936618684602,3.272121415941361,0.03997140880673867,2.590902810644584,0.0009708783908952495,1100.4481820768058,1.0366544783398368,537.2176039796999,1.0243297702787297,268.3226141327016,1.023733772554566,149.8276028583237,1.0818767621061578,Source,Outer_Race_Fault
0.0013692757202979416,1.0137734027540868,1.0137743274751032,4.845071199722851,-4.8689336900739075,9.714004889796758,-0.06778055955804917,4.5029851250333435,2104.8082166734807,1.027738387047598,7.809213268880849,4.779240377678471,1.6339862931678264,0.37228837044589325,0.07103825136612021,3276.2078178355728,1419.4032565956406,3781.25,10488.326939683027,5.256338726514328e-05,0.00022498470639319734,0.0018947136223873545,3312.5,2.278606301051823,2.278606301051823,3.757804055272544,1266.3794835412214,0.9741830774422107,1.051875567957507,2.1211953250949076,1.6912928261690892,2021.7005890896187,0.9935579638900616,4.285252548439551,14.813797548563915,0.08504230686051734,1.7311886483041778,3.3500241615932005,0.04041306895789253,1.8754666690590795,0.0008901722432504266,1052.1785167361488,1.0136649239511746,522.7634867109308,1.0104563178428951,264.69257785562706,1.0168246636334142,136.19933418484993,1.0315313713337264,Source,Outer_Race_Fault
0.043569425557168265,1.030709998237114,1.0316304548186492,3.4737757095315964,-3.0594460203816394,6.533221729913236,0.08148297121196632,-0.08768390732011833,2179.6073375935143,1.0642613953093332,4.204493165322379,3.3672675067955926,1.248636515167611,0.06926292291979634,0.08409090909090909,3202.8315552399285,2066.6771832116983,4421.875,12320.435900780718,6.638615643982874e-05,0.00025392323820111056,0.0027400349766095186,3437.5,6.2855161294008575,6.2855161294008575,9.540254588549974,45851.366757384894,1.2961897579615023,0.6682188610142493,-0.13080992589198281,0.516417335918202,1789.4143324165657,0.9347004670107916,-0.2190133083419843,149.25143128135574,0.2699565460258941,0.08595783785781297,59.641068778023566,0.1706214558272236,3.1092349507275747,0.014143374544966447,1090.1030876833875,1.0308687093697442,539.4911372951753,1.0256069836837831,263.33635050862006,1.0135958014733069,133.0622416606929,1.019019580025817,Source,Outer_Race_Fault
0.043939978652502584,0.9432835229953981,0.9443063732065945,3.1166493170058844,-2.615233920880504,5.731883237886389,0.09062060804951436,-0.34321233539695095,1826.2313502281565,0.8917145264785921,4.065201944550123,3.300464134772949,1.2317061414847894,0.057264075515724155,0.06680584551148225,3235.673652772246,2285.1248635833713,4671.875,11497.318947027068,5.501717106382759e-05,0.00018851316323073526,0.0018833807127080434,3437.5,4.040453181582833,4.040453181582833,7.751994551980642,39128.38464938186,1.204100161890379,0.5758826638521802,-0.262331220565029,0.3456671427898535,1451.8282383976107,0.8419393834596134,-0.5516338444966866,152.38943242597443,0.272754234639089,0.21400501447994458,50.88139982370706,0.15748136665921142,-0.3949878477432196,0.012410091667603337,914.5231850021393,0.9439866561330221,458.8308180928218,0.9455740831990647,223.04238946006436,0.9323822714538511,114.49990038253321,0.9435278007229723,Source,Outer_Race_Fault
0.045045993669272553,1.10360685179565,1.1045257918563776,3.1444906988237826,-3.849781511494085,6.994272210317868,-0.05014503234898461,-0.033771081123968205,2498.513356545962,1.219977224875958,3.5749004232797925,2.846914686834822,1.2557104151422043,0.06939806297614376,0.09318181818181817,2933.0823584534005,1681.8206782456691,4140.625,12230.782348374694,7.33342663562572e-05,0.00031926582696831127,0.003665679000910491,3437.5,0.954755769028739,0.954755769028739,4.282619716747858,40597.803397454605,1.388668757809799,0.7138097590607884,0.04717632317398568,0.5918979856913639,2108.244578750194,1.0145930120289874,-0.19654974762053357,178.90588082658508,0.29547863442843575,0.6587547977674593,43.80198535776625,0.14594675230155682,-0.4137553916290839,0.016068244254256084,1249.2848271982775,1.1036139515479098,612.946412351182,1.093210633988932,307.3427826103423,1.0934458913617184,160.2636352415846,1.116090953138963,Source,Outer_Race_Fault
0.003463121594317518,1.060812097944018,1.0608177507732257,3.8557875535328265,-3.6885327087335473,7.544320262266374,0.0472113430268753,-0.05483697726468062,2304.684647128199,1.1253343003555658,4.500548603840357,3.6347313671197137,1.2382066648866945,0.09199805003538052,0.09523809523809523,3335.076482316118,2102.7628304379664,4953.125,9647.692437061307,7.331408164881765e-05,0.0003416314975893153,0.003600798375930663,3375.0,5.299623184012226,5.299623184012226,7.642569559616645,40213.328255495144,1.3422807244617925,0.6700290214359719,0.5375502889085877,0.6759661304456648,2058.253684756648,1.0025002090447808,-0.18040567864039136,91.79274523895381,0.21144444355307057,0.9052495177692768,38.90153118901359,0.1376427691519038,-0.01021960025224411,0.01360682752850238,1152.6540464068516,1.0609568530569988,570.4443309207077,1.055529559449602,289.1185009610617,1.0614542143141088,138.38601307677922,1.0385628219280951,Source,Outer_Race_Fault
0.0022945103395442578,1.0427409117713586,1.042743436258154,3.3802293425689385,-3.6885327087335473,7.068762051302485,0.07033954080417298,0.03178240266967025,2226.8188136641797,1.0873138738594628,4.060126016015773,3.2416692592175553,1.2524800315365205,0.09957527527410223,0.08299595141700405,3375.975666263229,2153.674729663172,4968.75,11728.747474934902,7.051692146673706e-05,0.0003080872665907666,0.0033269314568271295,3375.0,2.4849849010187173,2.4849849010187173,4.016806000162968,55078.20207715608,1.3072004383190141,0.6825315257000947,0.22356444318972946,0.65448641251217,1968.5376919069934,0.9803871133607115,-0.12079757326799667,97.77632699226092,0.21826809676464637,0.606373860877127,45.0714619922323,0.147093931898136,1.5356678521962843,0.01563757210301874,1114.0310950643523,1.043032901257427,554.0880670248748,1.0402899409912962,274.5093634519247,1.0343969161923119,131.38797278809017,1.011900517997359,Source,Outer_Race_Fault
0.0002743067413172218,0.9567435603821367,0.956743599705206,3.2711302338315806,-3.1540088193475126,6.425139053179093,0.06164286336167697,-0.09124815741823378,1874.6538303014408,0.9153583155768754,4.2736698476841966,3.419024945491654,1.249967436862221,0.0645600739798737,0.07399103139013452,3175.513542579573,1868.5471623208161,4578.125,10813.955056275812,6.148755076864003e-05,0.0002376690443124728,0.0022488793911754207,3375.0,1.3789231995633633,1.3789231995633633,1.453790892159329,39251.770786477166,1.2003973480596835,0.6243097993715033,0.0040349645941213375,0.5359333954514444,1592.9123758250987,0.8818945719954883,-0.27266711329087645,104.23132537831158,0.2255329684211235,0.2713458959136261,36.26002392599085,0.1330099364201538,-0.3204793392499039,0.01329252120373184,937.3197305435732,0.956739819057235,489.2168939520716,0.9774975401186338,249.43844794142387,0.9830046164211497,115.06571860108187,0.9439885632351677,Source,Outer_Race_Fault
0.0015765208077459032,1.0607105163174142,1.0607116878983718,3.40096184313395,-2.8956693430859937,6.296631186219944,0.08559769867759251,-0.17919628280802025,2304.223815360948,1.1251092848442128,3.9895621328631745,3.206301846142946,1.2442877571437823,0.04892331205436535,0.08163265306122448,2988.732381314043,1464.4580090396857,4093.75,11524.370900833923,6.71842006495247e-05,0.0002838217239399313,0.0030748174249974176,3437.5,9.946254066628008,9.946254066628008,9.29007408360044,53246.90145048561,1.3420660839973126,0.6701303681640962,-0.24429941337962502,0.5093227357189918,1993.8438451372267,0.9866896817393286,-0.3706146142186304,151.91125167826974,0.27233754695975376,0.05544691335335594,44.53517237702275,0.1472342737640416,0.3413235431999224,0.010013776643120285,1152.106100017697,1.0607078590020012,553.9452150919523,1.0401549414979874,267.4418636850792,1.0217353830442453,134.14088351187218,1.0235895723250927,Source,Outer_Race_Fault
-0.006394762191670783,1.1097030069013192,1.1097214319410602,3.979415787631142,-3.029170676623429,7.008586464254571,0.06141676065855897,-0.11438213030512312,2522.0744325310816,1.2314816565093172,4.4720911862423876,3.5859592084029406,1.247111561047037,0.05858107337391933,0.10865191146881287,3100.623464853494,1860.559100950013,4140.625,12410.108841483176,7.580765156650984e-05,0.0003357608870520161,0.003522417269835383,3500.0,6.359155401036822,6.359155401036822,9.753828365440523,60953.473125303906,1.3939887130359523,0.7209145714803856,-0.2352952436993183,0.5135318766284545,2164.429261451025,1.0280285761343904,-0.26441282748547756,160.75582700930093,0.28015575009519744,-0.12967560065829975,52.80765875596255,0.16039544357277338,0.9585572396922264,0.008436411099489075,1260.9856259029925,1.1096817846921239,618.1124602534276,1.0987357297558378,285.16545459215786,1.0552647881318202,146.98111738127568,1.0715091659554319,Source,Outer_Race_Fault
-0.0022638217914390003,1.0066205746679637,1.0066231202560196,3.979415787631142,-3.3990365798667503,7.378452367497893,-0.00969547616315342,0.23078181676893061,2075.21813756716,1.0132901062339648,5.000640703960539,3.9532330497426256,1.264949635156497,0.10926096231332913,0.07638888888888888,3278.721992513595,2201.4075122697095,4640.625,12078.724244273253,5.778997461810035e-05,0.0001908195466270586,0.0014984353255454736,3437.5,2.2392758747471757,2.2392758747471757,1.8522371268382647,54662.006948869144,1.2508403981774752,0.6796860567149761,0.5274723150392342,0.82206342372121,1723.8395179872596,0.9174481131738164,0.08232460316261214,139.1115746322624,0.2605579341558735,-0.13986731129497576,63.64554652882279,0.1762594128124698,0.7333872312299738,0.01127157615768478,1036.7704244225708,1.006214692371373,490.2685015511465,0.9785477072465537,234.48379530512688,0.9570493805937225,108.90864763710633,0.9223640809715851,Source,Outer_Race_Fault
-0.0015364656121931337,0.9614533945418716,0.9614546222275211,3.2270352912953637,-2.8270351575610824,6.0540704488564465,-0.030985395958397353,-0.14789010272405578,1893.1609407542585,0.9243949906026653,4.188503953620279,3.3564093579568954,1.2479121307687848,0.05599310316197578,0.05416666666666667,3175.0170131614195,2270.516722082233,4484.375,11435.232954277179,5.730211325910779e-05,0.00017504577940873157,0.0012267832749863524,3562.5,4.661678319745705,4.661678319745705,7.6633896849973056,52635.903289559996,1.2155148809472514,0.6093528575696836,-0.022361582085017595,0.5197378482217435,1424.9929798148537,0.8341301366773294,-0.29540445622337996,201.66727207431595,0.3137701634293203,0.07715261892599079,51.94662914942009,0.15909182517981935,0.11161876396424963,0.008264620059669837,946.6504478177944,0.9614896418519814,457.56258810591623,0.9453448277086197,194.48269693372464,0.8715738681903249,91.75321361403579,0.8465511602914313,Source,Outer_Race_Fault
0.005907714631212271,0.9429151365690603,0.942933643404038,2.8181037854666457,-2.820095598212326,5.638199383678971,-0.004105336407374678,-0.2607737243026267,1820.9256568078613,0.8891238558632135,3.70552612546292,2.9886554639127616,1.2398639355409766,0.04122498650193449,0.0743801652892562,2944.1438498342304,1768.6730752097942,4062.5,10174.739266491652,5.823236210512565e-05,0.00019187143985289603,0.0016696428163377787,3437.5,10.447128159698265,10.447128159698265,8.895348162932345,56714.928114256734,1.1996071871232012,0.5823704778561429,-0.3427716817951101,0.4447028469824316,1405.4943655761676,0.8283943193443949,-0.390483376664966,174.32101678175488,0.29171324259461806,0.049570997187062815,53.00149555065878,0.1608307160954715,0.7460533447720805,0.006042702818597671,910.4466845868847,0.9429079098534267,442.05661663638443,0.929174191009334,201.82928283684328,0.8878975370700606,92.73402117284574,0.851166482737605,Source,Outer_Race_Fault
0.0016784467621607396,0.9365235212331752,0.9365250252964514,3.259449506515405,-3.2226792642103397,6.482128770725745,-0.045196603352619207,-0.11222389296464019,1796.2580439173507,0.8770791230065189,4.320907172347316,3.480365626624495,1.241509552701231,0.06693052805968498,0.0649895178197065,3031.0364446111143,1900.106794316709,4203.125,10971.501401591657,5.406317353591953e-05,0.00016685388813859184,0.001536474527532647,3437.5,2.49403534318293,2.49403534318293,3.325167693654855,55982.690950226446,1.1799898500072001,0.6014809398909136,0.05054294373209345,0.5693216035722739,1401.7208994695097,0.8272998516417337,-0.355220149214849,163.3230337731519,0.28238112857822323,-0.10151025250646528,41.52379589089035,0.14239130766720584,0.412264354888213,0.012637048177701327,898.4008442635577,0.9366656442843067,446.2280996065798,0.9335623934694173,225.63787002918338,0.9377621431831338,120.21550221319366,0.9675560272592053,Source,Outer_Race_Fault
0.06432033338414792,1.0062937576218192,1.0083472774373363,10.333031613115011,-9.129130582440608,19.46216219555562,-0.2845343597531384,35.66769139505327,2082.333146962511,1.0167642319152885,25.292967358691826,10.247492946453814,2.46821027258619,0.7822670024212919,0.08661417322834646,2807.247293038622,1213.3728970208056,3562.5,5269.9948809883845,7.272086571691507e-05,0.0003008773120838543,0.0022540929608258937,3500.0,3.4021411563797668,3.4021411563797668,1.8478611952131014,4621.215913187863,0.6364661502599296,1.2744811472624342,25.921432926740994,4.788385424517786,1900.5979289210673,0.9633222303776554,37.27964843332523,49.46229930754072,0.15540293900757282,13.187103915963398,9.41575053828527,0.06778005691368348,7.9420670510266,0.007015765159969163,1041.1586978218056,1.0062936559226268,520.0597693774531,1.0057968055452695,291.4708961673114,1.0653011457460373,189.50201676203548,1.2151046908427479,Source,Outer_Race_Fault
0.061655174550348114,1.0782204351928961,1.079981790317037,10.333031613115011,-9.129130582440608,19.46216219555562,-0.21460519264360695,27.050058162807584,2388.7066468687717,1.1663606674163924,21.481963653214223,9.567783184642094,2.245239387081471,0.6798888995959672,0.07936507936507936,2954.257279685268,1533.5885433504807,3578.125,7881.742361431129,8.45128421421226e-05,0.0003548453086963275,0.0026113783496402635,3437.5,3.7699435268424355,3.7699435268424355,4.735997471909971,3538.7789067896038,0.7521533165472777,1.3278498863499517,20.378994069714558,4.15081074458871,2194.0947553333226,1.0350456068117626,27.9466781357786,50.30075099586301,0.15670674776372592,13.160687999604797,11.141617054002467,0.07366447863393567,5.378330923708891,0.007455454542908603,1194.4021921759881,1.0782542662739865,598.7883717169325,1.0797197091023163,328.9685720414024,1.132700792061015,211.0940276846453,1.2832831571188623,Source,Outer_Race_Fault
0.06209492976346184,0.6745694165768745,0.6774213445730759,5.042734379830567,-4.723470878176532,9.7662052580071,-0.20607054012165876,13.610748809476434,939.8265407143815,0.4588996780831941,13.81731632866816,7.444014600704081,1.856164592605886,0.6012355771378112,0.03333333333333333,2778.667320378919,1271.1958241183993,3578.125,6627.846009465504,2.9700207724978986e-05,0.00013887940366047162,0.001171102736714338,3312.5,0.9830248550341095,0.9830248550341095,1.7697040338541832,4149.090676454292,0.5703004675594505,0.7672685002767914,10.524085710346892,3.1141482982737716,854.6418553978622,0.6459917652393807,14.084098994725338,27.40950496394142,0.11562201214931421,4.586740069351719,4.775262141593972,0.048273829380335,0.5821309313769691,0.006094976988569308,469.91889161086124,0.6745705039770293,234.4326321147548,0.6738082562514811,112.30545449318134,0.659366464131726,42.45184849983333,0.5727839305472995,Source,Outer_Race_Fault
-0.0019867256350631505,1.1980782670846972,1.1980799143376955,9.380424194602478,-9.729726199311726,19.110150393914203,-0.4669698999628493,20.484804443745322,2939.6899453735314,1.4353954811394196,17.137165022523345,7.82954799787961,2.1887808883941213,0.6927433043475919,0.10843373493975905,2915.580461435803,1542.994655200442,3578.125,10587.372390596318,8.06805756967416e-05,0.00035633167454383397,0.0028639339979473735,3437.5,5.7078571228073525,5.7078571228073525,7.446318014987949,2905.3333258322327,0.8578478424763922,1.4611242412390741,14.506785538715945,3.6340025222390056,2695.379159321726,1.1471731578025846,20.97848090444745,78.98546090152446,0.19637082135257308,6.16652639787859,22.27309467863863,0.10390625336604851,9.401955128003703,0.0027947567202484037,1469.849261890905,1.1980796402151705,728.1191983991638,1.1925184683091663,377.88886132700065,1.214770615968122,244.42679624787468,1.3816416556066642,Source,Outer_Race_Fault
-0.0018604089609169803,1.119353037054626,1.1193545830901468,9.380424194602478,-9.729726199311726,19.110150393914203,-0.5252198975834529,26.019638068856324,2566.0511901387085,1.2529546826849163,18.420084483353886,8.380207966546584,2.198046224734045,0.7260235182393261,0.0963855421686747,2766.9376951030627,1158.292358347588,3562.5,7443.6831916526435,7.017356310680055e-05,0.0002979405578583594,0.0023703975589324986,3437.5,3.630537923869364,3.630537923869364,6.255687750380638,4027.765237820933,0.7958104177220301,1.3684267177081826,19.58517381902692,4.22176003503279,2333.9571379982517,1.0674978903757417,27.010635247277673,76.30694879267179,0.19278104462820506,7.19040974613592,22.262675177474947,0.1041415512221165,9.285146475756687,0.002689543735380158,1283.0299264787245,1.1193549913514909,634.8709889046106,1.1135436296375232,341.50384191640273,1.1547911932864625,209.16212569329375,1.2780761082962442,Source,Outer_Race_Fault
0.0012399341160301437,1.113500854968505,1.1135015453299577,10.564419937177982,-9.75639131260102,20.320811249779002,-0.28011040261286113,30.47326736683435,2539.2858960941135,1.2398856914522038,21.28559829334389,9.487566480249011,2.2435256013916467,0.7401641838496091,0.06034482758620689,2914.046810159355,1564.5532028543244,3593.75,7183.714501580996,8.337749795650016e-05,0.0003413335466851729,0.00238822717201027,3500.0,3.4356230464148405,3.4356230464148405,0.13712256190327102,3669.360115650926,0.7791388020332602,1.3684708694368228,23.697811466776198,4.555651689497125,2293.001145925829,1.0581203804087056,32.51105396608283,77.6140759568482,0.19466719231449137,9.79870553038933,21.357360541397554,0.10207876061178185,6.729509417129309,0.0030984840265571257,1269.6236885209928,1.1134921317672446,646.9845086809892,1.124116527017129,285.6007379992212,1.0562214512804335,133.91918199315705,1.022860138245699,Source,Outer_Race_Fault
-0.009632196344308732,1.144597679249083,1.1446382077096684,9.810209324397887,-10.391825382950408,20.202034707348297,-0.7859253229360824,27.32323912702793,2683.2826911719467,1.310196626548802,20.61445169390714,8.57057650034883,2.405258466926713,0.7536706094054219,0.10869565217391305,3768.780606652189,2729.5479236267097,4968.75,11232.974437693962,4.4822387665890544e-05,0.00020060915076092369,0.0017323680833989893,3500.0,15.432510345185747,15.432510345185747,14.713835301509317,7595.771301241404,0.7542383903608852,1.4322788928178174,19.132543058913654,4.167363395211048,2498.3856407693693,1.1044795715801545,28.13682970882137,75.48850491697593,0.19197353612663065,11.810498756512343,10.528476318332554,0.0716841150758371,3.0193187079974892,0.0037380631436764724,1332.5874432907735,1.1407400882764513,638.1711446983815,1.116428394325152,270.9471897016316,1.0281772013344939,131.72311417914045,1.0135102432407488,Source,Outer_Race_Fault
-0.0019386719065389796,1.1306979730282032,1.1306996350308285,9.810209324397887,-10.391825382950408,20.202034707348297,-0.5033764650754663,29.35394597653861,2618.330449221322,1.2784816646588486,20.58784826725153,8.676229318965342,2.37290273347762,0.796847075808465,0.109375,2870.8005742891487,1386.9489641429177,3562.5,6096.456298530555,0.00010912276270408128,0.000530766186600694,0.00439855138257944,3437.5,3.2523197244817874,3.2523197244817874,1.778075489194752,3757.4488209410747,0.7457996008715129,1.4144760548825457,21.114327698891266,4.397924633305442,2409.326455862966,1.0846328478341536,30.042825219255654,73.58782795908422,0.1895530585752508,7.62685670514948,21.732749706047443,0.10298340825637449,8.289709501334372,0.002358502500521264,1309.246900715602,1.1307334556773232,658.4522208491617,1.1340359366922812,270.8046202860697,1.0285087195020721,125.19158836843474,0.9889367016662464,Source,Outer_Race_Fault
0.005725929166376253,0.7667215710952011,0.7667429516125414,7.850876643627361,-6.422808550582289,14.27368519420965,0.5695966517849869,33.23358707663556,1204.0084558797043,0.5878947538475119,21.24495417078895,10.239255055577802,2.074853498176689,0.6915912094731006,0.05128205128205128,4070.944945494632,3127.6346249377425,6250.0,5337.836489163921,9.443168211745478e-06,2.857542071071298e-05,0.00016776345167811695,2812.5,18.151143531891652,18.151143531891652,17.30041926085807,9577.50112239047,0.5780742003656928,0.9173791449908296,27.854945788497478,4.929868818830735,1068.5813146575413,0.7223285606636544,34.926715309500565,43.399811103474036,0.14551341221001846,3.2609930815282997,24.441264538727097,0.10913792400342516,14.79286445270074,0.0011601803568120075,611.0251601827031,0.7724551329721309,341.2886419423045,0.816442826457566,144.7533761412657,0.7510169552405078,47.959668980837634,0.6106325714482035,Source,Outer_Race_Fault
0.00033490135309347836,1.2943085262094571,1.2943085695371923,12.096523076264116,-11.423436557445031,23.51995963370915,-0.4741698709479671,27.298346720394797,3430.8806106673414,1.6752346731774128,20.97990732154829,9.345934471089446,2.24481643718423,0.6977682145389513,0.0975609756097561,2746.014805570745,1137.1674996957202,3562.5,8089.992234722797,0.00014119376822652535,0.0006333033647293748,0.005308058706786851,3437.5,4.144956937058519,4.144956937058519,5.398073279715315,6244.47569428431,0.9009930158661253,1.5933238274952126,20.475280178546523,4.282669994196648,3072.5132310814656,1.2248439188693456,29.259681192478972,104.47258807504386,0.22580824137660524,8.377935645566726,31.14265788025882,0.12330009378560121,7.6288828666398665,0.0041796489609325915,1715.4287695835487,1.294304169773131,834.6017145724925,1.276746343406749,478.5690192970394,1.366999602208758,265.0350675293107,1.4386864167687905,Source,Outer_Race_Fault
-0.000820350771419487,1.2551702664735616,1.2551705345548467,12.096523076264116,-11.423436557445031,23.51995963370915,-0.5086710942665115,31.074434343626493,3226.5278890285053,1.5754530708146999,22.88738132269659,9.63735424250874,2.374861476165753,0.7713651075038673,0.0975609756097561,2793.5642297081645,1309.843432087024,3562.5,5771.588956881903,0.00013157991775854534,0.0005906017893283708,0.0049048224888989115,3437.5,5.367493465522899,5.367493465522899,6.372746433259625,7595.340913149665,0.825857634414017,1.5712621117686312,22.651535683034265,4.576828006803764,2911.4420661596905,1.1923015702477926,32.757970849328615,84.3949958459331,0.2029440537123081,13.069959358961576,28.95326501288309,0.11887890386823173,9.163039852328131,0.0038087499961640273,1613.221895013785,1.2551538305394498,782.9732668850758,1.2366258722195156,457.0089943352437,1.3360105735741512,257.47283039825743,1.4181228168856417,Source,Outer_Race_Fault
0.001383932946460044,0.9668388984417864,0.966839888921908,9.066135216950032,-8.692545151753132,17.758680368703164,-0.6774048282995014,28.479264067676482,1914.4281514199602,0.9347793708105274,20.14417569919076,9.37708023927249,2.148235397925274,0.7329852401864508,0.07874015748031496,2743.1698446160235,1334.1613084836965,3562.5,5565.8448126237645,5.483502689435498e-05,0.00021680982497585382,0.001782807332052812,3500.0,3.0695214212248008,3.0695214212248008,2.4178576812829795,3701.871334879223,0.7090018420739388,1.1691335285341165,22.989948300422466,4.531636591701531,1682.3843166836448,0.9063368344729771,31.58896361171552,80.13829945545547,0.19762331471913328,7.8751417015411835,15.045801480444801,0.08568780860379155,1.9325512695158427,0.003165045088543704,957.2408959924945,0.9668525574135484,495.10360453174184,0.9833606297367232,266.27845109955757,1.0198588850723143,110.13653924969373,0.9275727989385786,Source,Outer_Race_Fault
0.006535069102784859,0.9936455456353548,0.9936670355250597,5.055569423449726,-3.997442103464257,9.053011526913984,0.1935993854973269,2.403724490387029,2022.1423154978004,0.9873741774891603,7.132486930766928,5.087790218157265,1.4018830621814096,0.231442259445691,0.02494331065759637,2319.889248288377,1844.7237622186756,3453.125,10579.280921019537,6.6743107717513e-05,0.00021466809009909436,0.0014084819904739154,500.0,3.6709697372489285,3.6709697372489285,3.194650928677398,4556.834392030693,1.1223357526921256,0.8456169653805642,2.165547413775913,1.4411687557674884,1063.128410186395,0.7204795653409842,2.734271972400374,426.2319280679657,0.456202867992001,0.852552194306663,69.17556581079512,0.1837848595685822,3.0261450567523323,0.01354682491827069,1011.0461149349376,0.9936316847900076,515.6836158207952,1.0035653981207855,243.6957039430652,0.975661960853905,132.21529623719366,1.0162005628881012,Source,Outer_Race_Fault
0.005242613320029399,0.9813856134406208,0.9813996164981149,5.810834066139131,-4.648884884638893,10.459718950778024,0.20331586933385773,4.4003623047705425,1972.521384473901,0.963145207262647,8.534739127982762,5.920966310210794,1.4414436226844392,0.3321581411152205,0.024615384615384615,2271.4224070060573,1864.436160288847,3359.375,10455.928346113024,6.811894022127592e-05,0.0002403280575158328,0.0016934172308523314,500.0,2.0496786934025764,2.0496786934025764,2.648063362801093,2297.974586012734,1.0657958182173624,0.8890118888108786,5.344323124847161,2.0455451771068573,1046.1269802092056,0.7146860635641876,3.5496850241085323,542.7989452526116,0.5147887142074524,3.54647796198688,28.16316060266756,0.11726604497997961,0.35469048449975116,0.004001781829268913,985.8741145753503,0.9811945843422393,499.81480001129216,0.9880182591871891,226.40348121658548,0.9404136745188628,126.5856025834535,0.9944482881658857,Source,Outer_Race_Fault
-0.0007214405944775447,1.00043836699191,1.0004386271161119,5.810834066139131,-4.648884884638893,10.459718950778024,0.08644985069494693,3.76389104461209,2049.797010689988,1.0008774466259707,8.229990851800952,5.808286394228479,1.416939574463623,0.2912978974664023,0.03076923076923077,2282.573005339815,1811.2605039980479,3375.0,11496.785415447279,7.041591719788544e-05,0.0002580746605835746,0.002252794127738805,500.0,10.95594816076475,10.95594816076475,10.836219602522235,6453.075086780301,1.1108913408558072,0.8761705073065006,5.0970819077685565,1.9330686975610898,1045.4732564765757,0.714467975425212,2.8316689452698194,585.2668757348471,0.5345421780813328,2.9191151437084892,35.496105534792115,0.13164070237530726,0.5233785417832704,0.005988182154136259,1024.957920962404,1.000467192778715,506.1726905678746,0.9942923081683565,234.60690530066563,0.9572862863206527,128.23441992320227,1.0009125200006932,Source,Outer_Race_Fault
-0.004600652187574206,1.0132368750006624,1.0132473196913274,4.844378162360752,-4.8991689935067715,9.743547155867525,-0.058399186924232876,3.1692636303612485,2102.6204280046777,1.026670130861659,6.810166059910824,4.781042168299571,1.4244103733418718,0.3206412771187149,0.02238805970149254,2285.350347326502,1435.468706845838,3421.875,11068.353525672877,7.05446849948052e-05,0.00021552022422727615,0.0015764377944011679,625.0,5.171619590175523,5.171619590175523,6.845726597599844,4449.868656508106,1.124930154457773,0.887609847670263,4.271970506067681,1.8350252857283031,1230.241753427067,0.7750504742534136,4.493627334428516,513.1606955738744,0.5005347254501806,0.29905368644822605,35.50272391208504,0.13135551946022828,0.8202196124772794,0.005406271337145259,1051.2267225191931,1.0131968221535108,526.9811518670952,1.0145154642226644,206.09457218829144,0.8972356763536682,79.70147225070154,0.7890863189814181,Source,Outer_Race_Fault
-0.0004450573160563751,1.0831847072861256,1.0831847987183645,4.943513061145704,-5.231117214925454,10.174630276071158,-0.04565679885740755,2.9496438351732435,2402.896503141466,1.173289308174544,6.560272512767056,4.563868572560213,1.437436772875103,0.2684034512727343,0.03313253012048192,2460.0434598470197,1999.1794809156158,3531.25,10582.118381708142,7.182937922925766e-05,0.0002339619352659494,0.0019301428474651759,625.0,3.522232249348706,3.522232249348706,1.7111296689237117,3994.1424636689208,1.1875527732022362,0.9676242517505891,2.979195874428476,1.6687303433695133,1313.161103418679,0.8007290956595946,3.3648130678545067,595.3177213424049,0.5383111186155691,1.1655960715261386,76.75760580236721,0.19353444729063324,2.715674554922323,0.032992885527999866,1201.4427723175074,1.0831823261288234,598.1609549568302,1.0808711761847005,295.0068558570681,1.0733041255249236,105.92689625380574,0.9093564593627613,Source,Outer_Race_Fault
-0.0035939852131276406,1.0392499944570825,1.0392562088863162,4.943513061145704,-5.231117214925454,10.174630276071158,0.12204838037059691,2.351082752707997,2211.9495018675375,1.0800534677087585,6.551660490044489,4.756779915169574,1.3773310110797778,0.23906242139013506,0.035164835164835165,2356.767182494483,1836.6020426765845,3500.0,10789.011619391205,7.079074650744332e-05,0.0002242687615681894,0.0017205824081151938,500.0,3.832935332550648,3.832935332550648,4.702098873879024,4883.164906756294,1.1873493215281252,0.866196020874818,3.6632828837988116,1.6472024344334717,1151.3102768622825,0.7497743228077981,2.7384637414999338,554.5065300631609,0.5196125935440806,1.16266833522476,80.5026302770948,0.1979574104371836,1.9333353660518497,0.03275959971281498,1106.2718130495994,1.0393886750892556,551.8423021374495,1.0381698426866433,282.8581391470607,1.0508962187292379,125.2282655153497,0.9888985114954819,Source,Outer_Race_Fault
-0.0016367269674766117,0.9814916881234933,0.9814930528183431,4.336094367423359,-4.909500930717909,9.245595298141268,0.05158299888554294,2.5247544856636477,1972.8969988724136,0.9633286127306707,6.042926798357816,4.417855383665047,1.3678416954754666,0.2829344535953461,0.019851116625310174,2683.7058357991864,2283.705143685912,3593.75,10366.079158803212,4.634689115310293e-05,0.00014648546006032476,0.0011225579998585945,625.0,4.027420859566827,4.027420859566827,2.5152556803409594,3325.9958302457,1.1264097137345328,0.8110828574659987,4.2426627997275315,1.7700653833746514,1143.7135434569286,0.7472974732819216,4.4294912772436374,494.7264138369809,0.49070196051908854,-0.10115154435196327,45.88478889122737,0.14916365473734255,3.6462312896626647,0.007319350151393768,985.5295736292042,0.981033356004375,484.9962742780014,0.973266458519373,266.867360009541,1.020923147058376,159.04933512231153,1.1144335165990258,Source,Outer_Race_Fault
-0.006055226175570799,0.935956912516303,0.9359764996254382,4.336094367423359,-4.909500930717909,9.245595298141268,0.10739947745779914,3.449681141531224,1794.1545120790279,0.8760520078510878,6.498873861503446,4.632695766569556,1.4028276815414036,0.3414054490885022,0.03861003861003861,2707.6305090987953,2426.580503488911,3593.75,9564.634959607874,5.2959876821530034e-05,0.00017025046962729773,0.001387215889189637,625.0,13.351085437527955,13.351085437527955,11.430641893404903,7862.538337211314,1.0500205320148006,0.8059304101792821,5.226177085701499,2.0166341084651993,1058.0337853077335,0.7187269198579346,5.1358429180882705,424.1648229271394,0.45505377355470755,0.7656852878613143,52.46403863206557,0.15961413054198179,6.27057134980349,0.006155068596280891,897.9886383814526,0.9364361571651881,444.3370283809819,0.9315742799632215,206.91337659706466,0.8989034327517303,124.40836597404058,0.9857775016275075,Source,Outer_Race_Fault
-0.0018274486092392586,1.027963995551084,1.027965619910398,6.640715975812594,-5.550960632190574,12.191676608003167,0.09737175028854252,4.8130004191839495,2164.14887058999,1.0567133157177686,9.378891678015165,6.4600564913750995,1.451828121091052,0.33165109728715075,0.03560830860534125,2416.675685541065,1620.0285509135017,3531.25,10512.480579611152,6.261274769309706e-05,0.00020297134900845192,0.001242467506995245,500.0,5.720587389089135,5.720587389089135,3.7517246331384824,4289.425057429547,1.1097806680188982,0.9390474664091946,6.677338992078912,2.2232266738744224,1317.0657933227951,0.8019146839738999,5.697508831856689,325.8520706530379,0.3988207165897896,0.6154464009928082,137.5922078322199,0.25887832726501514,8.968075710126143,0.007347615734432319,1082.482355394124,1.0281579595462156,534.7277646368602,1.0219532454578792,336.30798295462785,1.1461178844402689,190.04772856643325,1.218283793871069,Source,Outer_Race_Fault
-0.0009032621430230627,1.0159853306056297,1.0159857321283257,5.877270574289032,-4.826108120654028,10.703378694943058,0.3889466570467934,3.758139870958865,2114.0009121552994,1.0322270078883298,8.079743375598198,5.784796369115441,1.3967204478856494,0.2897286840720286,0.033078880407124686,2182.2208842756895,1597.9506264693198,3328.125,11653.639896409324,6.938783842222374e-05,0.0002308243684207677,0.0017434837158204943,625.0,2.494822934373057,2.494822934373057,3.4395962366967927,4962.55305887098,1.1471854295310793,0.8651120005510708,6.2883834598665125,2.0943434959490967,1079.9061591720815,0.7261427838353866,4.793276204999934,622.595267081328,0.5513564940019163,2.91911672677295,47.45456317363225,0.15146540887006316,3.071906295209276,0.006929842004692139,1057.4098627658282,1.0161819489264325,529.399269855716,1.016848709595476,284.7491248608626,1.0546025715579808,172.62370306707186,1.1612456967996996,Source,Outer_Race_Fault
0.002191082591582766,1.0822568173813891,1.0822590353567934,5.877270574289032,-4.826108120654028,10.703378694943058,0.3552410326629247,2.95590980549588,2398.7909009641817,1.1712846196114168,7.576825237221226,5.430558103265402,1.3952203609911236,0.2464464111978917,0.033402922755741124,2227.411149483401,1510.0997315282982,3437.5,11540.78616350983,8.416983225572072e-05,0.0002728314080944842,0.0021443655859774216,625.0,4.162392998858922,4.162392998858922,3.4402047948744,6197.190222760113,1.2219880680910167,0.9215799436855918,4.143578166590407,1.731807504357189,1265.4386930464639,0.7860551459039281,3.7445556759567147,654.2090724477962,0.5651827343587813,1.7797906723760812,49.08331586494672,0.15472794106260482,0.22598996703365337,0.010782454687051255,1199.3241979557502,1.0822244945758537,598.5729068214871,1.0812403817877225,306.8193281120564,1.0947346378752754,183.36938912436142,1.196883121180207,Source,Outer_Race_Fault
-0.0020790170732754056,1.0098873267547113,1.0098894667495881,4.168773369546239,-4.831782366853123,9.000555736399361,0.04424248596052305,2.1874700706394377,2088.70755338602,1.0198767350517677,5.67567065877899,4.127950143854631,1.3749368236020205,0.22733092484257367,0.023323615160349854,2227.406971803095,1452.6468667952208,3421.875,10405.021038952314,6.144245396902829e-05,0.00018453619315580234,0.0013883134892133313,625.0,4.705797131438106,4.705797131438106,6.774113764433329,8206.680400595504,1.1539224704779725,0.841553370606253,2.611445100885504,1.463002767908216,1172.5993701360967,0.7566091296718506,2.8616600836184434,510.0826770388394,0.49873720955394346,0.7207547491994215,47.8265946199916,0.1528145797872819,0.6111118599830365,0.009500600179389326,1044.5086134785556,1.0099620499360644,516.3125342351698,1.0042002266690233,244.06162231778532,0.9764004346144969,137.05960472883916,1.0347698576062014,Source,Outer_Race_Fault
0.0019035378097311667,1.2870717144634471,1.2870731220983795,10.201017543475686,-8.720136460520552,18.921154003996236,0.3420162417761449,16.1107674947958,3392.629189894288,1.6565572216280704,16.193188522134164,7.925748248743209,2.0431116424499014,0.5820418361745645,0.08536585365853659,2839.48604248077,1124.7112109380562,3625.0,14383.169231940687,0.00012879594929198027,0.0005312665677920736,0.004126891680392273,3437.5,1.2175497759452014,1.2175497759452014,7.56361980090892,1090.5855336619948,0.9898708299917249,1.5275033746439222,11.662101178216808,3.2092431119041884,3073.584005772459,1.2250505675192163,16.418936146190433,97.81891365822668,0.21854744345206978,2.6766289317627416,28.516457362751204,0.11799482384426938,10.93373218817797,0.006014368782329287,1696.3282440453863,1.2870769124918455,826.0655539935005,1.2701992380966245,401.4454790441855,1.2521640667300042,171.28466016435604,1.15674759841511,Source,Outer_Race_Fault
0.0010918129280103645,1.1292137369050437,1.129214264730358,10.201017543475686,-8.720136460520552,18.921154003996236,0.5973399078270166,18.113376741060303,2611.4557044132316,1.2751248556705232,17.75668390400658,9.033730676358006,1.9655981056062737,0.5602777788030224,0.07692307692307693,2855.4234912626835,1282.626268962414,3609.375,9360.194487486047,9.376768410805063e-05,0.0003735127761008195,0.00291245136475072,3437.5,2.956636051097237,2.956636051097237,6.414851330949968,1170.7596817893484,0.904692802330647,1.315970912755719,14.811140469876882,3.4656844184704676,2339.986497822836,1.0689070019235338,18.792676027467124,79.82544835247379,0.19706012478992435,2.026910565401562,19.903735662858494,0.0981922365640034,15.24136582246335,0.003227104804050681,1305.729564164677,1.129214378844567,642.8436887369666,1.1205141785359114,294.3215457244443,1.0721243048428175,76.73055237308068,0.7742147933036924,Source,Outer_Race_Fault
0.0012094202789378649,0.919251644332593,0.9192524399236518,6.015993795111474,-6.386097498393648,12.402091293505123,-0.30387758629334505,14.341652740538532,1730.6112989298422,0.845025048305587,12.66057388397852,6.544441476392634,1.9345537628609315,0.6248953876664499,0.0761904761904762,2719.3479199243043,1241.2032455938793,3609.375,9050.758956926946,6.319088661132693e-05,0.00024333209367085107,0.0020315020104074485,2812.5,0.9314978859231262,0.9314978859231262,4.4862418969464075,503.5024702988431,0.7502066382233092,1.061714948820688,11.266688161371565,3.219851400542459,1468.629354963316,0.8468157838936659,15.752692588402198,98.46038305940391,0.218859951906943,3.8312464605763044,7.730004681945148,0.061259282961628504,3.3837328523933152,0.002497058465988043,865.2951407499144,0.9192461096346153,436.5591859039503,0.9233924370637404,206.5955097430238,0.8982550773420811,75.36189095118425,0.7670558047008307,Source,Outer_Race_Fault
-0.0005174569886445789,0.8664222118872834,0.8664223664087786,5.988734861338443,-6.22784358447644,12.216578445814882,-0.22779738534389374,13.066417067847453,1537.408444443418,0.7506877170133877,13.020332514710143,6.912027082312132,1.8837212817104196,0.5662287552582119,0.05673758865248227,2880.89112363728,1197.4838756856334,3640.625,8635.239796813925,5.4221854016706516e-05,0.000250101657873126,0.002163690698636505,3500.0,0.9739822448075681,0.9739822448075681,5.045441808424052,1348.8530482557708,0.721025583451206,0.9907054425718919,10.12649093656523,2.9906906714933785,1396.8738744019786,0.825866959599535,13.572833997964818,51.266144271912175,0.1571466885692764,2.6870867941432373,23.732569249196313,0.10764105196540283,6.485868604338576,0.003482155828914957,768.693131899233,0.8664159507189181,400.2974603055917,0.8842119277471506,208.81265272988338,0.9029264454224596,121.18432033961037,0.972225807398199,Source,Outer_Race_Fault
0.00015643323317433453,1.138463021327886,1.138463032075427,8.85824225208911,-8.04003768672383,16.89827993881294,0.22589273787650788,13.42640823707977,2654.4088584240635,1.2960980754023748,14.894341540287314,7.78087825648626,1.9142236967749962,0.5433166562295547,0.05,2909.047902946818,1309.872939628476,3640.625,9017.69945132718,8.021790791752566e-05,0.0003344410229664858,0.002692865108137135,3500.0,1.963755949341705,1.963755949341705,5.150535474941626,1230.1251350531836,0.9343494500139586,1.3111777994956633,10.261981398190015,2.9484301297710567,2408.290361559123,1.0843949977536491,13.61559091187964,71.15745920916817,0.1854066179000196,2.9461994501801696,32.99447014640168,0.1269274123955994,8.983334480154731,0.0048429995620372385,1327.129026131303,1.138430690127764,685.3553564356791,1.1569721966628472,313.75825144567455,1.1070417462822233,181.69747081689457,1.1913650367086095,Source,Outer_Race_Fault
-0.001998391759986353,1.053768008870238,1.0537699037683568,8.85824225208911,-8.04003768672383,16.89827993881294,0.40113854862829007,14.925378972835759,2274.1627086601666,1.110431010087972,15.714374152996772,8.406239559899557,1.8693702506361285,0.5107133072378247,0.05,2870.370575806844,1170.2521460863259,3625.0,9515.008416529796,6.506052074950725e-05,0.0002708330605848435,0.0020984672579834186,3437.5,2.6843577091399875,2.6843577091399875,5.396309332072112,689.0242350728658,0.886570307409282,1.1978527100344991,12.812146503462376,3.1196212006863746,2082.946900345368,1.008492561803577,14.794224390481713,58.6466759483576,0.16859567380926746,3.1567515024388975,18.116149014612162,0.09400096991148914,21.319025657453125,0.002491956432320597,1137.0606117291547,1.0537583186381012,569.1671330359715,1.0543481755090056,239.30497855612663,0.9668076313794952,126.35016079659606,0.993524898341415,Source,Outer_Race_Fault
0.001606503748564618,1.0004005729796,1.0004018628892122,7.411559496477732,-7.93171313687553,15.343272633353262,-0.20364068298535218,16.942037506525768,2049.646361133478,1.000803887272206,14.907247018444869,7.4085822622048765,2.012159208178692,0.5978942261129735,0.02711864406779661,2866.8343902802085,1180.780608629074,3640.625,8937.404269585593,7.982039423468844e-05,0.00036203563839036886,0.0029452065766886796,3375.0,3.621321192173154,3.621321192173154,0.8366483072869587,747.7065117505364,0.778759403138517,1.1811600168088068,13.004458684532004,3.35000561867856,1888.2594715275823,0.9602074138514599,16.973660253379446,49.606042289212006,0.15533983630123216,6.8735034240414095,29.768404907594896,0.12039587979288098,16.106047699656845,0.004141167227245384,1024.830622407053,1.0004041726821051,523.440717640367,1.0111094467562591,231.31328588541825,0.950534826420642,121.15042495043346,0.9728759711220727,Source,Outer_Race_Fault
0.0008614933392401944,1.1412142123547306,1.1412145375218463,9.691825565073133,-10.078221888187674,19.77004745326081,0.13728277786066934,26.046637913757056,2667.2550310936613,1.3023706206512018,19.69912451669288,8.49255354398042,2.319576133924496,0.6994510240937762,0.10810810810810811,2971.92757353382,1218.7330221333252,3656.25,8756.825558913788,7.164695827965674e-05,0.0003276573658374723,0.00282302961381012,3500.0,4.225078329719667,4.225078329719667,4.554381002025079,1129.3270107289852,0.7737075308541371,1.4163746511944346,19.064701017010446,4.04520593605215,2484.002701236659,1.1013137319988435,26.439099116381627,71.26326445222553,0.18639345700070925,5.076546083364022,10.87327561643815,0.07280556338905099,12.416593977106197,0.002053667172978055,1333.6269650435381,1.1412139321094155,627.3266973007098,1.1069085174871294,301.9975108268999,1.0861131721246098,110.1031682211883,0.9273332976930891,Source,Outer_Race_Fault
-0.0009431976333244478,1.2564451324271426,1.2564454864504213,9.691825565073133,-10.078221888187674,19.77004745326081,0.17245113427976821,19.125838499562917,3233.08597334351,1.5786552604216357,16.868137074836188,7.71368568679686,2.1867804522692125,0.6366084114371546,0.10769230769230768,2983.46422434194,1265.4490991682544,3656.25,10975.250468782353,9.814232880277064e-05,0.0004570871058940517,0.0035897549199405453,3500.0,4.9830721485597875,4.9830721485597875,9.262627777215998,2051.6471104553098,0.9058700698177565,1.5286297919726504,13.66667824606197,3.432448188553049,3031.065108530858,1.2165537671902207,19.05560788241284,79.66249426383827,0.1969887650387014,3.9903344588905147,13.207732335799049,0.08030063392177603,8.687999182424551,0.0021897812118555227,1616.4897628699796,1.2564243831384454,762.9480553667654,1.220709389985047,374.6952690713516,1.2098153743744513,148.74775449607455,1.078003343887873,Source,Outer_Race_Fault
-0.0012775799435257723,0.8379868650426054,0.837987838929925,6.774362385961827,-7.372014294601312,14.14637668056314,-0.41603904765020133,23.5991005034823,1438.1539700622254,0.702223618194446,16.78894737431981,8.084081977385734,2.0767908367684678,0.6654785534403345,0.1075268817204301,2961.5750983633206,1516.7883135617449,3703.125,7098.398606010168,4.6002828397372926e-05,0.0002170213658932704,0.001957557984730762,3500.0,2.0153788821461727,2.0153788821461727,3.3424133683112958,1056.3415536576558,0.63295666119481,1.0019039158092418,19.127080189906646,4.079366665396585,1290.3097453423434,0.7937467562896543,25.088164425919587,46.052716187052965,0.14968593019838228,2.5043965813230242,20.080260851136373,0.0988800545891143,15.612258329096509,0.002281227756971013,719.0777844008875,0.8379874951399793,375.64010867773135,0.8565459371512785,171.3898273698816,0.8180993443255797,110.80364604756555,0.9304047296467008,Source,Outer_Race_Fault
0.0011087804356949003,0.9619439232143724,0.9619445622296083,9.696034661713318,-8.623912335958337,18.319946997671657,0.5592831037230955,28.072928490800255,1895.0908739647753,0.9253373408031129,22.23534222730842,10.079618974340596,2.205970511773541,0.701166868009164,0.07065217391304349,3309.70926519682,2180.431108005436,3718.75,5784.936538767585,4.9831896157344083e-05,0.00024023212654123685,0.0021034706244177875,3375.0,1.7468687014806124,1.7468687014806124,7.0853334785710205,1445.3244693562656,0.6845868919285134,1.1755908959540022,21.882741392196678,4.311337535742435,1758.9488910707917,0.9267475672955051,28.615209492852145,44.55483724207265,0.14744745031343692,1.795379512297683,12.408598315487705,0.07783016648489276,10.17306353368784,0.001349564731257759,946.6429733933535,0.961484961179368,471.3542498892233,0.9594817140981904,270.9666511435967,1.0288107393481845,90.0471372144475,0.8385656314086847,Source,Outer_Race_Fault
-0.0007447004621529288,1.0554453316494867,1.055445594372099,9.696034661713318,-8.623912335958337,18.319946997671657,0.42062382216618505,20.399168661213693,2281.4011446875616,1.1139654026794734,19.216718544590144,9.186674058250857,2.091803673749693,0.6472264921537177,0.040293040293040296,2955.9863074033888,1463.1247763623069,3593.75,9137.792189680076,5.106371811593951e-05,0.0002411886530785766,0.002136015695101611,3375.0,2.018227493390826,2.018227493390826,4.137820764753743,1746.5831191558134,0.7921186092580373,1.2651001291506883,15.559818347918768,3.6368453745494786,2114.9233605045747,1.0161904954436285,20.701520189302816,50.24926781318655,0.15654176875304077,2.4503370182703748,11.366429476004072,0.07449831243985212,10.405433282233515,0.0030258735711079813,1140.628918483599,1.0554120643223375,570.8231284559196,1.0558823167736842,326.28793171932233,1.1288700497084698,100.060620957254,0.884151329846703,Source,Outer_Race_Fault
0.01201412201303341,1.0032693424645016,1.00334127427157,3.2184907549808828,-3.3765667046404033,6.595057459621286,-0.04378342337384586,-0.029283912235197995,2061.708723521326,1.0066937126568976,4.019124418197255,3.207772706567385,1.2529330429081718,0.08347791589462616,0.022044088176352703,3044.549245539985,1996.547678408278,3593.75,10478.327353023467,5.884250822307638e-05,0.00021811997225730032,0.0014913605278552126,2875.0,1.8553404278735328,1.8553404278735328,5.274633790202475,27595.34666819904,1.2574828658795258,0.6572517184968999,0.01972538220006559,0.6255257002292902,1905.033636050022,0.9644417508413017,-0.12776884857038118,43.62173396991778,0.14587277288883208,0.0043407994009889705,24.31327088324027,0.10852736196277861,0.589016188835815,0.006209901295882423,1030.643848878847,1.003162916767259,517.3019922096291,1.0050907383226841,262.60818613179634,1.0127580945208166,134.2271479119876,1.023839011729798,Source,Ball_Fault
0.006248110737667869,0.950571779072841,0.9505923132749896,3.2184907549808828,-3.3765667046404033,6.595057459621286,-0.08884770797812419,0.18380529511481702,1850.6255279257518,0.903625746057496,4.2587139760585115,3.3857740169310944,1.2578258190777483,0.1033379513096696,0.044897959183673466,2952.21823363427,1822.4758581738072,3562.5,8524.209169618418,5.8361926055101505e-05,0.00021906341049546992,0.0017547852927828368,2875.0,9.103334451372358,9.103334451372358,7.607572682726891,32985.21227006245,1.1864396595355593,0.63211815013795,0.6121140643190404,0.8518873534141551,1683.483439616452,0.9066478234709601,0.09372877223578957,51.00413290667933,0.15769885904319741,0.38420254227618145,15.53127430476806,0.08706198808801688,-0.3515085343097959,0.00602362348603179,925.9601072343532,0.9509030544992586,466.1442766810371,0.954139676968939,244.325887536634,0.9768631885158433,137.19993761419164,1.0353109178796187,Source,Ball_Fault
0.010545490023677042,0.8892725473566118,0.8893350723107443,3.5866391872425343,-2.824737413369875,6.411376600612409,-0.0029800830249398303,-0.02709489236743723,1619.7977514843274,0.7909168708419567,5.012255124342429,4.032944723436388,1.2428276279650052,0.07518542908972876,0.04693877551020408,3009.4450916662263,2020.3994119584936,3625.0,9696.083969995108,4.590491330074172e-05,0.00016063090601027777,0.0012903113554265345,2812.5,3.1501569132876854,3.1501569132876854,2.8347895773808847,21176.125889139177,1.1212061814747107,0.5697535872172148,0.46112260457330567,0.6762623202413685,1437.3192819231895,0.8377431579443028,-0.05075545049017238,47.14477055681899,0.1516794091550116,0.491167384716483,23.600634419638986,0.10683690513279294,0.49876263280709043,0.005863684367989241,809.0509678058197,0.8888033959529537,401.9332299858279,0.8859383562412287,203.8970438267689,0.8923907321569025,119.63474571845896,0.9666927172613775,Source,Ball_Fault
-0.0008398962612082552,0.9573742850840641,0.9573746535008917,3.4024316780008528,-3.155633962172173,6.558065640173026,0.04284991284680447,0.22466544196579452,1877.1276332358707,0.9165662271659525,4.510187252787679,3.5539186937516765,1.2690744053085026,0.10348841825474316,0.046255506607929514,3271.592951604925,2389.460811057004,4093.75,10637.346232021024,5.843857814641366e-05,0.00023656540971867066,0.0020662093506530047,2875.0,2.022516809785632,2.022516809785632,4.7944874461427025,18027.129443118578,1.1834411172230401,0.6577222382581308,0.4322651948076506,0.7492078606246058,1702.3684399039753,0.911719738216908,0.17625001737034118,62.76080581010782,0.17469085064426929,0.9444639425424066,13.996907603467072,0.0826276809696339,0.4512790038499159,0.006601496873335858,937.9840364956156,0.957077864911237,469.297795559476,0.9573818647390243,233.52164854718143,0.955007774230067,128.87280813646873,1.003333607835774,Source,Ball_Fault
-0.011496073190130157,0.9743697369905953,0.9744375526743182,3.4024316780008528,-4.0236543874311455,7.426086065431998,-0.0008572268809271014,0.3714664025250465,1944.634458238801,0.9495285440619146,4.457077673744477,3.491687762507683,1.276482313683015,0.10724335736138789,0.030501089324618737,2990.9623184794273,1999.90266785989,3515.625,10306.535850965009,5.7247818600843086e-05,0.0002126001540235644,0.001527768421084467,2875.0,12.342315560901024,12.342315560901024,15.376950659870054,19484.81081695505,1.198014262045676,0.6809454316668082,0.8290970642966657,0.8759583657733859,1790.069305870349,0.9348952952618231,0.25405444880994166,50.24650410358781,0.15662129313426265,0.6136946755953763,15.762002884858127,0.08770009565688679,0.29575043838008774,0.005366628092609261,972.2391560032346,0.9743273320691254,481.2117999992872,0.9694041861620002,238.0943363341579,0.9642063227822152,118.35139253694285,0.9615269388779358,Source,Ball_Fault
-0.010013873564213184,0.9626826297202893,0.9627347107219787,2.8924741690027242,-4.0236543874311455,6.91612855643387,-0.11405610005513951,0.08527330777847775,1898.2054363728525,0.9268581232289319,3.7844594099588305,3.004435320332001,1.2596241910578505,0.08434756589046374,0.034623217922606926,3199.456239105529,2341.6261226590505,3750.0,10035.84118434242,6.081771988435422e-05,0.00022491085617217608,0.0017808815888160877,2812.5,7.663609242054214,7.663609242054214,7.122745305805557,19811.59085136488,1.2015021209962198,0.640318903072131,0.656264223082236,0.695946474091464,1709.6841659609447,0.913657946405903,0.014462099643243853,53.7774803078637,0.16169619622009365,0.2980258097738484,26.04583467769023,0.1123364386371939,-0.08209616422208788,0.005218259038778209,949.2213132475792,0.9627485360946886,469.6228118811369,0.9576946535363916,237.87407861276012,0.9639441348820958,111.93058479455203,0.9351071287544687,Source,Ball_Fault
-0.009441143922153523,1.0274487154749026,1.0274920915168086,3.3872872383464054,-3.262335747664442,6.649622986010847,0.14493155413682451,0.19174539201919227,2162.1555161693923,1.055739998129586,4.192207137395547,3.296655289430024,1.2716546831077264,0.11189448252670252,0.0611353711790393,2924.5474580748905,1791.6500476269343,3500.0,10424.854966548342,6.180607819289253e-05,0.0002563795898330588,0.002561567375402987,2875.0,4.037453812164604,4.037453812164604,5.419422317805323,24882.822247964832,1.2690572236029036,0.707732027458728,0.1498295926704114,0.7286977395426982,1957.2609421128418,0.9775956645862596,0.20083902755476357,74.72270860329306,0.19036082813423116,-0.07857212223896815,20.267181466620876,0.09796037318649221,0.12793562543225656,0.004833354250649452,1081.4420749920575,1.0276222033163178,545.0003459427866,1.0316885267439524,279.3842586918248,1.044673909538429,144.72302945522486,1.0632472297524873,Source,Ball_Fault
-0.006613334317498812,1.111624588737851,1.1116442607585357,4.079661390510895,-3.262335747664442,7.341997138175337,0.09953256226194815,0.0019952977841408703,2530.8220671536974,1.2357529624773913,4.5737314916433585,3.6699342897044414,1.2462706769640022,0.09393529203788203,0.07346938775510205,2896.9465265576164,1766.7488966263943,3453.125,12565.727292429405,7.653146866261809e-05,0.0003409556378742593,0.0037797210830821915,2875.0,4.615748209613282,4.615748209613282,3.5594158809168626,32357.56637655449,1.4009413647218123,0.7133200272194314,0.46635810138453415,0.7494586119205134,2306.068973874898,1.0611350663863601,-0.1234758057591292,86.32315425852755,0.20505887580041024,0.71543569558035,22.290839796145498,0.10337720549487844,0.2832651602926215,0.006004984040589106,1265.2529233166201,1.1115559719614942,640.057080339727,1.1180797483422036,334.68188737536735,1.1433852456408968,163.76022004764414,1.1308443490274214,Source,Ball_Fault
-0.008597470330816672,1.0151615548305515,1.0151979604501145,4.079661390510895,-3.0851595162033494,7.164820906714245,0.10362362512590416,0.08011286178134558,2110.7238889514438,1.0306268989020722,5.007376235673719,4.018587063258156,1.2460539380759068,0.09935116969521987,0.06218905472636817,2918.2968518166913,1879.2745101341122,3500.0,10269.320107641955,6.486209222040745e-05,0.00027863071186546,0.0031072424744652536,2875.0,4.0675055014062815,4.0675055014062815,0.2060603966452975,29964.96364444129,1.2798564318171404,0.6504977851346002,1.223021290082663,0.8450206391402889,1899.704588019899,0.9631147846221586,-0.1317030217120121,69.0419797531619,0.18349972108223564,1.154587741141376,19.196739636747658,0.09640787012069614,-0.16611014792078294,0.00570764941665367,1054.9073603852614,1.0149414820586091,528.6428475680053,1.0160866133986992,264.2958909949622,1.0158760244876792,137.3474500992006,1.0358670481527963,Source,Ball_Fault
-0.00114560622609976,1.0450954346681804,1.0450960625597525,3.3795073884566706,-3.6844772947128908,7.063984683169561,0.06567301942199787,0.05676293997805271,2236.8783973947357,1.0922257799778983,4.090280615253399,3.2336811031315604,1.2648991922216113,0.06071838820484871,0.044715447154471545,3072.1901648129983,2263.1568544314264,3578.125,12592.07270990942,6.989004052847768e-05,0.0002658097225047556,0.0017631656676471799,2812.5,4.944518999344705,4.944518999344705,5.246491458529007,17957.030353848393,1.2993482486228871,0.7043750053783369,0.035777307826769356,0.6381469354526781,1958.7334210169292,0.9779631158792123,-0.019374339604145252,84.52632228589877,0.20274031184045896,0.050785819152951106,24.11954145576756,0.10780855991184775,-0.08550741318622412,0.003405007676309978,1118.2834107010658,1.04502306055198,559.1034916865549,1.0449823831333418,260.36814423230544,1.0084951727730167,112.59088208302886,0.9378583973887795,Source,Ball_Fault
0.0006524625478456928,1.041990580155984,1.0419907844319836,3.3795073884566706,-3.222514880201127,6.602022268657798,0.10260583572407406,-0.13112017150967903,2223.6053398347376,1.0857447948411805,4.063924904409006,3.2433179246387756,1.253014659320401,0.060677785903537285,0.048458149779735685,2806.5434467955465,1788.8886965090478,3437.5,11120.555651396438,6.418927109350877e-05,0.0002448712297479673,0.0021774815305026798,2875.0,3.9894622615654565,3.9894622615654565,2.764104424775303,18338.873762318086,1.3053129632777396,0.6838473641833935,-0.3026077086775416,0.43781512150291974,1907.9096052967645,0.9651876460048238,-0.2763942749874988,110.81616772606984,0.23257827768038403,-0.1668366643280308,16.683689725605475,0.08981418622994805,0.17797060585028035,0.0042472688012086205,1111.645229039064,1.0419167180997462,556.5633408506303,1.0426092214120457,273.4015428401304,1.0334221044701533,123.95290348706041,0.9838107753343311,Source,Ball_Fault
0.000411716875293071,1.0175220095937896,1.0175220928896676,3.767099625799856,-3.7356605816720663,7.502760207471923,0.05299099036765554,0.1659503993484126,2120.39927709403,1.0353512095185693,4.694600020119282,3.7022288283703455,1.2680469624525506,0.09287732174160351,0.06387665198237885,2759.2847251991707,1752.9756829374114,3437.5,11821.780233978665,6.638258323250769e-05,0.0002616166566932326,0.0026856942520291196,2875.0,3.886722945092597,3.886722945092597,1.3499765641403596,19457.356481141636,1.2591525247161628,0.6965896667758704,0.39807148495787237,0.6671505554435209,1797.2696391572315,0.9367820670378034,0.06782873215270602,112.68846846384162,0.23456316216904938,-0.21433684114989804,23.236369074120695,0.10650438542736332,0.35909229346721805,0.0045396897198872205,1060.6790238833437,1.0177520541760683,529.0979051129627,1.0165579751209899,268.00937266043013,1.023117027878523,114.03295297296589,0.9438033328570488,Source,Ball_Fault
0.034390695154356235,0.7844565459015873,0.7852100307058291,3.068243511145499,-3.1555608748136073,6.223804385959106,-0.06918966917460641,0.8308042057478668,1262.7042146735084,0.616554792321049,5.056177697102319,3.9075449767082575,1.2939525270318648,0.16452436752172214,0.04216867469879518,2763.7988802952937,2380.9069383664496,3562.5,9895.331678249877,3.789150433691601e-05,0.00011973830680767512,0.0009288086376776101,3000.0,7.079672833998849,7.079672833998849,15.72470387610863,20712.663002128596,0.9507317392627381,0.5727441584414064,1.088316987986114,1.0743630712086345,927.3045699844732,0.672862259461662,1.5391424720166258,115.59956324905845,0.23641823717109567,1.214605985131631,58.32749082196839,0.16863731516031089,0.2369760093240032,0.01470891262972587,630.7078450868415,0.7840725210249365,312.3133501603679,0.7803990014719706,148.88362444346728,0.7622742253332151,82.27481275975167,0.8017196209703199,Source,Ball_Fault
0.02840466491107641,0.8068779695507741,0.8073777819181616,3.068243511145499,-3.1555608748136073,6.223804385959106,-0.03595648446856975,1.0256617556592973,1335.0069918414652,0.6518588827350904,4.952245027766519,3.8002575496392668,1.3031340542265624,0.19351380421083156,0.027253668763102725,2865.632485625809,2438.516246031647,3734.375,9779.90824886462,3.9686937679437425e-05,0.00012901640181962746,0.0008759328530094665,2625.0,6.24515844840965,6.24515844840965,9.668149510760957,21797.43240256647,0.9746839797972423,0.5940554262735248,1.3114082715468562,1.1866866676421852,1015.3852082566666,0.7041259599912092,1.904030913223588,114.8614963852497,0.23651181824552556,2.042653961006395,53.17352170890726,0.16060269043008282,1.6310885066124436,0.006818896949701745,667.5633563423357,0.8068971489023216,332.67937470997555,0.8056430643038137,151.1003566028042,0.7680424674275157,75.86133867709216,0.769081205821687,Source,Ball_Fault
0.030183175841207107,0.6804329754719923,0.6811020908891192,2.732038212093524,-3.088073255417082,5.820111467510606,-0.030340852528394992,0.9968687163292698,950.0673192213096,0.4639000582135301,5.179008387275608,4.011202209828907,1.2911362021553414,0.17072388778389602,0.03991596638655462,2792.276498648851,2506.07958128946,3843.75,8707.119715231014,2.9425059122619578e-05,8.769887917725205e-05,0.000543456985830088,2750.0,5.607374366488855,5.607374366488855,13.062915298042512,17185.616984211512,0.8249312916698581,0.4963640232096847,2.116558192655983,1.2339582805258726,642.7662322754147,0.5602237895454455,2.3715770113165675,105.84240251128878,0.22695838905576263,2.2366127379150784,49.60728813022584,0.15561622514253032,1.7567426520299403,0.004781925676874315,475.5496083469317,0.6807825127535764,237.31938594415146,0.6801337717087788,123.5078336014302,0.6937101057073499,56.50990893306019,0.6615247353579309,Source,Ball_Fault
0.0008881158497385678,1.2406398618266485,1.240640179706835,6.604675080087449,-8.005242687876613,14.609917767964063,-0.19825202876359757,5.204500823110411,3152.25713767016,1.5391880555030077,7.5115091392641515,5.323602433743637,1.410982362554438,0.32154623470907134,0.030241935483870965,3020.0366404148804,2187.165037178917,3562.5,11849.617837719425,7.341713880888578e-05,0.00026932524146089186,0.001989414256791068,2750.0,11.110898329431619,11.110898329431619,13.622332121053631,17619.55919231087,1.3799652003095906,1.0835456421767602,9.219153599669509,2.5383838045263976,2806.8423386792538,1.170695132588046,5.985858777888268,103.09027775035398,0.22317437828585762,0.007069525959481737,83.14039975226305,0.20057410913178364,-0.6978030970968621,0.007319607989024552,1574.8043909805533,1.2401188361722049,790.9528659414085,1.2429115107107633,390.8425976716014,1.2355259612478817,191.1846886863991,1.221877037352886,Source,Ball_Fault
0.00597111033667231,1.193076282617135,1.1930912246354737,6.604675080087449,-8.005242687876613,14.609917767964063,-0.38446970559758675,6.3633835459332015,2915.2597407788535,1.4234666703021746,7.9460746674435985,5.535767042545621,1.4354062601213795,0.36264374428294943,0.06666666666666667,2990.2702586084733,2131.793057117226,3562.5,11046.39293028439,0.000107101668180178,0.00047725585043280805,0.005013650109186994,2750.0,4.446764419402268,4.446764419402268,3.5794905914812465,18349.05386422746,1.3018034586481995,1.0734082680866137,10.455747285448007,2.7703635667992415,2528.6495268820718,1.1111453809163239,7.6366922742247585,120.74237544256174,0.2405057827255155,0.313816997765306,85.49575319217837,0.20422485901492285,-0.7232765260607215,0.009600141758013145,1458.2893449478813,1.1933442806491041,729.6746119496083,1.193734366721414,367.4012455060413,1.197906582915296,163.3748540117533,1.129756961650305,Source,Ball_Fault
0.0037171507079206993,0.927100614914039,0.9271080667232782,3.909012789421154,-5.085293824210064,8.994306613631217,0.1343304828412813,2.103287136833563,1760.3161444011507,0.8595293673833744,5.527832225288058,4.216350746722507,1.3110465796957247,0.22546080700975113,0.035634743875278395,3059.1751110905843,2701.6886513619243,4078.125,9112.065468190567,4.28112907681918e-05,0.00015081045896531863,0.0012896911611093955,375.0,9.483090866280238,9.483090866280238,1.1844103874461551,27079.34376520812,1.1018871911598749,0.7105553833816528,4.5454250450051505,1.7297723080729104,1298.5698389307954,0.7962654948912276,2.697221274554243,205.17989008881787,0.31620122963142155,1.4885178493602593,112.4258660151908,0.2326634084079324,1.8690192021531704,0.015078310849663335,881.8299684678407,0.9279773725335158,440.84799811148446,0.9278998456869477,225.19695705863626,0.9379100876979849,107.15988573015298,0.9149544472337046,Source,Ball_Fault
0.013739084017626541,1.7332361095917255,1.7332905624915584,12.44033491589772,-11.235961616173723,23.676296532071444,0.21826801346591324,10.25125101719409,6152.798564397677,3.0042961740223033,11.604738860352928,7.177293400833542,1.6168683948471718,0.4459794478512836,0.06756756756756756,2947.5852750817926,2017.874755619333,3343.75,13363.44062479563,0.00019524763315536338,0.0009413090900105831,0.00754305186990341,2750.0,5.182296037595915,5.182296037595915,3.8022850036595153,11386.210251171302,1.6846171422238245,1.7805809087868263,11.179991345260222,2.954373109219118,5741.708408182776,1.6743260186775195,10.925079538383219,136.84638249496524,0.2582908205750391,1.9645096313700554,82.19681806563285,0.19947950553789753,0.5619757751216028,0.009872500593372045,3076.986798843425,1.733405848725463,1551.7733197832324,1.7408453982660907,755.9855420698223,1.7183990992758558,312.91805137504815,1.5633891585980675,Source,Ball_Fault
0.012489455209918052,1.8527363965000045,1.852778492267023,12.44033491589772,-11.235961616173723,23.676296532071444,0.11540275516213237,7.728005056220169,7030.350113602075,3.432788141407263,10.222644633026588,6.714421053471953,1.522490852393085,0.38099217261491175,0.03355704697986577,2892.7717756364805,1811.7087690055523,3343.75,17321.763273047523,0.00022676808105139495,0.0010469106526282102,0.008620887952702919,2812.5,3.762839962274082,3.762839962274082,4.070139884385702,18084.854687803614,1.9111921844598028,1.7924186534577304,9.718220912599966,2.7262238054856702,6594.420082927445,1.7943889445342234,8.172561242963358,130.05905785074174,0.25107100219373396,0.5855095297652264,82.96281899642503,0.20126890766743943,0.07074471800818172,0.014455722364692926,3515.4178986455445,1.8527982245547192,1767.0662867305068,1.857685875093593,866.8555566113085,1.8401250843453083,375.6766563243775,1.7131754600906912,Source,Ball_Fault
0.007608214879781396,1.0613312683119132,1.0613585379268549,6.121411717967228,-6.561449085133321,12.68286080310055,-0.23794126507035823,4.7599564868678925,2307.0350254699133,1.126481946030231,8.13513260368885,5.7675248271184065,1.4105067333976884,0.3137665218240569,0.050761421319796954,2917.376870192751,2008.73030385811,3515.625,10500.38964613836,7.618796519649224e-05,0.00030400814710830506,0.0025874229928721524,2812.5,4.696713763930122,4.696713763930122,4.047376650602497,18239.925630723596,1.1813250664925807,0.9259465722747705,8.197050871746445,2.3584900609812625,1995.7355358103846,0.9871574556524326,6.021181293566343,104.95946161333127,0.22535432113326795,1.0844066805702042,76.03564300509726,0.19105668376317483,1.1925214045356656,0.011499761967591914,1154.0496805849184,1.0615746252047316,580.3802641721119,1.0646553275796047,291.90029577042003,1.0677575818363407,161.03904659885194,1.12162752777295,Source,Ball_Fault
-0.00694607985045347,0.9209428943322755,0.920969088865852,4.81249719440445,-5.849147085479187,10.661644279883637,-0.049971743796254055,3.0930725904764893,1737.0809602998224,0.8481840626463977,6.9803683148510975,5.225470922515877,1.3358352612342739,0.22484744980337062,0.032640949554896145,3340.263845578902,2808.607362770822,4937.5,8563.070897187525,4.368416718187363e-05,0.00014345496116128183,0.0009332067818993293,3125.0,5.057195945248128,5.057195945248128,1.3729545011583604,9387.158495394453,1.082367217779454,0.7244309082979538,7.814091278649187,2.1163926924862553,1399.4083097172233,0.8266106732326485,3.677910528452748,105.70643563332447,0.22717606002305787,1.2088312042090887,66.58538611069464,0.1798158771602544,-0.3983381461084301,0.011780326896625571,865.8250907168343,0.9194942304593177,423.77908535601875,0.9096680736816051,213.38001419826398,0.912803431175433,123.79189504287646,0.9827939763489579,Source,Ball_Fault
-0.005391755796158134,1.0066406704690363,1.0066551099919554,5.014808485359083,-5.886670701171126,10.90147918653021,0.03299906076885692,4.592250379912453,2075.350037448532,1.013354510472916,6.925239952302585,4.981655023237461,1.390148438621114,0.2877944417845361,0.02785515320334262,2643.686609143851,1824.6101182287296,3328.125,9454.716845180954,7.453307863587674e-05,0.000265792552617985,0.0017212270478481914,2750.0,9.338778142711522,9.338778142711522,5.95721817449001,16920.51070026205,1.130967431291949,0.8646343800542101,8.103783773467615,2.39845623148507,1648.583036768308,0.8971706999561752,5.918643801341885,148.8186946677157,0.26953665813163097,1.6499004716254335,83.1424537296376,0.20007217923329904,-0.324735358040777,0.006583283632355464,1037.2482154764848,1.0064341020836904,522.6368655368278,1.0103182737589722,290.95881035072955,1.0660945171284668,136.66780296574402,1.0332875778698596,Source,Ball_Fault
0.005668380317711018,0.9846853545661501,0.9847016695591061,5.014808485359083,-5.886670701171126,10.90147918653021,0.0640640667396859,2.8588549233032268,1985.8173502105415,0.969637378032491,6.787652236514212,5.092718576992391,1.3328151033475717,0.1931483985256039,0.0335195530726257,3051.604033686322,2607.427636625984,4140.625,10307.136097738667,4.954729604890675e-05,0.00015286508570267477,0.0008369423585969706,2562.5,13.215496057989654,13.215496057989654,11.976301544761169,22787.89298263783,1.1623660376151077,0.7669075706738965,7.573253441835982,2.035314629597187,1556.9885683714492,0.8719065061234826,3.985766440191452,158.9152446331002,0.27854659013808786,1.9742172407160918,65.4197756561436,0.17808964271808458,0.0825201685509418,0.009732999665003685,995.4621410016354,0.9859459926072239,502.2020686676665,0.9903376392615333,276.5054989031977,1.0391288095269076,120.64460625913459,0.970569370033169,Source,Ball_Fault
0.12895096107231796,0.9571444079311554,0.9657917829404827,3.5461183128056617,-2.8560420435941736,6.402160356399835,0.033445727363049974,0.09987228935732828,1910.2797168544903,0.9327537679953566,4.619220935774696,3.6717213538605895,1.258053237323652,0.08768898381940529,0.08113590263691683,2807.754091050787,1942.859342135903,3406.25,9086.881152183514,5.974254721094452e-05,0.00032002821677827527,0.0030679105411457355,2812.5,1.427027682101045,1.427027682101045,2.4597474410836138,8877.810864633857,1.198717641650891,0.641837327820206,0.20321811477025697,0.7178102162768562,1759.1804362605399,0.9267900214575607,0.08320295790108201,43.63337694818777,0.1453021826647087,1.5691112141832653,12.590828601325533,0.07840298346282419,1.993532195381544,0.01433605521100946,955.3519755221259,0.9572814295615661,479.0248565204281,0.958798022480063,239.98147213117943,0.9597786013930856,108.80072797795717,0.9128296933008888,Source,Ball_Fault
0.12726824048459562,1.0075656320665,1.0155716163607622,3.5461183128056617,-2.8560420435941736,6.402160356399835,0.012339097404430503,-0.16445557999409743,2112.2779298971873,1.031385707957611,4.335165638383891,3.491746180848335,1.2415466113091427,0.06812531216725687,0.07258064516129031,2958.118470560056,2138.717996628596,3562.5,9771.005681611632,5.7984517275463266e-05,0.000283414321185408,0.0023820601457315667,2562.5,6.204173181602463,6.204173181602463,4.8590414786251435,10037.711596363522,1.2796869846059094,0.6395117460196398,-0.02320773730538761,0.5276736332412827,1952.3027321600982,0.9763523293267469,-0.24883219954692581,41.26118809922164,0.1417137673241182,0.17069750958886765,14.968338209501114,0.0851960639040197,2.0316787331793567,0.014941454264131147,1055.7540086818644,1.0074293572808628,528.2201683453311,1.0079206806831151,257.69152894743655,0.9956503549099266,100.24559934153059,0.8774235046157598,Source,Ball_Fault
0.12546680997553614,0.991509326498665,0.9994161620362528,2.9299389891607457,-2.904360448025664,5.834299437186409,0.039627781081665536,-0.29620572164136316,2045.609297795632,0.9988326649392735,3.6393166572040117,2.9316505980763448,1.2413882676168895,0.05156572911185148,0.06485355648535565,2913.7732327849917,2066.515682595852,3453.125,10011.763493139433,6.03731109636447e-05,0.00029668263753685034,0.0024554423105605868,2812.5,6.2212467195652446,6.2212467195652446,2.4154130063405117,8693.003810036249,1.2608029099378595,0.6263380251161483,-0.50900106956147,0.345925229792966,1898.9517546628636,0.9629198783163053,-0.45122310209862393,37.349499892489504,0.1348317597128619,0.15805437774645625,8.224583971807409,0.06335866840453536,-0.12078705590297778,0.015914873451787312,1023.0091187451139,0.9915679827931269,510.5580865767184,0.9905691945824746,270.3507527545098,1.0200099158768468,130.2330600009414,1.0015242323511309,Source,Ball_Fault
-0.00848271616439267,0.7827411385266436,0.7827871015898972,2.2513856061027067,-2.1704041220974593,4.4217897282001655,-0.021306193105317898,-0.43111337816681683,1254.9235638589685,0.612755646415512,3.5363252885446683,2.876114848507314,1.2295494007758414,0.024548503089538903,0.06765327695560254,2812.447931315325,1708.3157701549112,3390.625,6677.571804610379,3.563133758346953e-05,0.00018886056743604447,0.0015714767821236174,2562.5,3.774010774125103,3.774010774125103,3.181167872784843,12852.054130029448,1.0018223828539157,0.4709471815224403,-0.6228207904324092,0.2529205816522765,1192.459402926875,0.763056467919423,-0.4653740383675271,20.110004766817703,0.09908445604656348,0.6540528628686677,8.790577105856517,0.06505567227801916,-0.12606933308774604,0.002220060651723153,627.3062353951792,0.7826436418773397,313.77505238802974,0.7827926992485683,156.15258536149574,0.780928904214423,74.11333613835667,0.7607378357761154,Source,Ball_Fault
-0.002445591101217029,0.7555135965955375,0.7555175547639902,2.5571176493574033,-2.1704041220974593,4.727521771454862,0.02660140124890367,0.03282418097003115,1169.0122763398326,0.5708067755565589,4.303410092367873,3.38459064681323,1.271471365797149,0.0563816191062746,0.074235807860262,2988.9067052252703,2168.481027265012,3484.375,6700.042711464144,3.274928424756713e-05,0.00016800893487414027,0.0014407001216879532,2875.0,4.229055989506043,4.229055989506043,5.213950224904426,11575.078532587291,0.934184843736642,0.5185616404054791,-0.3745107844810951,0.5207728960751796,1105.249607264899,0.7346239375799111,-0.010934633434853236,21.006222417399947,0.10117728965743532,-0.2739454835719166,9.282040566913874,0.06730170866877286,-0.034012322083528446,0.002405001612119705,584.4322483982019,0.7554649176727398,292.6937089065607,0.7560781763573305,138.77736700542297,0.7362102044865266,67.93371139917987,0.7283056374886987,Source,Ball_Fault
-0.0010320365874424264,0.7259553667613294,0.7259561003456713,2.5571176493574033,-2.3446734929348345,4.901791142292238,0.004560808213001528,0.034780228936627466,1079.321107720385,0.5270122596290943,4.436792664642667,3.5224136117043523,1.259588780232962,0.08303653466602096,0.06753812636165578,3071.76000535229,2319.3021382146417,3671.875,7365.518179875295,3.374165855419723e-05,0.0001664079329239679,0.0013578293806170726,2812.5,1.8069101279125703,1.8069101279125703,5.5361442925899595,16406.232743171822,0.9043502901614978,0.4859772358381958,0.10863868827548329,0.6359155471867526,999.855943553803,0.6987208451092037,-0.02515281800088731,26.17545792879347,0.11294712892430721,-0.2259784898079844,8.451177519347741,0.06390364842268564,0.6713783348258131,0.0022943119220681174,539.5814181777212,0.725902564746518,270.4895840452849,0.7268417653396264,123.96500565866,0.6958694627753709,61.255552813898866,0.6917788841074151,Source,Ball_Fault
-0.01073391909666276,0.5395385655524131,0.5396453286534862,2.001337646653609,-2.010965660767434,4.012303307421043,-0.07580898134677375,0.2169585242814267,596.4125813504598,0.2912170807375292,4.685142155273446,3.7086166420587983,1.2633126061453848,0.0946553386301874,0.05918367346938775,3051.2376237307403,2330.28134187174,3437.5,4734.037519735852,1.819789016802635e-05,8.711959923107464e-05,0.0007024508400089155,2562.5,2.972254290228841,2.972254290228841,0.993276530068825,3330.996325423337,0.6720418620277931,0.36149494247567815,1.0431214706339693,0.8216556453184142,555.2737724084059,0.520700703148083,0.16263756889373226,11.01341987462108,0.07328271194367098,-0.3138172093435099,3.413469178780093,0.040813895340358425,0.246867428630682,0.0007156070100741968,297.8928006379536,0.5392488415661774,148.71150997711916,0.5388121978372354,77.28112904985473,0.5493355882481131,40.12256480467492,0.5594348401243557,Source,Ball_Fault
-0.009531094673430007,0.4915877360573727,0.49168012366546504,1.778995396876635,-1.5883792581059797,3.3673746549826147,-0.008028395586427452,0.09820423762873709,495.10265652774297,0.241749344007687,4.56299982650498,3.6181966918130866,1.2611254210777716,0.09533210865113252,0.06278026905829596,2899.509940314691,2081.617624505487,3359.375,4966.575410632304,1.5462050447553285e-05,7.255356019515419e-05,0.0005612038299500525,2687.5,1.4911097622243072,1.4911097622243072,1.7124333303357164,2715.7821534078307,0.6130444510044403,0.3280004942814683,0.32628173783890757,0.7026152354162015,457.08200420554107,0.47242408651714596,0.07126013047549051,10.553507152022483,0.07165636319178488,-0.1916308902075463,4.080057503626754,0.04459867062064699,0.42282540605339447,0.0009290051336935155,247.33611651851055,0.49137095420424415,122.96150100376784,0.4899632642038469,62.66295569017589,0.49468433522493566,33.65104478378215,0.5126238817463991,Source,Ball_Fault
-0.008776347796385163,0.5411661707911188,0.5412373312044962,1.778995396876635,-1.5883792581059797,3.3673746549826147,0.011131576947006923,-0.10750338376232316,599.9367141158206,0.2929378486893655,4.127882666451072,3.2869044581931757,1.2558572112315625,0.058815611546733294,0.07328605200945627,3286.560218923599,2597.6867451506987,4125.0,5159.578466298741,1.8573376189020174e-05,9.034378183917661e-05,0.0007267743718375674,2687.5,1.4903231858588748,1.4903231858588748,0.5408837965818679,5029.005131611124,0.6779969196542193,0.35513191451132636,-0.28511654786913665,0.49000172628361605,557.9148456105466,0.5219350059485274,-0.14173756282540184,12.21026458379832,0.07712837449627011,-0.31858479822752006,3.050892358418457,0.03858942578313875,0.2460550459256048,0.0009159410400039544,300.1193788169486,0.541309006968425,148.96665966568514,0.5393437569331425,79.26381195409475,0.5563935886438479,39.53784097089975,0.5557680099146709,Source,Ball_Fault
0.006513102581350189,0.5165678997540653,0.5166089580732812,1.8251432053480543,-1.8078282059300508,3.6329714112781053,0.06181978115222254,0.28042603960163115,546.5801022700774,0.26688481556156124,4.49207438912378,3.532929843406155,1.271487006034883,0.10998444805695284,0.06288032454361055,2676.2288966147953,1736.4647171499998,3281.25,5002.184337607756,1.757100853464705e-05,7.832429850688573e-05,0.0007235166962036965,2500.0,1.7095399467613357,1.7095399467613357,1.7495693243044426,3512.2551608510103,0.6397412670344556,0.3527865065577215,0.4987069581588819,0.8240701474571012,478.2548000137145,0.48324192612276934,0.16751594187789332,18.8313643371286,0.09589057248613163,-0.6325510112925885,2.8857153105308706,0.03753519891262339,0.8218964926682468,0.000863904913797745,273.2571334758569,0.5165374316578338,137.24349610934678,0.5176925593920882,62.44707735343116,0.49380965197136945,36.64999826423472,0.5350960046241463,Source,Ball_Fault
0.004909947261584965,0.5241404105849664,0.5241634073361938,1.6578298195486059,-1.5365861336076239,3.1944159531562297,0.0050868723729303065,-0.1649656659850396,562.6824245049112,0.27474727759028866,3.908846963297783,3.1628110553800797,1.2358774820420155,0.08383049758686972,0.06666666666666667,2742.1407204344073,1938.7939886093068,3296.875,4906.570415288265,1.6297053048417218e-05,7.458384581690134e-05,0.0007245973478171383,2500.0,3.8172652944392196,3.8172652944392196,2.3647124011766376,4078.4644393120943,0.666479074690411,0.32446275098274824,0.1207193948534373,0.597983307833274,491.5009469497828,0.4898617221391766,-0.2872785907074804,20.736537296212013,0.10062435618669698,-0.23247930297588804,2.8172467704470225,0.037059166854512646,0.2546514446711754,0.0012040274708266146,281.2650416295632,0.5240683316844441,140.68847459257432,0.5241574507296747,70.39474175354748,0.5243090499386337,36.35074367583277,0.5328574016687024,Source,Ball_Fault
0.0032416939146363236,0.48921255171920297,0.4892232919016122,1.4101660111604275,-1.4409192925400816,2.851085303700509,0.001944021956217948,-0.4083353560171563,490.16715128637446,0.23933942933905003,3.516087273686447,2.882458857752068,1.2198221890419363,0.06027023255799422,0.046370967741935484,2637.1872957268824,1749.5195605399754,3281.25,4538.781126126314,1.3944812254540089e-05,5.534961773542137e-05,0.00039640506416479653,1375.0,3.000630268197711,3.000630268197711,1.9979278319501368,3795.7452047802076,0.6282683154967739,0.28973655367406914,-0.32802022693537003,0.32234422829650733,408.5862163944528,0.44662741293429753,-0.516349890782311,22.87127492861184,0.10567417998762792,-0.21897418894635878,3.4226974551324134,0.0408704315505587,1.453621481685694,0.001229988752104374,245.11419693738875,0.4892427293757682,122.68764442879467,0.4894946383015082,64.35765897015608,0.5013325808050563,28.597741505902004,0.472423555699229,Source,Ball_Fault
0.006239266904962704,1.0131426525640204,1.0131618641145008,4.727290025247506,-4.747844160834078,9.475134186081585,-0.04098704977230152,3.042986120697461,2102.2657800109473,1.0264969628959704,6.5985298334055456,4.665878368190593,1.4142095684256824,0.30773873076450453,0.029082774049217,3297.264509141618,2011.8998536297677,4562.5,15218.315066927315,6.541650736055713e-05,0.00015915267996348894,0.0011520750056847027,2625.0,8.64490677045941,8.64490677045941,8.068990459421586,4241.745957849307,1.1287356499498402,0.8825592489493355,3.1080608240317646,1.7127237802218496,1657.1183351850036,0.8993991692695646,2.6594878330037854,114.85864948588868,0.23657250837891775,1.4506096199279384,32.08558241862749,0.12477552167733594,0.10215812714873262,0.00622978222285929,1051.9518073190118,1.0135369766423812,569.8431494822773,1.054682213633573,242.43856976896365,0.9701912211004742,147.6616454905831,1.0724386345178796,Source,Inner_Race_Fault
0.0004113913260009685,0.9713650886648721,0.9713651757808378,4.627835638803785,-4.214430109621108,8.842265748424893,0.013475339896880186,3.0448464456963524,1932.3910240660234,0.943550304719738,6.68078555524706,4.764259368351013,1.4022715890800437,0.31510480311209693,0.04035874439461883,3307.6816721125742,2000.8942016897938,4531.25,13213.917131949209,6.266828182000104e-05,0.00015009261211921103,0.0011061996257590836,2625.0,3.8615591213883214,3.8615591213883214,4.8144982982309745,5909.2177189917,1.0941971328548037,0.830561902784738,3.749773186859871,1.8237479540868788,1482.2650770379314,0.8506785881329717,3.1825828992767766,117.14563978049492,0.23911381330114553,1.5186048722653132,37.336651827908355,0.13488889712805205,0.4173071249988052,0.005608682408752913,965.5661061571682,0.9710486574107415,453.53510817777897,0.9411606549365015,213.88957363703457,0.9135902370622425,117.6531858795545,0.9583861830691806,Source,Inner_Race_Fault
-0.0057175061940059075,1.017912043539188,1.0179281007316794,4.627835638803785,-4.672016186220681,9.299851825024465,-0.10014615089735945,2.7737279236327677,2122.09176219485,1.0361776182592042,6.3355011515392174,4.546328601673665,1.3935422857922972,0.28432113084094923,0.04484304932735426,3507.0296103653386,2461.912483761175,4812.5,14306.825794531107,6.44912906829592e-05,0.00016917194889562188,0.001194168300897726,2625.0,15.12090601472325,15.12090601472325,15.46078124344596,7972.550927531676,1.1552237343646237,0.8589413529939092,3.23523533349391,1.7207160110485515,1654.8420715327065,0.8987283859281314,2.242549469914019,121.07079809727051,0.24293962015758555,1.5910587464595451,34.13804493335501,0.12900659475553655,0.49882907116358677,0.005584861536214388,1057.992147209809,1.0164422821281895,533.3072468684776,1.0204867342837223,253.33967001969913,0.9947253943548025,120.10595238887868,0.9682156380131548,Source,Inner_Race_Fault
0.003917615011507718,1.0149111733697396,1.014918734450261,4.903085551866484,-5.059238149254469,9.962323701120953,-0.10816716021487113,4.4652229554086285,2109.562956878069,1.0300600375381197,7.158712603636833,4.83101295250233,1.4818243449189719,0.38710902198385483,0.05088495575221239,3438.304427616201,2300.4380926042577,4671.875,16217.314085370135,5.770286869414826e-05,0.00015195743722688378,0.001163559849069758,2562.5,3.0143170825606336,3.0143170825606336,3.084538042436763,3529.23585927888,1.0763540745860645,0.949508531023498,4.233109182398438,2.0296518746999546,1626.8251058311976,0.8912559741109058,4.104962010725907,127.80167951250594,0.24980579241368525,3.801688525600464,35.9512771636099,0.13247635754835974,0.49920672253266263,0.008018465644661021,1054.2772767166102,1.0146701307154957,510.424167496777,0.9983900987980816,267.52462504538806,1.0220781552192928,142.36521705627948,1.0545315368085864,Source,Inner_Race_Fault
0.006748374313346654,0.9723212110658719,0.9723446292567656,4.759388253316079,-5.063118734328988,9.822506987645067,-0.17929820281698317,4.2028914595746185,1936.2899518350887,0.9454540780444769,7.152034970774733,4.894754503816233,1.461163162564863,0.352497387921504,0.045454545454545456,3481.4400718554093,2428.5967605872047,4734.375,15363.835107626424,5.927570934275168e-05,0.0001528317676358621,0.001114168458683828,2562.5,3.693448566803947,3.693448566803947,1.9328443440642056,2756.536640882128,1.0457909322149912,0.8928513948140528,4.556266842861591,2.0309382102283093,1471.5527951338458,0.8476139050261209,4.394802724193915,111.07679798428806,0.23245796432045454,1.2281035290964715,47.6492825732075,0.15199334473184356,0.6203597407130759,0.008275384491568394,969.2127213858355,0.9728610711905658,490.5397834913306,0.9787715945107875,249.01541818848017,0.9830912199989954,126.77348660471458,0.9916137775171322,Source,Inner_Race_Fault
0.006882186117931335,0.9926924062954063,0.9927162625858035,5.142145151518217,-5.063118734328988,10.205263885847206,-0.05876060430304645,4.527187693016612,2018.2744637487635,0.985485578002326,7.58941057394166,5.179873993525684,1.4651728176066934,0.36561627985853734,0.045454545454545456,3342.9665638702745,2143.213894549607,4562.5,15474.182561228286,6.476525284917661e-05,0.00017057425208344854,0.001149647375399873,2562.5,1.5432489890124088,1.5432489890124088,1.3945786909208624,3512.924304044097,1.0622949973984135,0.917852439462613,4.817287915591583,2.085338617388144,1504.4021609949657,0.8570582946291091,4.524787422655046,139.67886448889163,0.2611489258164345,3.1788110569004226,43.31105527929906,0.14542058950773915,0.638795487268562,0.008180055926570248,1007.4007625909744,0.9918390863363918,516.2036514675644,1.0040889521046688,279.0181364681927,1.0439583262876144,129.78755307241408,1.0065495464430632,Source,Inner_Race_Fault
-0.006011907117268194,1.0186252391927306,1.018642980119941,5.147571269637492,-4.9067812348721125,10.054352504509605,-0.053586180449820435,4.41911878556068,2125.0734509007552,1.0376335209476344,7.366673906715859,5.053361550708754,1.4577769337882927,0.3599972952207258,0.040339702760084924,3332.5254534909373,2170.7235420056345,4500.0,14689.599361004344,5.97798752927017e-05,0.0001602550241419128,0.0012689081764343448,2812.5,1.7068576491922778,1.7068576491922778,1.3149739362545496,3726.2858034093497,1.0987804584934473,0.9316181305356889,4.7915526748094095,2.0864242794142056,1603.6043941040916,0.8848504970466625,3.972506717011342,131.88503594021856,0.25373039189262847,1.408850351734305,40.02092837618838,0.13970176758940572,0.17625567833758593,0.00915806236975048,1062.9864136649544,1.018839279154227,531.3175663437839,1.0186562521983646,236.67069985614825,0.9613593982101551,120.09388240039343,0.9676651074155235,Source,Inner_Race_Fault
-0.004253620084655478,1.038365413282903,1.0383741256339154,5.310141067281666,-5.044737576813024,10.35487864409469,-0.11991621989240397,4.120475223249538,2208.1962491617246,1.0782208247859983,7.465293231307513,5.113899640016441,1.4598044069718021,0.35062138424615147,0.04468085106382979,3286.5699673015692,2118.8947737809035,4484.375,15027.012175120592,6.409739399154273e-05,0.00017225561723834505,0.0012319421586919565,2812.5,4.063717424010357,4.063717424010357,2.1294638580417393,4562.602206845374,1.123452431350579,0.9456628166664612,4.35021571461935,1.9834717219224118,1646.5206192562753,0.8966258249492356,3.9807991921959403,147.80174772432935,0.2686173564225218,1.6687888718583261,34.478198807080425,0.12911357828443007,-0.06264602078632997,0.007645896740965775,1104.026515018842,1.0383324105150025,525.3028443442622,1.0128898882390773,241.7146541967804,0.97169782708267,116.80937791397625,0.954564345353437,Source,Inner_Race_Fault
-0.0019989435354536168,1.0036301211952166,1.0036321118545297,5.310141067281666,-5.044737576813024,10.35487864409469,-0.18282570781722576,4.195504413412024,2062.904147856554,1.007277415945583,7.649362718694116,5.290923840080695,1.4457518100614826,0.3513845137211765,0.04042553191489362,3277.275659381551,2148.653478655027,4531.25,13000.015791076901,6.460762356984699e-05,0.00017264208180945028,0.0011667479694644968,2875.0,4.112907014735233,4.112907014735233,1.8826479380974692,3230.9399950806096,1.091609925212043,0.9071596198560438,4.829250819623447,2.0344914894606716,1525.9867955972163,0.863142605693927,4.06628071420174,132.11938011505526,0.25397419872873506,1.8245828167652691,42.891347637562355,0.14471687358014246,0.1365965264222253,0.007104279197907127,1030.677357038983,1.0032534762988607,485.5383144319437,0.9737974708615882,226.58512592643274,0.939943584974236,101.2695883072333,0.886422905027606,Source,Inner_Race_Fault
-0.0040551593362713745,0.9957689801399072,0.9957772372002253,4.8172959153546016,-5.112121916558009,9.92941783191261,-0.13261352420895697,3.7453507526362886,2030.7400829462808,0.9915723061261137,6.839608250041377,4.837724478317199,1.4138069004749383,0.3300565576347571,0.03765690376569038,3417.672794229105,2313.1877866389304,4625.0,13980.907012131345,6.34691102766686e-05,0.00016853160880546267,0.00142133678032443,2500.0,2.223754390371632,2.223754390371632,0.952946281225991,2693.2955155086406,1.1164947858915761,0.8582350403165121,4.81703503731411,1.9711241791136132,1477.0652419557136,0.8492419629668481,3.3720611724283645,171.48310664728714,0.28924673302180937,1.1931239731556458,51.66612578696004,0.15881479611678018,0.024093885300965123,0.008837858108558881,1014.2303909989436,0.9952081878632091,543.9420776740671,1.0306971961966689,247.7445820820912,0.974360458243445,130.04972969234996,0.9930813348043939,Source,Inner_Race_Fault
-0.00933422505766927,1.0138980200431376,1.0139409858590498,4.854298882533803,-5.112121916558009,9.966420799091813,-0.166134374924379,4.0504135145098425,2105.500309104275,1.0280763228048218,6.852172024324364,4.787555637097611,1.4312464530393212,0.367283026560416,0.03893442622950819,3301.2065429978434,2036.9235618986227,4437.5,14371.85171098479,6.1019027617723246e-05,0.00015777817536022465,0.0012197135222179708,2500.0,5.692633660339852,5.692633660339852,5.842406175179878,4004.2931275845767,1.1188802160432052,0.8967566974637697,4.730313395844577,2.0083006019626835,1513.7026841263169,0.8596765389339102,3.72042358986989,187.45939085635638,0.30251034137382243,1.28116250645318,44.950328920459526,0.14814944795233914,0.3541393869657754,0.007156823433458286,1052.0653779356815,1.0135674970916382,566.7230873863462,1.052059937860955,260.2560426119337,1.0082758645994079,147.3198460820962,1.0721453451792566,Source,Inner_Race_Fault
-0.007642925381847935,0.9988554491962273,0.9988846893898161,4.854298882533803,-4.827032623398184,9.681331505931986,-0.13372179814565904,3.583996844280792,2043.4342352842534,0.9977706226973894,6.889563102596152,4.8597189786732296,1.417687552064399,0.3580857825195838,0.041841004184100423,3378.702296553692,2159.356497759705,4515.625,13793.42546525243,5.758307364003455e-05,0.0001550386103121606,0.0014011106396411355,2500.0,1.5929656382320216,1.5929656382320216,2.7986890013191785,2941.5863179460425,1.1082228343642835,0.8759708423528584,3.6736012398836113,1.8599123772999473,1436.1418049371612,0.8373894107738394,3.451232509470686,202.35987597225932,0.3139529510188418,1.414502941421138,54.54799056526616,0.16305829039385009,-0.418899532210554,0.00947437952110725,1023.0497605441219,0.9995085869975872,533.3022839575224,1.0205738733251781,262.3158781027712,0.9950449707486946,143.68807939974965,1.0432185609354447,Source,Inner_Race_Fault
0.006309103209739893,1.2141070776178766,1.2141234701236656,7.846250118499744,-7.155641420822234,15.001891539321978,-0.0166425589048258,8.265122474053918,3018.9481998441097,1.4740958007051317,9.989605767745852,6.462481215111143,1.5457848828074385,0.4259587118675904,0.04417670682730924,2944.4585255570637,1708.8532483081503,3593.75,9738.216660191414,5.0118951853706745e-05,0.0002291866031412663,0.0021814711264562295,2562.5,2.446840004634223,2.446840004634223,3.3629635953128334,9401.072312992577,1.237377486267115,1.190398564132238,9.90993381170286,2.8662882410722785,2893.766053483334,1.1886773576304324,8.426392002461817,42.70779049947703,0.14432225173330257,1.3356523962556341,10.130344401194748,0.06994152960671302,-0.12924895648604862,0.0017194118448127372,1508.988455149759,1.2139123040462931,747.1470242485016,1.2079735238131422,370.1375483625965,1.2024076843745422,212.69031069012124,1.289046595669637,Source,Inner_Race_Fault
0.007340358538787411,1.0971127381570154,1.0971372936373376,7.846250118499744,-7.155641420822234,15.001891539321978,-0.042384485101845636,12.342031311136774,2465.1985737520363,1.2037102410898615,11.484119170207483,7.151566320826706,1.6058187332701603,0.49894500826017896,0.0502008032128514,3032.196931567618,1949.715341232567,3625.0,8643.089613605072,8.322115373337329e-05,0.00040484362371485846,0.003506893980871681,2562.5,4.687568763713434,4.687568763713434,2.5391258048071084,9033.585462790114,1.0747239523782115,1.1190777207895022,14.845490195757716,3.5382338601839627,2342.3866842063508,1.069450989165561,12.920846094125237,33.16361264144003,0.1271921141108154,1.876448449873143,7.443620296736866,0.060016388557209185,0.3839457200616425,0.0028056748651087253,1232.4612688353914,1.0970531924682343,603.822587981106,1.0859162135997562,302.17045278062,1.0863173989090167,174.13708144551126,1.1663419408930693,Source,Inner_Race_Fault
0.011557182249161645,0.8410875152658436,0.8411669137558911,3.991242173078597,-3.5967662519556494,7.588008425034246,0.04294580439829776,2.9528596557390205,1449.0865188815071,0.7075617767976109,6.703958094375046,4.744887260552507,1.4128803754958805,0.3017950715575789,0.05905511811023622,3224.5118906435587,2544.8524534793255,4265.625,7953.9413956125,3.586278959772198e-05,0.0001337792633128243,0.0010234214819375559,2500.0,3.8488318908030683,3.8488318908030683,2.1469190294455123,9786.255250256037,0.9391740687301589,0.7300285063156632,3.3429838396100378,1.7347594418371381,1300.8087655245095,0.7969295268402289,2.836095239695134,72.21548279902945,0.1877470429372813,4.551992459837537,26.652679276060656,0.11378607404760992,9.469809944627086,0.008007591614787219,724.3312017622933,0.8409550906091297,352.60462328590677,0.829748445720613,181.61809598485848,0.8421824818428711,96.39988291783379,0.8671260343044873,Source,Inner_Race_Fault
0.005012803363837775,0.9741822173596365,0.9741951143468656,6.522869358898997,-6.543387980370856,13.066257339269853,0.037946822110582736,10.721061039985736,1943.6669354338355,0.9490561208173025,11.596592850376888,6.695649837324586,1.7319592768624525,0.5617048998000876,0.06464646464646465,2811.72805319146,1643.587501345559,3390.625,8328.667441875788,6.207389502580572e-05,0.00035740169285464446,0.003930801870617408,2562.5,3.8970970575071484,3.8970970575071484,2.0296073055824295,3829.723562665839,0.8839312581632898,1.0567651753056313,9.147874080085602,2.871644110767857,1874.0476712629995,0.9565638715381242,11.114925196455431,21.993967869577585,0.10361763094353772,0.17186081370924722,7.829247196923239,0.061707694257163465,-0.1895313238612184,0.0016040696430011285,971.5981024531309,0.974063760075685,481.6557675908875,0.9699120966040736,238.4578199418137,0.965117416786471,108.16744277956523,0.919270413643538,Source,Inner_Race_Fault
0.0016478297448277806,0.8274730124939099,0.827474653236348,4.116370641715067,-4.087932690633284,8.204303332348351,0.11634622722677737,5.990595369810624,1402.2948899811622,0.6847143017486144,7.738823551107055,4.9746184074829,1.5556617447212016,0.46347821398534017,0.050505050505050504,2880.6934757002387,1753.819534662967,3593.75,8437.557121074267,4.325075637407948e-05,0.0002146693267358124,0.002000633968800291,2562.5,4.226712672174753,4.226712672174753,5.934563243870468,4278.52868831067,0.8362880748948557,0.8185646812095052,5.207186053938129,2.2973754075861375,1332.038737044591,0.8064077902037796,6.28111327976865,20.737615341110214,0.10051623027512588,-0.08393494921430866,6.971608038247778,0.05834227342462361,-0.17180092538843938,0.0012290457792268363,701.1942327176307,0.8275004548592281,349.35992378538145,0.8260280234560379,168.11798277265302,0.8103737280841845,84.86882006523426,0.8138718971421479,Source,Inner_Race_Fault
0.0043259858847085695,0.8937183740567106,0.8937288438225799,5.449726217425297,-5.074678426001492,10.52440464342679,0.04143440677327587,8.710728331884804,1635.842552382352,0.7987512462804454,10.075711635495814,6.0977401088636665,1.6523681651911948,0.5543052588456182,0.056372549019607844,2887.6970052910387,1722.4277589539747,3515.625,7607.307196261247,5.460349449292813e-05,0.00027410042890173964,0.002559357135638117,2625.0,1.3216062459778974,1.3216062459778974,1.7065673613386994,3840.5763215070533,0.8492524676160216,0.9360844049222644,7.504163791973044,2.7482573624371116,1566.430701323693,0.8745209106257746,9.061621146854502,19.870150386524788,0.09835907578245576,-0.13087280045770422,5.178577196762067,0.05023140100227627,0.21600208782998287,0.0016001993312870996,818.1366917096339,0.8938365710861853,408.14076726851357,0.8928254816827782,204.4871892595241,0.8937404507290438,87.02200863060159,0.824505193546665,Source,Inner_Race_Fault
0.021880332081820095,1.0315801082544513,1.0318121285768433,7.722230678183691,-7.146184439041716,14.868415117225407,0.22613976459517598,13.11933220356783,2180.37507825311,1.0646362686782764,12.98493541003679,7.484144123053487,1.7349926987695439,0.5644579789202452,0.04680851063829787,3123.3205588192436,2305.197670093865,3890.625,10262.921384805086,3.7751792007443385e-05,0.00017552027921786736,0.0015871917651085314,2562.5,12.024125236937175,12.024125236937175,12.916509563645436,4143.34144569296,0.9324465294035391,1.1222018378407261,12.291319549729524,3.252130582462424,2094.987169022719,1.01138389395846,13.68191235082826,29.079078704477247,0.11913527780162073,0.24098553639044606,6.9376689120688155,0.058138930448769145,0.19237064763602474,0.002599309443074493,1091.768448859982,1.032339472311947,557.0116062990064,1.0429074796031286,265.3879054733657,1.0180620001639873,137.57193225073004,1.0362777529309688,Source,Inner_Race_Fault
0.02096639705484245,0.6815404937881148,0.6818629147258329,5.020755235953342,-4.666797253943678,9.68755248989702,0.17774447163784768,7.4793253365945045,952.1910466117806,0.4649370344784085,10.710127877254763,7.363291253304359,1.4545299797082554,0.3339903780274979,0.04081632653061224,3538.2778872377007,3004.641559983813,5296.875,8104.285223246796,1.9696998307099214e-05,7.580690296963335e-05,0.0007431701296885222,2562.5,5.355973505736874,5.355973505736874,5.917033482766956,3949.0255992489156,0.7337824259794796,0.6252975072523423,12.907111103713795,2.856375633878839,858.1369170330555,0.6472979134981032,8.654876235148803,28.293113028437336,0.11748076350081352,0.12627141263918729,8.905891018544189,0.06576491849810111,-0.2524084361162915,0.0022891832895461806,479.10607450199075,0.6837217398333743,244.97389787670824,0.691436372889657,103.170392506458,0.6347240335392076,53.97646983606577,0.6491114080332746,Source,Inner_Race_Fault
0.014320560982711707,0.855123117450966,0.855243020705763,6.1459916519027145,-5.450801018436762,11.596792670339475,-0.006414941804352454,12.986689566416084,1497.9903989062004,0.7314406244659182,12.0589794821946,7.186251747288068,1.6780624874080414,0.5412863363372558,0.03155339805825243,2884.1738356825053,1922.6343972269424,3421.875,6529.411140839883,4.450910059757379e-05,0.0002105395664688852,0.0016642446526307067,2562.5,6.740803390046806,6.740803390046806,3.5419110200753354,4579.194076369396,0.800338250387475,0.9067165005470099,13.590410806101751,3.4346613953798375,1412.860067693074,0.830561212344386,13.874440561227615,20.848725948027017,0.10066821394313676,0.3915100831622209,10.997490558550552,0.07318289808223741,-0.07085122052317017,0.0015447865048625951,749.1575800353121,0.8552192827143482,380.8344303726125,0.8623469793736713,192.12475399557096,0.8662083728250015,86.86774166191455,0.8237898191770111,Source,Inner_Race_Fault
-0.01196380229504052,0.6105063312672389,0.6106235444877134,4.199821399648837,-3.474069476267022,7.673890875915859,0.2867071593024953,6.135175738461969,763.6195595934485,0.3728611130827385,9.851463582529407,6.877922473776055,1.432331291911298,0.2875236009923607,0.045576407506702415,2903.408697880174,1845.8887762611475,3625.0,6052.858611312175,2.2629065631807514e-05,0.0001071299687600929,0.0010639081049901862,2562.5,1.222884301162979,1.222884301162979,0.8508373979422631,5938.730863955486,0.6694514400041894,0.5453566339968332,10.690084505398747,2.5754073478346617,706.2056510906144,0.5872138931480935,6.398685571200387,17.365133253657437,0.09184931241874347,1.5498814428553196,9.862165328662801,0.0692347507403373,1.7630462023200177,0.003103752631089866,381.8487059601457,0.6105388216983929,190.25038678465432,0.6094743358706615,96.09132844093318,0.6126391077354948,47.18827405828246,0.6070451062292432,Source,Inner_Race_Fault
-0.013739695728885514,0.714888287644177,0.7150203095364117,4.911784389514565,-4.410549582710362,9.322333972224929,0.13633583833709184,11.93383222666073,1047.0482801654703,0.511254043049546,11.023041739579982,6.86943339091886,1.6046507932010872,0.5228841509377844,0.04713114754098361,2899.177360435076,1846.480740414529,3546.875,6615.661001728848,3.0149595942152057e-05,0.000138869490100479,0.0012067102737372336,2562.5,3.1291979094748386,3.1291979094748386,4.128855133417333,5503.84437191814,0.6960301860159873,0.7333902606796995,13.829922100795269,3.478636272645864,984.427981583066,0.693308822693024,12.926272550359979,17.707415034379764,0.09283748658086916,0.4845382337003543,6.289583289117452,0.05534270383330446,-0.4079906327964764,0.0016794033510107958,523.378148569556,0.714786403317518,255.38470182339813,0.7060453225162412,121.08256653441018,0.6875044844777937,67.35691585701707,0.7248492545723414,Source,Inner_Race_Fault
-0.012124436473517795,0.7131278344638409,0.7132308954657585,4.911784389514565,-4.410549582710362,9.322333972224929,0.12761985080477442,12.04531174055847,1041.814139385626,0.5086983102468877,10.986294950313166,6.886668007149412,1.5952990530264732,0.5255111543101629,0.053061224489795916,2881.869519472763,1771.0595426360508,3531.25,6084.456001152589,3.268589399573866e-05,0.00015092322429615033,0.0012877381175758836,2562.5,4.381144027469274,4.381144027469274,3.7799905796098994,5646.972553411568,0.6989893002034213,0.7270925469274157,14.354290236061935,3.556737543158334,976.4004100880219,0.6904766510766,13.1523379160436,22.708869939153068,0.10485457521589384,0.2343533282250636,7.44852519661613,0.060306638400867876,-0.5865139573018885,0.002039518348774111,520.8826104000054,0.7131098887134997,252.90355769044248,0.7027355499125796,117.95347562709506,0.6784301672645001,67.0141329713783,0.7218067304977348,Source,Inner_Race_Fault
-4.0495140175646465e-05,1.0236262141202093,1.0236262149212128,3.8748788536743155,-3.373433485495233,7.248312339169548,0.07415361731461118,0.916431739527424,2145.916165885806,1.0478106278739288,4.9522707385988625,3.7854431600040255,1.30824068128224,0.17346331848043706,0.04326923076923077,2761.4022579757434,1801.6183667980154,3265.625,10689.785920251205,6.199933365763277e-05,0.00028187974619831664,0.002545926491144504,2562.5,1.8912134527300832,1.8912134527300832,2.559395331133816,981.2766418929472,1.2295910593146226,0.7640203035116779,0.8293465008225462,1.1521051403265443,2008.7624543526101,0.9903061985079064,0.6993570618223006,58.98008344025893,0.16924127706127964,0.8124992064694778,14.90303268528941,0.0853036133784612,2.435998764262381,0.004329869159550161,1072.8554245790137,1.0235772065861546,536.8985931240422,1.0240200233145378,273.3038237960953,1.0332272812229133,123.29844532599724,0.9814080702782524,Source,Inner_Race_Fault
0.001658109500287112,1.0568488509516196,1.0568501516699866,3.877730974504665,-4.693341632794022,8.571072607298687,-0.030809665544226778,1.4860652516502402,2287.477233837821,1.1169322430848736,4.961367206950247,3.6691398192801983,1.352188101657994,0.19559580279529687,0.05223880597014925,3151.948821039142,2519.7514736759663,3593.75,11635.815259882118,5.962284807258789e-05,0.00026495255619980956,0.0020873265541274293,2500.0,1.8537357197732254,1.8537357197732254,1.0291201031411001,1362.3894504929249,1.228277447413669,0.8515842029276182,1.2401725389091043,1.2264219900830133,2138.281965569792,1.0217500896772662,1.2062613564507974,64.26477010868236,0.1770605929206243,2.3278009250713163,20.56887218927462,0.09979950468951017,3.332527621828044,0.00494184345932942,1147.0136368248618,1.0583593928583959,577.6045671642423,1.0621323096905795,290.3376431975323,1.0649560033216923,134.9747711300712,1.026693456145242,Source,Inner_Race_Fault
0.001691404523906741,0.9445608028969879,0.9445623172764547,3.877730974504665,-4.693341632794022,8.571072607298687,-0.07386722751984556,1.9261914686365245,1827.2214450558276,0.8921979712186658,5.578460042527988,4.105320425745642,1.3588366958018343,0.1953410822527411,0.058467741935483875,2812.0570661403126,2049.5105575248394,3265.625,9345.87214581082,5.021601407073027e-05,0.00022627359412828306,0.0023049435697743265,2500.0,0.6279106536754313,0.6279106536754313,1.3455035760778948,1284.1098001449686,1.0918119308094383,0.7696360480151737,2.5445125857232194,1.4030947589391585,1667.7680502645985,0.9024036293089762,1.7105169305756567,69.64446578349896,0.18440647407388655,2.5261296912502136,20.833557064072036,0.10049820935148922,1.7311005162121802,0.0042983459297478415,913.6692269786872,0.9445902930939722,456.1627382211202,0.9438913502959029,229.2398987688037,0.946287451248953,116.39380932594196,0.9534962629279834,Source,Inner_Race_Fault
-0.0057786731144112485,1.0248219745599472,1.024838266559125,3.4014236882331566,-3.8140926147969463,7.215516303030103,0.006915261302018464,0.3615775198980815,2151.0010318928116,1.050293472603912,4.271875790163921,3.3189858333972757,1.287102749032007,0.10215883975943672,0.07380952380952381,2673.4739141329696,1422.0469790252687,3203.125,8231.205347070258,6.897340887379802e-05,0.0003860616472076664,0.0044312155720456275,2562.5,5.162544243602712,5.162544243602712,5.021394565135657,2417.4709802804996,1.2516974820380646,0.7306209416817987,0.30967265266645994,0.7568045567841668,2085.442560826737,1.00907864972255,0.23129881695538357,19.772326912664596,0.09799957433246961,1.7352610150770973,8.366654881697817,0.0636320822635661,0.41429171542436816,0.0013450784652067071,1075.4238085813327,1.0247850179339206,535.8140099194004,1.022980569562774,261.16609108107696,1.0100282277921293,117.26999287476015,0.9571453911916591,Source,Inner_Race_Fault
-0.002750336264256558,1.0062671154993665,1.0062708741114303,3.4014236882331566,-3.8140926147969463,7.215516303030103,0.0028250240674739897,0.3335055956433668,2073.766035630043,1.012581072084982,4.303240849937047,3.3802267120537732,1.2730627903128027,0.11813651151783822,0.055803571428571425,3011.57428663453,2190.573311179625,3328.125,9853.317644240338,5.5862677492643375e-05,0.00029102825672547403,0.0028306846008585317,2500.0,1.1784338717952363,1.1784338717952363,1.058602590185439,1863.5985598537357,1.242361720958755,0.6940401395296016,0.7456449362871518,0.8534804957461676,2003.0909309188432,0.988964628293615,0.19041129684186986,25.033763029894743,0.11033434271328244,1.3469262630202525,6.589354144057443,0.05672098633878951,0.11368284728696398,0.0018134128431413837,1036.1846636086336,1.005929359145935,515.6683905233031,1.0035748727315315,253.92430971251045,0.9959372551933043,119.84083498679301,0.9674075575439045,Source,Inner_Race_Fault
-0.000856402581655433,0.9373316236323713,0.9373320148627589,3.1181470578102224,-2.904838097012292,6.022985154822514,0.03688542279962723,-0.15387901313695584,1799.354994865519,0.8785913060866792,4.128582288181272,3.3266196058253397,1.241074356969337,0.06706885740407702,0.07692307692307693,2685.044062991896,1490.7829139902235,3218.75,9022.297491018955,5.59839212310146e-05,0.00027638277648619846,0.0023354469800219266,2562.5,3.482268815650456,3.482268815650456,3.3837074191338803,1952.3511542863796,1.1859691918117536,0.5921646284205219,0.11348542909968984,0.5315690852172906,1732.9771947032464,0.9198779019378636,-0.28762977074415463,21.69272215052288,0.10283086185928707,1.8019183543415416,6.689122590296232,0.05712418428300956,0.18232186149535456,0.001193766508225504,899.7545107718504,0.9373718170106793,453.09234318811536,0.9407115557620674,228.57092932638093,0.9449054358460146,114.43023628038017,0.9452978578937415,Source,Inner_Race_Fault
-0.0011339627371626762,0.9981709178001206,0.9981715619137945,3.746684933555323,-3.7904742207971194,7.537159154352443,0.061923732267265476,0.724530215947349,2040.5175644434928,0.9963464670134242,4.9911612892760795,3.753548063793566,1.3297182304445319,0.13486326055857223,0.07959183673469387,2794.521758093213,1792.1096787085644,3203.125,7152.700025266946,6.40975400714343e-05,0.00038142084494378767,0.0044475140810371575,2562.5,5.331889407631908,5.331889407631908,4.92558726006524,1376.1663752412069,1.1788928575949549,0.7764684369012426,0.4801433320585362,0.7289341557321201,1990.661568309266,0.9858681135198306,0.6216741519763906,16.127258672643226,0.08861815530403615,2.5631505545521662,3.716134933093178,0.04241775918590381,1.1686978817419567,0.0012851424224412469,1019.9979081038323,0.9980435146828128,509.14081247363134,0.9972036004688047,247.62129270002833,0.9834829390495493,127.91923925439677,0.9992020787720198,Source,Inner_Race_Fault
0.002187801165993531,1.1024392693255185,1.1024414401794431,4.332556510298669,-4.3818133553637395,8.714369865662409,0.04588603048089961,0.6793537123923743,2489.092360243046,1.215377129024925,5.076514022305901,3.9299652139287002,1.291745281691952,0.14620886374066985,0.07975460122699386,2789.260619180387,1661.3367207725535,3156.25,6852.195144419668,7.788155259967337e-05,0.0005026396544301822,0.0063223051189124895,2562.5,2.1570575684002358,2.1570575684002358,1.9461858700767591,1207.9601489309664,1.342542899594758,0.7926714262699589,1.666790979485536,0.9497427214084749,2440.6714756665656,1.0916427723160549,0.5638642510179417,16.35821727917945,0.08935262809672939,1.9600660675383086,3.684917221895394,0.04235731610428409,3.4509491321712398,0.0010060848648684824,1244.6483999736765,1.102484104820455,623.104266512278,1.1031746534254443,299.0417378378236,1.080794539964432,157.48017012350417,1.1077407460028008,Source,Inner_Race_Fault
0.003463711474977447,1.1319043920118712,1.131909691606599,4.332556510298669,-4.3818133553637395,8.714369865662409,0.04093203247063042,0.5960404866745024,2623.9376383036333,1.281219549952946,4.961348282784581,3.827652101952734,1.2961857950082438,0.1289390708197225,0.07959183673469387,2752.237589567274,1600.4480431632373,3093.75,8806.180567495967,8.023800423755204e-05,0.0005309882859431107,0.006975036873409042,2562.5,3.163955621454426,3.163955621454426,3.5867134510461893,1426.3822678431693,1.371984133160908,0.8246736372246029,1.0684717353218032,0.8379714763566223,2576.287770560649,1.121575480644725,0.4846778766086648,14.598313010154486,0.08442322832805507,2.001225342718328,3.775113896933393,0.04287103233406791,3.4524893166275223,0.0007205107148915346,1312.1323532651822,1.1319754767273447,655.9505780860179,1.1318753077741033,318.4160539539155,1.1152598310957238,172.56391001458542,1.1604589059714259,Source,Inner_Race_Fault
-0.0014736142144205608,0.9567347723728258,0.9567359072419807,2.949739866897244,-2.8805154423745467,5.830255309271791,0.052046079649624336,-0.16187928521679007,1874.6236850301661,0.9153435962061358,3.876849143818648,3.083128629927325,1.2574399608848084,0.05983377733382692,0.07862903225806452,2634.7890787809906,1354.168443474922,3062.5,7688.204885492192,6.122009522346984e-05,0.00044169205069693855,0.005932514666175456,2500.0,3.395340643814095,3.395340643814095,2.217165869424153,1732.1862322683887,1.1956075300800724,0.6334095466558122,-0.5117215279766509,0.3486748750478996,1836.2670896601248,0.9468675326132014,-0.24021462664172866,12.394097672994763,0.07740193661140314,0.654435736380861,3.098530105846189,0.03866048516419963,1.6379445495732066,0.0012461717698374628,937.2686232434392,0.9567126631062197,467.6234337819026,0.955680211746581,233.1855314060582,0.9543999703970364,117.13251007616672,0.9555459680021643,Source,Inner_Race_Fault
0.0029306601290013685,1.0099955153339144,1.0099997672095826,3.6415637207577456,-3.5961200276120397,7.237683748369785,0.06544253548009486,0.3965360563490061,2089.163836955466,1.0200995297634112,4.7403378772386064,3.605509465431484,1.3147484211836102,0.10436579934346163,0.07847082494969819,3003.2722381800418,2161.70132232231,3281.25,6694.032163132877,5.9391152566823075e-05,0.0003991575253225026,0.005209135543555156,2500.0,4.2256027621168615,4.2256027621168615,3.7537549526212417,1155.653342974457,1.2069732416437096,0.763810121649439,-0.009610429287831401,0.528404805963001,2051.2607575346588,1.0007818609700005,0.31926201638364304,11.11716992333525,0.07360773189289652,0.6240601885633068,3.250789380402849,0.03980379976651131,1.832791736474909,0.000953824913102256,1044.0193735007156,1.0097222653171662,518.8809946221425,1.006688574504771,256.6195522587558,1.0011855957578615,122.99483490389457,0.9799875835302718,Source,Inner_Race_Fault
0.0020434637339983254,0.9908060568720849,0.9908081641157592,3.6415637207577456,-3.5961200276120397,7.237683748369785,0.060824568116925284,0.6787510900158451,2010.5232754246476,0.9817008180784412,4.914135514509023,3.675346906338461,1.3370535189573973,0.13015506790527853,0.07847082494969819,2850.4049255817345,1857.9184228239017,3171.875,7833.041087052967,6.638974164848964e-05,0.00042487565639144187,0.005000449828412882,2500.0,2.2755431242087245,2.2755431242087245,2.322534116455533,1078.2130706412138,1.1636877562928178,0.7805307190482599,0.0848148623376015,0.6628223926260327,1971.5947577383745,0.9811508632524375,0.5941337818228294,10.472765908080108,0.07150385083762466,0.7065163181344558,4.010168676191265,0.043731708892805775,0.5978630066623847,0.0008086065387927821,1004.7576941011455,0.9905581618055034,499.9989794255951,0.9882100792168773,254.90660889187785,0.9978619946045304,125.5204237010048,0.9900341393285153,Source,Inner_Race_Fault
0.07164853059920642,1.0264756085721298,1.0289731225501226,4.935260845737314,-4.433299693002509,9.368560538739823,0.06755908706837672,2.1948881870597496,2168.3930868337657,1.0587856869305496,6.414025333500035,4.796297140887575,1.337286899683845,0.2312697690200241,0.06060606060606061,3212.6357091190075,2198.195094485797,3828.125,9586.608034862847,6.794467412177549e-05,0.0003148914967353761,0.0027565957770719954,2562.5,0.9819532961470351,0.9819532961470351,2.813465204728661,19221.2832182234,1.2060669199663092,0.811073587326595,4.342791058391707,1.7227033967027574,2021.544390511047,0.9934887834302869,2.3075572636723702,39.386229207974594,0.13867013080820512,7.051150712869914,21.872869379776272,0.10332070645574401,1.9236195525631645,0.012833548850246571,1083.7625656931027,1.0262490658489132,541.4159658803588,1.0253289757521606,272.32824508833426,1.0277045051572549,122.99910565940311,0.974292467931132,Source,Outer_Race_Fault
0.07276575250582071,1.0458543358343582,1.0483826336415845,4.935260845737314,-4.433299693002509,9.368560538739823,0.06405012086549965,2.0133485789598415,2250.9693880755503,1.0991061465212648,6.271076430482137,4.707499616427789,1.332145924897779,0.22343404306912773,0.04426559356136821,3011.970951011483,1862.0721293411839,3609.375,10107.118640870955,5.146771317709311e-05,0.00021361410205950046,0.0015948550244947884,2625.0,7.891806603908996,7.891806603908996,8.426017105784828,12530.574466431088,1.2365585526868144,0.8147640049626509,4.002933921771258,1.6990512812730756,2105.1654760831916,1.013857669695747,2.0879918201083907,32.22271123686426,0.12522008679875093,0.7692328478732402,18.80450308702937,0.09578622008094297,-0.12457695351142206,0.013712426655081229,1125.0055297857339,1.0456318064001804,563.5356932435112,1.0461895071481102,289.9596135325744,1.0606444425659198,149.60781020441638,1.0762556288452367,Source,Outer_Race_Fault
0.06929017884758124,1.2039906616521572,1.2059828532074282,6.4440949192089425,-6.686574820659586,13.130669739868528,-0.0978367779489714,4.690331136756247,2978.600227287714,1.454394642230329,7.520470381363999,5.343438260395036,1.407421591656608,0.3260625727007976,0.07459677419354839,3203.2751652140064,2183.5100366243605,3750.0,11810.122480919237,8.639332074278396e-05,0.0004006595685676025,0.0037869406083710466,2562.5,2.6887949277587095,2.6887949277587095,5.589255131432268,17007.510762106194,1.3465428840979536,1.0444186270118558,7.8782769113225655,2.4476556464438466,2818.1732987404407,1.1730518357858866,4.860813882295614,34.593664256852506,0.12958621696764133,0.7311824320489952,19.057442566840628,0.09640765037717862,-0.4156342945538172,0.012096866185213547,1488.9917408957353,1.2038877051917516,745.0548655984089,1.2041272780650119,376.53593755641486,1.2103879999641545,151.35776602842816,1.0853981354942008,Source,Outer_Race_Fault
0.0002830941896405791,1.2268029073542726,1.226802940017351,8.433483628275061,-8.305344267772497,16.73882789604756,0.052904560270171534,12.325390249637133,3082.3330890449224,1.505045453635216,11.173502834915856,6.874358833991533,1.6253883605357369,0.5556802026519533,0.04897959183673469,2987.1806865960575,1660.0956258949836,3437.5,8831.622381337493,9.130410748254594e-05,0.00044445201155329827,0.0034512504696963277,2687.5,1.077198658390963,1.077198658390963,1.5597971039181073,7165.672766399552,1.1830996562973948,1.269001979132274,13.890160994502452,3.4731423773462464,2984.706194499037,1.2072148995071539,12.28846304194252,24.239423061750756,0.10872502099824001,2.2108351343529,11.02143852041475,0.07294238691481228,0.8318552523124274,0.0024678383513158145,1541.3199574261723,1.226863982674855,778.7094317199239,1.2332456746251501,388.8758968633726,1.232495642496446,264.7772322248362,1.4382531372298684,Source,Outer_Race_Fault
0.003756513545717088,1.2453475423789953,1.2453532080110536,8.433483628275061,-8.305344267772497,16.73882789604756,0.08197967988213957,11.828951409528425,3176.2526468166093,1.5509046127034225,11.120705144852495,6.771961218732579,1.6421690534922784,0.5578512097941212,0.05161290322580645,3004.7173590611237,1793.0322341695148,3468.75,9100.996315027045,9.382026605884763e-05,0.00045216244191983757,0.003687961120257498,2562.5,6.429583570292641,6.429583570292641,5.852764916927473,5971.6290016080075,1.1877152848652157,1.30043357819365,12.507388473856723,3.321533071248338,3057.9891452956126,1.2219484529360563,11.827554434188322,29.44798395432796,0.11976790265194537,3.8394787724320603,14.080134043210798,0.08280893772061071,0.7111685837265989,0.002263973046447295,1588.57040205649,1.2455221116469344,807.6590260725479,1.2559680599873402,395.50130795191546,1.2429375992443208,279.819817994242,1.4785373442936924,Source,Outer_Race_Fault
0.0029554509059397634,1.0036572424806625,1.0036615939020208,6.170062761147099,-5.892901487721417,12.062964248868516,0.0745830938097076,6.716881862670599,2063.0253467114394,1.007336595073945,9.145751536149213,6.147552918867025,1.4877060282117498,0.4157407801582649,0.04693877551020408,3003.948793741533,1844.6664481760745,3546.875,9400.86023174378,5.865615731609993e-05,0.00025686878632927746,0.0018299321910140117,2562.5,3.880757276449706,3.880757276449706,2.5020467927776173,4989.293128782163,1.0572208291193568,0.9470736715649153,8.790085587751705,2.667575746037572,1942.7578406478356,0.9739657487568776,6.717370342565479,23.70016879487993,0.10756362137244235,2.4193711690659425,12.099044262144504,0.0768538121893868,0.9228838361246114,0.0021095002685948706,1031.4597000457454,1.0036309058498472,522.3690855859693,1.0100660230867076,266.04270590748354,1.0193195573758018,86.91726648095737,0.8240351081331743,Source,Outer_Race_Fault
0.0033431842739225916,1.2290283667461186,1.2290329137772191,8.139148443763965,-7.704800252296173,15.843948696060139,0.044434306037851486,12.472463601928933,3093.548857646533,1.5105219031477213,11.294406396497989,6.6224007124021655,1.7054851989470043,0.566808566871049,0.045454545454545456,3095.976917181689,1993.311812162763,3546.875,8858.772113413752,8.588940431229593e-05,0.0004291250134827211,0.0036159112706423114,2625.0,3.6634066451655167,3.6634066451655167,0.14837912043097382,6168.7885563146365,1.1307476350897514,1.3200160071422529,11.769123793580304,3.2753762307436767,2976.757936592196,1.205609832445205,12.845572549573989,25.05979735231052,0.11055676364445938,1.4278498058238593,8.158056960274266,0.06307808915883974,1.1138593833705004,0.002170185000473494,1546.3439873236855,1.22885835573247,782.5210691522432,1.2362661548424438,410.30212858916724,1.2657782746855955,181.95665035784896,1.1900667541471937,Source,Outer_Race_Fault
0.005081080240899119,0.93658240774551,0.9365961904016007,5.016417877868374,-4.7174616875274245,9.7338795653958,-0.018559151727806325,5.145608457615808,1796.5310440955727,0.8772124238747914,7.842787658251871,5.356009269819256,1.4642968791046425,0.39009797314269723,0.058116232464929855,3186.666135038848,2260.962900233721,3812.5,9802.126471004836,6.613506796410552e-05,0.000314310486424424,0.002693686003908046,2812.5,1.4803977181859291,1.4803977181859291,2.6034799372762047,6851.302488827946,1.003664275822022,0.8643245126015726,6.189945988476097,2.329625229464544,1694.105244181393,0.9094965121353453,5.37854808135666,25.9973479662371,0.11266772052810545,1.2823199446212623,6.694795715171681,0.05700662637273807,1.7503200837901263,0.0028790608876975163,898.4551980881696,0.9366788315903122,450.2675187043878,0.9377574890462923,232.24303971530333,0.9524698957689242,135.05701574802038,1.0271203386771508,Source,Outer_Race_Fault
0.004059285368140639,1.0567584065034803,1.056766202862996,5.016417877868374,-4.7174616875274245,9.7338795653958,-0.016159401997709294,3.5719258248121504,2287.1138457875963,1.1167548075134748,6.841637322425486,4.746951467862873,1.4412697009320092,0.3623618075481043,0.05030181086519115,3113.0352864257416,2058.9980664445166,3578.125,10502.044380304791,8.294114614194004e-05,0.000406275620089207,0.003146258347647018,2687.5,4.540938250315823,4.540938250315823,2.006631730515063,6910.014718343351,1.15137032385504,0.9528060836296754,3.5413501980832143,1.8944843829532445,2187.802706138817,1.033566628562166,3.7133928164713224,24.522081920326343,0.1092430199049027,1.067462615372052,5.983546059269319,0.0539010470541125,-0.08883506436921307,0.002507321700212563,1143.7668024243983,1.0568542424907796,572.6099907959497,1.0574724666819735,292.67879135932384,1.0691659823258326,169.1232741980108,1.1493525587540872,Source,Outer_Race_Fault
0.011206110311325304,1.0324502577975894,1.032511070998572,6.056591017457959,-6.000252382133189,12.056843399591148,-0.05416101941327977,7.681104415630955,2183.3300208324986,1.0660791117346184,8.900148379165199,5.865884819617914,1.5172729524793032,0.4134873709256039,0.0400890868596882,2996.0960322188253,1990.3597700955213,3546.875,9521.064529816831,5.974003328338839e-05,0.00023317795381592467,0.0017228188837752486,2687.5,1.0383845871202453,1.0383845871202453,2.010170444808449,11466.172433124322,1.0691270967292217,0.9944847032679963,9.691764948498166,2.822148631613994,2020.16818376729,0.9931574734017865,8.49466761917678,45.563032467305895,0.14914155899407625,0.9236308248928649,13.647293724259331,0.08148484679712496,-0.12774573059321126,0.0035219164800356973,1092.242153676133,1.0327260605581645,542.492743394155,1.0293338829746084,259.40980881491754,1.006636820051544,156.53655597866555,1.1057233263560293,Source,Outer_Race_Fault
0.010880189274015496,1.0468793162777896,1.0469358535119957,6.056591017457959,-6.000252382133189,12.056843399591148,-0.04060788528444356,7.061650005922939,2244.7609474434885,1.0960746813688909,8.524075683945249,5.785064096468602,1.4734626171469094,0.39322686091111647,0.04491017964071856,2942.5886744598997,1816.8317100436664,3468.75,9260.319749651846,6.768463968889292e-05,0.0002777555993691108,0.0020079417346932195,2687.5,2.346655329075221,2.346655329075221,2.852571592845176,12242.626503990621,1.1162729177839263,0.9726077033919165,10.202665680006296,2.8665787422341307,2095.6911429230554,1.0115759812512408,7.6781544648544315,34.74017113739994,0.13023940365744738,0.1500701323012441,11.686110235622387,0.07546534181121153,-0.1381624109575217,0.0034009066165448594,1122.828759423417,1.0470872132487001,558.1617394903597,1.0440978110770573,273.46004847908125,1.033535450481723,170.29050361370605,1.1531802353263867,Source,Outer_Race_Fault
0.010033712463661984,0.7838465482293806,0.7839107644093924,2.8250585766569185,-2.5476820126632367,5.372740589320156,0.04139366010176039,0.41032544389431447,1258.5289452685681,0.614516086556918,4.601257874409025,3.6038012295766224,1.2767790400442216,0.1418809227739691,0.052525252525252523,2978.6439261308237,1936.667922866652,3703.125,8333.994518846941,4.117682813069635e-05,0.00015382173242622972,0.0010580410234595824,2875.0,2.4968821061490516,2.4968821061490516,1.3728062005378434,10137.488333616899,0.9629936881570587,0.5491581210782034,0.4989465415314136,0.900629067452642,1116.1345587028427,0.7382323282926371,0.4336262713828716,46.44646668317709,0.15048020482923755,0.5455073229218308,10.94219034891664,0.0726936181239935,-0.40648137746876856,0.0036172836280643134,629.234916038187,0.7838267057913199,317.51527922434946,0.7874846004970291,155.05378151524977,0.7782536957508553,91.43138724471098,0.8448621892655538,Source,Outer_Race_Fault
0.030032457167173704,1.0181261696857,1.018569018713201,4.110027513388982,-3.7419313387443363,7.851958852133318,0.12744524793654272,1.1683895792769787,2124.7648683671005,1.0374828458823733,5.355591853968156,4.035099672068706,1.3272514409098752,0.18046177856515394,0.042735042735042736,3278.9282182888073,2014.3728437390505,4015.625,9962.402856009363,7.175223292762037e-05,0.0003012473074487112,0.002513991694232201,2875.0,2.4286564117309513,2.4286564117309513,0.7755638308667971,3627.7088178470103,1.2057821555262067,0.7874979809429422,1.2759770722937755,1.1836081408967367,1998.3420869815623,0.9877985394344286,1.1216422207635741,29.462602230464178,0.11967560411722755,0.9939036395009668,15.973917488470088,0.08766035291387606,-0.3210592996194932,0.0023684654623905895,1061.9448452178858,1.017908632627771,535.8307758875458,1.0225775424549168,276.09099182214885,1.0378743609793442,117.12423801661762,0.9562059875572999,Source,Outer_Race_Fault
0.026188543275109163,1.0681441075272886,1.0684651020244602,4.3009119553550885,-4.623282948280941,8.92419490363603,0.07282730320529339,1.362988412328538,2338.032996851999,1.1416176742441402,5.346048264068122,4.025318138333196,1.328105774586506,0.18258319093433475,0.064,3280.2312862174063,2095.679879810498,3906.25,8472.373624129894,7.80665985707882e-05,0.0003136336734177022,0.002311707766608135,2812.5,2.1476879535908404,2.1476879535908404,0.5395306590774774,4371.775224672241,1.2612321615339677,0.8317708495862706,1.9077691466413746,1.2847093305126673,2216.7350297685534,1.0403644828285252,1.2737256592062076,27.910090107714893,0.11655172469621361,1.1806646335311424,16.0582980570282,0.0885113011139247,0.13268554127837406,0.0027283311786158717,1170.301788993554,1.0687422803809838,594.7266462302184,1.0774862061356625,302.3453404459578,1.08519493704604,146.93797714455224,1.0697419571181004,Source,Outer_Race_Fault
0.025227273080849412,1.0921102204426614,1.0924015511259648,4.3009119553550885,-4.623282948280941,8.92419490363603,0.07125812092625534,1.364461462035412,2443.962672952144,1.1933411489024142,5.240487219734459,3.93711630207961,1.3310470958062377,0.19453964792551595,0.05542168674698795,3148.7432222460616,1680.7162023932149,3781.25,9321.018320717494,8.129758255867712e-05,0.0003394998962957871,0.0030778927953616733,2875.0,2.346786454274028,2.346786454274028,2.139926695401194,4059.434746980323,1.2852500516643897,0.8568419837685215,1.619189638308126,1.2733609847604803,2330.9124063336544,1.066836363644132,1.2333744437383887,26.858558839728822,0.11431759790783319,0.6862995869452813,12.075978033871547,0.07664981255547902,0.3658728539779994,0.0035088812820189305,1222.6588208033484,1.0924141245689956,605.327546146156,1.0870566468253904,309.68700167538793,1.0989256834572385,155.06149350886747,1.0998444582660452,Source,Outer_Race_Fault
-0.0004191742802407476,1.016517428393275,1.0165175148192744,4.149029011462067,-4.381992530021999,8.531021541484066,0.03065502819913115,1.1505033384245618,2116.214493049557,1.033307857934354,5.342787260182214,4.081610942237153,1.3089898414604415,0.18261522842875694,0.05263157894736842,3203.904615480488,1763.1993278628827,3765.625,9689.797316493845,5.924010150360751e-05,0.00025649700312234056,0.002270068117904935,2875.0,3.9701866629592506,3.9701866629592506,4.02273484663087,4114.9455045380155,1.2203588196305597,0.759828847365009,2.098626168767362,1.2770610962509998,2026.2735579511989,0.9946754400960454,1.0304301059030507,18.88018952291514,0.09600688532481291,0.6675260884870173,4.197100776681741,0.04526567325537883,-0.2588510152311718,0.0012357827514806684,1058.1530302548244,1.016539462421917,527.8226787451003,1.0153320194760997,274.171458321458,1.0348246349024852,145.429937098965,1.065891578983906,Source,Outer_Race_Fault
-0.0013433377045532332,1.0320156287676467,1.032016503054515,4.149029011462067,-4.381992530021999,8.531021541484066,0.07866053995179476,1.2603255920808278,2181.238912157429,1.0650580625768695,5.288783499120728,4.020312658937103,1.3155154705104422,0.191123222511831,0.07489878542510121,3314.640306728048,2038.9618920312146,3890.625,10340.750350479699,6.52241589618114e-05,0.00028747265005324554,0.002375674103659061,3312.5,3.6535336819076787,3.6535336819076787,1.3107559301420437,3031.2041530673723,1.2313908241799378,0.7834480493946786,1.9280084790512442,1.3077140163184744,2081.046477334934,1.0080356730695,1.1508213695791225,17.571700456252643,0.092516852361731,1.2177471192031204,10.418472065865164,0.07069047286532162,3.6560693708999965,0.0013857835728562202,1091.8765801548209,1.0326106271282036,546.7500442130938,1.0333769368546433,269.9636790313094,1.0269089380141039,146.99216292897407,1.0715479778644392,Source,Outer_Race_Fault
-0.00013012603520218095,0.9961815144964966,0.9961815229953418,3.609548296330983,-3.141249323763545,6.750797620094528,0.1105217700707641,0.4792358174602698,2032.3893795989886,0.9923776267573187,4.69188478947057,3.6233841052157936,1.2948902609349888,0.12392322871213965,0.07510729613733905,3300.340462085747,2017.9329074682691,3906.25,9540.794252191188,6.0250230219403905e-05,0.000284935711410966,0.002656825998107941,2875.0,0.8784940038993547,0.8784940038993547,1.9357221931578208,3470.313788197935,1.2078471877487564,0.7251622772909615,0.15041728843657065,0.8010937500317299,1939.0656523414154,0.9730406245347991,0.3635539605688334,19.12758807494292,0.09652354399460367,1.4430306203885923,13.958602348818054,0.08194526739377067,3.259822174894583,0.0018225798513186212,1016.1721397199833,0.9961703849175501,508.64201314069305,0.9967148690392047,244.96069065651636,0.9781693371355547,131.79309414573112,1.0146157241773204,Source,Outer_Race_Fault
-0.0067170393723639974,0.9300357877722554,0.9300600438439925,4.070190569040029,-3.970910672209444,8.041101241249473,0.04032387906328895,1.5461428418442074,1771.5439311976231,0.8650116851550894,5.884469256286133,4.3762664528815725,1.3446323069317405,0.18778288074836827,0.06198347107438017,3414.3481785484623,2281.1193115043275,4031.25,8945.092781598963,5.985510588262208e-05,0.0002546399345074616,0.0021347792827402555,2875.0,7.222274574968624,7.222274574968624,7.599918645221473,3820.9994899547582,1.088395400192601,0.7384940708459512,1.9466831096413895,1.291828567805497,1683.8978474371547,0.9067605678641716,1.4436289679305245,22.52693776725833,0.10481630387046519,1.281373782528382,6.010574186387025,0.05414885998521499,1.2320247169255154,0.0033197624208459267,886.5763570189725,0.9304612171429614,447.54564189123806,0.9349051193996104,235.28442678355233,0.9586742238735869,148.89790777677564,1.0784714085556837,Source,Outer_Race_Fault
-0.001317280294406847,0.961848991158173,0.9618498931846742,3.8020000805042367,-3.754839421391496,7.556839501895732,0.06002854683766606,1.1915257248227462,1894.717884455668,0.9251552170193691,5.318091391338283,3.952799815692506,1.345398613465222,0.16264353925382427,0.05361930294906166,3362.962991210939,2188.3608340557143,3906.25,9583.03602339162,4.831400403273833e-05,0.00020040436907866273,0.0017168028996381957,2875.0,2.240292769315097,2.240292769315097,2.1295711279613996,2209.3504755400486,1.1230222371161114,0.7675477481846322,0.758206371468082,1.0833065500568386,1821.7733418774158,0.9431185356736719,1.0935024247958784,18.751820452525088,0.09556946366302854,1.8402200676319476,5.148792570754602,0.04988168040426709,1.615898302512499,0.0016502721931022694,946.8686199903309,0.9616005641880638,468.3196789364786,0.9563920237035068,228.78582314343728,0.9453539207771319,139.3473475826258,1.0433486248953943,Source,Outer_Race_Fault
-4.088152884471237e-05,1.0358155080823084,1.0358155088890637,4.148793917993807,-3.858907048559824,8.007700966553632,0.06871530367906256,1.306717216938286,2197.3273977960653,1.07291376845511,5.40663789818332,4.005340605918795,1.3498572106935907,0.15147494136122572,0.056842105263157895,3211.605623781458,1752.3403219280124,3765.625,10012.380668018059,6.98014759154357e-05,0.00028862068239818045,0.0021400672848556996,2812.5,2.3200243729189647,2.3200243729189647,2.216487042913483,1849.0446049525901,1.2045314075792457,0.8336255817823622,0.9585590740005454,1.1188519254828047,2113.710538908406,1.0159057378265384,1.1975945665087764,21.617991582361963,0.10272183272976351,5.266033931651929,6.883977661634804,0.05795423983466989,0.6103916205259567,0.0012730495117569338,1098.613454606258,1.0357918121190883,543.7275206890238,1.0305163503679808,268.52006141710604,1.0241381033419465,130.45411368074343,1.0095348005891882,Source,Outer_Race_Fault
0.0015374168361373365,0.9606044692810957,0.9606056995736303,3.664044424081872,-3.684066298368574,7.348110722450446,-0.0028774341263472013,0.9067788782578385,1889.8192589892476,0.9227633100533436,5.007634322336086,3.814306354530456,1.312855826692644,0.16651597568232807,0.05793991416309013,3433.8324148150737,2302.586970505165,4078.125,8998.202508502169,5.5146855699829804e-05,0.0002356113488016889,0.0019020553787769707,2875.0,5.429691190301575,5.429691190301575,6.199475694330162,5013.677750533661,1.1506623344660911,0.7221496785065077,0.943303845660727,1.0495386373405062,1780.161449903885,0.9323118043439994,0.8438903249171781,30.86893653425001,0.12262223383348927,0.9820965438424114,7.502909696262514,0.06052706529636927,1.4330077509681445,0.002319392795151024,942.5132316967992,0.9593863041752893,464.70060019823643,0.9526888197574886,223.43280708737703,0.9341845586566946,97.87416067833838,0.8744161607172444,Source,Outer_Race_Fault
0.004782806095074196,1.0611151096989726,1.0611258885097496,3.8909396492534114,-3.75327463204048,7.644214281293891,0.047886008481122844,0.7960670495100692,2306.0237337919607,1.1259881512656058,4.8135166081668785,3.666803054553561,1.3127284276119737,0.1556840013061671,0.056962025316455694,3161.890395053278,1719.0872396958487,3687.5,8902.881927757358,7.007640792412018e-05,0.0003003008709138935,0.002264489648129378,3375.0,2.0060888226350504,2.0060888226350504,0.3371647223739064,3515.366698329353,1.2716131196412686,0.7968396934311818,0.7182278587756197,0.975424349514308,2198.48993528139,1.036075309927525,0.7092404108827246,28.47304294725479,0.11745562764084516,-0.23721175058269184,8.44727430418277,0.06420100070072747,1.2061430996985711,0.002400704320829007,1152.9929317302801,1.0611061014863337,580.141659681907,1.0644409436912188,293.54115289140964,1.0705164073497406,122.77523978599747,0.9785514019335441,Source,Outer_Race_Fault
0.008110097981433043,0.9413089150062445,0.9413438517138685,3.8909396492534114,-3.75327463204048,7.644214281293891,0.113254843689302,1.2996390630731751,1814.7906501826594,0.8861282471595017,5.466119793405501,4.133388285448858,1.3224307555736725,0.18663944709345653,0.06881720430107527,3578.484861970033,2539.9381159973254,4421.875,9037.031859416116,5.498985626321224e-05,0.00022868113048210331,0.0016720370944503214,2875.0,5.841213513771132,5.841213513771132,4.618768234914857,2923.043212129044,1.1189915001210586,0.7211436548867742,1.9946731165650071,1.2603440174382219,1718.1442551607665,0.915935193581442,1.2532506330340674,24.320342086480547,0.10888637500702512,-0.2948013282701125,8.022278317706817,0.06257323447723082,0.27824605907833,0.0016751963435444185,910.5740788374203,0.9429495650233386,462.5662472205283,0.9504180807905114,238.63520847780075,0.9651693500181465,115.17077601291125,0.9479733776404907,Source,Outer_Race_Fault
0.0005929040697700782,1.0622526853237741,1.0622528507906228,4.870416843775508,-4.616823180270505,9.487240024046013,0.08622491585084895,3.916980154543862,2310.9245317382247,1.128381119012805,7.321768282582905,4.584988254115309,1.596900117685398,0.3194513729060092,0.08287292817679558,3308.472889699107,1258.3125865329894,3656.25,9701.649299741264,7.04149201079834e-05,0.00033759989296831675,0.0033720954088502556,3437.5,0.1444396858462826,0.1444396858462826,0.805949587760375,292.2770602550777,1.0453362432406403,1.0789040842014492,1.736973674089188,1.5475058286375776,2249.350631405131,1.047954355758621,3.6856611608030336,3.205999832871348,0.03953078355270448,2.9261496889460226,1.2631016591208284,0.024833704833745588,1.7708619329451576,0.00071503136003798,1155.33543731723,1.0621944098513487,584.0834906983562,1.068075786930459,291.6957793418784,1.0672476758264178,104.4218660496981,0.9030750282957667,Source,Outer_Race_Fault
0.0036820117847416204,1.0372219826021662,1.037228517928403,4.870416843775508,-4.642385783574703,9.512802627350212,0.0951332074956101,4.059718854109773,2203.3264607312926,1.0758429984039515,7.4960637879278105,4.695606377563656,1.596399524403319,0.3480255270352847,0.09273182957393483,3717.131366846569,2247.173896715035,4171.875,8362.992535474648,6.454957823622441e-05,0.0003087512016742799,0.0034019475471095324,3437.5,7.195437080273605,7.195437080273605,7.831662607964088,1361.4582837628886,1.020415117964843,1.0537670965618422,1.9664937896716985,1.5868801842836968,2145.8967125858103,1.0236101087999592,3.824573711566263,4.024443137566139,0.04424036446610849,10.23268757638572,1.1496676210710133,0.023692447695855393,2.2142033856762735,0.0005443105313203971,1102.4875502371501,1.0376077581780463,557.045664881648,1.043057878289256,281.1922805004957,1.047935453763317,151.28556014514592,1.0868949603965534,Source,Outer_Race_Fault
-0.0006581807946146843,0.9926743130417911,0.9926745312412071,4.720839763866256,-4.642385783574703,9.363225547440958,0.06947437374163278,3.7493200307371533,2018.104780748698,0.9854027249749502,7.481492280527081,4.755677329570928,1.5731707098812115,0.30988425600052927,0.08539944903581267,3381.2534182535974,1395.7964697222383,3656.25,7835.49753446204,5.7364357836200356e-05,0.0002848116720185132,0.003092447960192196,3437.5,0.6709431728074088,0.6709431728074088,0.6107210936457884,151.01614359452347,0.991920741912284,0.9934275246403769,1.7839689102672676,1.5275202643516315,1962.094826070625,0.9787722451249646,3.550102449907474,3.097963692848479,0.03881104706517825,2.8758083722819903,1.0461110585134246,0.022588470797115956,0.28077410601451946,0.00039462625431280603,1009.1834064317266,0.9927386777772773,508.2186804656817,0.9962977768901918,252.83266623782694,0.9937925069237191,136.4254517702906,1.0323413241581358,Source,Outer_Race_Fault
-0.0035453944595769914,0.9506087238902289,0.950615335326589,4.525095843302861,-4.619438069121494,9.144533912424354,0.09126807683381778,3.922725548907912,1850.7151682725548,0.9036695157580834,7.518401485600976,4.760175514892404,1.579437872002692,0.3012700528164663,0.06122448979591837,3355.01895878903,1467.2671648812552,3671.875,7406.006451329944,5.5043752426227425e-05,0.00027198706679359,0.0024228437422560965,3375.0,2.89616915085871,2.89616915085871,3.4367833066231195,481.7661869180435,0.945607245518303,0.9555905976381677,1.9235916993031674,1.5748186919490181,1796.7355008107384,0.9366196683145973,3.7411951481051906,4.56216044307988,0.04712669874669563,3.3740501739564035,1.491016366470168,0.026877849533470135,1.8215959390078327,0.00038010048211401914,925.5182984617395,0.9506916131702264,460.5982409961596,0.9484739559652262,231.45202974603586,0.950761218555696,89.16498681808596,0.8346033182374685,Source,Outer_Race_Fault
-0.0009410807874745989,0.8909165960268886,0.8909170930615186,4.456512198180414,-4.3302436332426835,8.786755831423097,0.062358989742192984,3.9775879250788337,1625.565730220414,0.7937332667091865,7.741477629820772,5.0021626399221955,1.547626134351598,0.31277533698897403,0.08188585607940446,3385.3239857402964,1356.9953103065743,3718.75,6900.6499795611,4.811214716460759e-05,0.00023365925244404683,0.0020019747740223958,3375.0,0.8695940599448496,0.8695940599448496,0.9121059746790786,223.83342991705146,0.9047072985314232,0.8769095459022309,2.3971390631813048,1.6512879412964678,1576.7945492652566,0.8774463092504667,3.804709245656742,3.4872161670318866,0.04100731676696132,2.1793980889610998,0.979798117893401,0.021860560372875298,0.10507270280421377,0.0003483563190954221,812.8810314308873,0.8909704051379239,413.1546795149168,0.8982886072288688,209.2031197453153,0.9039261631954515,98.62515482562009,0.8776241297668147,Source,Outer_Race_Fault
0.0040570826294890165,0.9094064696324379,0.9094155194017731,4.708331437872854,-4.3302436332426835,9.038575071115538,0.14035037654543406,4.057297946055035,1693.7709300301758,0.8270365869287968,8.03491247283102,5.177315910520268,1.551945566331801,0.33316885900741466,0.06517311608961303,3370.6545379266176,1718.174562416959,4062.5,7855.70544885732,5.23347486824446e-05,0.00025471477445110623,0.0021686358985297622,3375.0,10.618289496264744,10.618289496264744,10.454372251275334,2523.264181477584,0.9231740541940918,0.8954364153641624,2.487993238416034,1.6874380089048318,1636.9176687306458,0.8940210564236861,3.7991562654761877,4.096785988576292,0.04463386963544532,14.695486549349507,1.1055020913730416,0.023231341903430264,1.8616888690255387,0.00024647372140972453,847.409848954073,0.9096876418007237,430.60320880994004,0.9170708150365063,214.27891252565712,0.9148806559726103,100.82624286323372,0.887506325980952,Source,Outer_Race_Fault
0.0022132663542801688,1.0579856800306733,1.0579879950632338,4.640192734068901,-4.674505410211971,9.314698144280872,0.031203156812748958,3.1374947831794646,2292.4054480853424,1.119338597697921,6.75017095524714,4.385865204256468,1.5390739662258934,0.2670260637081112,0.08108108108108107,3336.5330476319095,1311.5583680806687,3656.25,8968.138733389962,6.801856957809413e-05,0.0003236250400768837,0.0030324080098867168,3375.0,1.3400319328013137,1.3400319328013137,1.4393399089101153,504.5244242688593,1.0794646255414908,1.036063906042311,1.2881170817816638,1.3825360695524462,2227.0667775777483,1.042782540846248,2.991757280574814,3.520734805688206,0.041461685452264904,3.256937684113103,1.2279850162958843,0.024485550525119165,1.733282061892571,0.0004993055918413676,1146.2606719513087,1.058012507958781,562.7781947207728,1.0484157575366548,280.63800483510056,1.0465526244855996,145.1103281075263,1.0646965571122942,Source,Outer_Race_Fault
0.0017251830411907536,1.0318932335158135,1.031894675648754,4.640192734068901,-4.674505410211971,9.314698144280872,0.03807575036662444,3.926199314648473,2180.7239611028417,1.064806621632247,7.154413159473086,4.496769722308726,1.5910116820035596,0.32814543079800884,0.0857843137254902,3644.232723383387,2019.6593875953067,3968.75,10452.046899926936,7.930390403652473e-05,0.00038226451404421523,0.003408286314971545,3375.0,0.7734172326881367,0.7734172326881367,0.6579074187059819,548.0877526887489,1.0207534511873935,1.0429153850361268,1.8455332702901144,1.5695510089973683,2119.2490591215637,1.0172244607479495,3.7739202332051294,4.1670287610944685,0.04504264701318412,3.6659376703307647,1.3740232255369285,0.025714496342513424,0.5454753924336959,0.0004889485098047888,1090.4295042347605,1.0319244420179061,535.1171539607756,1.0223112862348844,269.4145741810977,1.0255920798486693,152.3257058930659,1.0907661275357874,Source,Outer_Race_Fault
0.0014698610593343127,0.996639414594629,0.9966404984823055,4.5508550869677284,-4.523884326828316,9.074739413796046,0.04649963833060665,4.07618168379111,2034.2625960244395,0.9932922832150584,7.328508906072038,4.566195226762125,1.6049486590324042,0.3395897482499055,0.0829145728643216,3491.5228498201236,1763.5583556733013,3765.625,7000.479191781634,5.5910591113352986e-05,0.0002768316951335328,0.0027120352888633423,3375.0,0.8380536997150929,0.8380536997150929,1.1049196903723104,557.8023624367357,0.9767985496033387,1.016093960334971,1.8972128895975287,1.5890852293081543,1975.6672542207577,0.9821751304443758,3.9348700419740688,3.655952868909643,0.042232646995027955,0.538127074760888,1.5927088708125083,0.027815280484540794,0.12851451490367527,0.000492089479426057,1017.1666945451911,0.9966563537150439,505.3137186089171,0.9934329640146045,253.0059140071927,0.9938369337077891,128.7562506107123,1.0022882914767843,Source,Outer_Race_Fault
-0.0021033078042101286,1.1175955191674727,1.1175974983718118,5.172207682836284,-5.231657622512633,10.403865305348916,0.04371087865781128,3.7173049444932413,2558.0014968154765,1.2490241683669319,7.179129482176582,4.6279699895279744,1.5512480630646464,0.3161534436374114,0.07712765957446809,3271.5273715412486,1226.96100525156,3609.375,9583.054727145765,7.358561353637815e-05,0.0003500303599576931,0.002922453486345682,3312.5,1.3713056164912811,1.3713056164912811,1.8762130235529755,535.2831183166303,1.132041319765809,1.1029625392651077,1.9443077476964197,1.5663363869489344,2478.371408967483,1.100029541924822,3.5591920573169196,5.538311511106711,0.05195839755134906,2.7171350719465526,1.281738429305066,0.024927555120050897,0.5042397280831121,0.0006729194616409085,1279.303278127757,1.1177277106549317,635.370169068364,1.1139818389620881,316.3362407211074,1.111455515694315,154.02385138345937,1.0967695513369542,Source,Outer_Race_Fault
-0.002998882310854838,1.0404724747971488,1.040476796524371,5.172207682836284,-5.231657622512633,10.403865305348916,0.03986286556494118,4.457834754298665,2217.148342488305,1.0825919641056176,7.888940875400883,4.97099762350648,1.5869934916275663,0.3234115942754252,0.07894736842105264,3306.4497913462974,1432.2022563604621,3656.25,9705.080687105385,7.382282169843762e-05,0.00035207276844646655,0.003001394722394158,3312.5,2.3308891468363013,2.3308891468363013,3.7592545986352963,482.7239217400386,1.0311060489974768,1.0497596135521443,2.660118783083063,1.7132867988553173,2148.7762988586837,1.024284088299218,4.279484691238582,4.6963018233755065,0.047873443042696105,3.668186681899056,1.1840659961558786,0.02397167641391316,0.5840316146173699,0.0004367768232420334,1108.7749752129405,1.0405665123235883,552.8018043548603,1.0390807073927628,273.0015079565568,1.0325248727284413,147.73843036139053,1.0741484458917314,Source,Outer_Race_Fault
0.000907966896048273,0.9577468161829314,0.9577472465700052,4.55776083045961,-4.822968296531354,9.380729126990964,0.08192602258310254,4.562892846484168,1878.5890064638493,0.9172797883124264,7.722619549861411,4.758834699637496,1.6227963434934358,0.3469346977509311,0.07712765957446809,3583.426618742781,2096.606597216632,4000.0,7121.891965518404,6.593600679503779e-05,0.00032184573359706706,0.0028000046036627665,3375.0,5.43837249335508,5.43837249335508,4.393868881560319,1357.563054670955,0.9302055859437675,0.9845182129713632,2.3753739027831857,1.7067101907138889,1815.4552383981818,0.9415153933161737,4.416419878896073,4.267137131281675,0.045645694515250954,1.118249593816107,1.356891873823788,0.02572151478619796,1.635859729780428,0.0005372296250692177,938.5519803272039,0.9573676443313488,469.22732647918315,0.9573150952849819,230.75281543672725,0.9494087993118759,119.27708300999785,0.9653084917438955,Source,Outer_Race_Fault
0.5521538214073546,0.8390773160598944,1.0044523805641665,3.2206954975790785,-2.1953051138339843,5.416000611413063,0.014769772634988527,0.2286718579942204,2066.277549713451,1.008924584821021,3.9883104362516395,3.2064192986133637,1.2438518062738735,0.09259628335679917,0.08870967741935483,2624.4427607397847,1898.7839603119785,3500.0,8966.679036444097,4.271363003764933e-05,0.00018033600127211839,0.0018266843211030756,2750.0,9.521784098681636,9.521784098681636,1.443301693750556,18319.670590734848,1.1511662060589298,0.6227292217252753,0.1566501387378456,0.7076609237552466,1284.1076726636697,0.7918322966247978,0.3025142315777072,54.692801254723236,0.16293889071206988,1.2865623926409961,13.72405166424363,0.08179009709940348,0.09383904705479873,0.3167044248461891,1032.5663616963375,0.8388085886642714,515.0355684169949,0.8380605737652879,257.1112112922358,0.8252593420807589,109.6020850860301,0.7188631345491636,Source,Outer_Race_Fault
0.5393859372430544,0.8315703826705669,0.9911843878060436,3.733235360805875,-2.794351489202348,6.527586850008223,-0.030061610580424065,0.41639808115016175,2012.0504128111438,0.9824464906304413,4.6590941728263635,3.766438824837907,1.2370024815222833,0.08600330384821134,0.0934959349593496,2788.2628595572874,2247.147668421163,3578.125,10134.837653121001,4.396087712307844e-05,0.00016036297805532092,0.0010783441701109116,2625.0,9.857111684980397,9.857111684980397,5.024914733533749,21946.787424031474,1.1379497872484117,0.6156508005631772,0.8255688556168721,0.8434980090603642,1259.9216230101038,0.784337693790877,0.5129552734036813,47.06220706775353,0.1515589711683523,1.468745853840245,19.107149852096324,0.0965600615644189,0.1578992271807862,0.2909594466048182,1006.4793116224141,0.8315731025313124,502.3855399595182,0.8305367679396208,264.0950294250159,0.8431375268687172,119.39063217564403,0.7808630446590993,Source,Outer_Race_Fault
0.524788489359123,0.9423855082924796,1.0786535147133696,3.7940734251850547,-2.794351489202348,6.588424914387403,0.012411485318625886,0.2781988748168738,2382.834493037579,1.1634934048035053,4.402610690348301,3.5174162726325084,1.2516604089777792,0.09546089430752502,0.08686868686868687,2526.5698815864084,1683.4333152826923,3421.875,10287.449385649943,5.8021143166945854e-05,0.00024209675863215294,0.0019314147603237354,2875.0,14.763056412595967,14.763056412595967,5.190736364421962,19622.83188418055,1.25108086979197,0.6974098567440203,0.3220702390562793,0.7306654155142911,1640.6232363029696,0.8950254105983735,0.16973286137152765,62.748913988859854,0.17503689100124772,3.1881912257567615,21.249263980456206,0.1018059083492288,0.7823831643182801,0.2795620731778221,1191.2902731383956,0.9423198196409935,592.6972727788404,0.9408835112044602,310.41278124700716,0.9622104034875274,140.25664280930795,0.8987814195295979,Source,Outer_Race_Fault
-0.0037768506294512576,1.0400685391620115,1.0400753966685674,4.38520889764464,-4.512282878989611,8.89749177663425,-0.09281522743704224,0.534143720591588,2215.437989386809,1.0817568307552778,5.362818761989848,4.216241352973798,1.2719430205785887,0.10618490371100894,0.06109979633401222,3162.294159674795,2212.282546287056,3734.375,10286.379202122147,7.232531417454433e-05,0.00030044650382898217,0.00242482593698807,2875.0,3.00062887638827,3.00062887638827,0.08938193127872113,28757.779826408692,1.28654743110624,0.7129480181890546,2.17970590288383,1.072754626562963,2063.435414147934,1.003729601012536,0.5608569452236383,41.656239345543135,0.14257835341653866,0.6165244580402192,24.960319976728336,0.10990482360003417,0.6561617066158667,0.0047637810785540104,1107.7236087892475,1.040068862714658,553.1008407100729,1.0393349016213833,283.6894833450264,1.0526195076279647,137.33543409028815,1.0357443453262467,Source,Outer_Race_Fault
0.008644430457072947,0.9914662359288199,0.9915039198938093,3.7286770036245613,-3.521872486534624,7.250549490159186,-0.060748348945855735,0.20931329054698278,2013.3478874414886,0.9830800231647894,4.752537225031871,3.7606275969376957,1.263761726606988,0.10045066948649643,0.05273833671399595,2995.2055512337843,1964.8045857248255,3531.25,10738.606309171268,5.4220744589130044e-05,0.0002250083319853549,0.0018216535950765814,2937.5,10.271699842224258,10.271699842224258,9.457502073338123,30425.706512034,1.2343511741681141,0.6651785159864392,0.9577541798196849,0.8716842329022946,1870.5092591818184,0.9556846446363354,0.27494503006645843,48.442217053614215,0.15369576817875255,4.5605777064967,23.9586557032778,0.10746874417365028,0.2618197979584558,0.004098210114860895,1006.4076405049129,0.9913332941134707,504.0915774945296,0.9922035600780857,257.96538699790733,1.0038283876577037,114.48029160584335,0.9455346414576812,Source,Outer_Race_Fault
0.007074377977674177,1.0140937450859262,1.0141184204254308,3.7286770036245613,-3.521872486534624,7.250549490159186,-0.05491837431880766,0.3251707067896077,2106.2372774833575,1.0284361706461707,4.667898665623957,3.6767668632430044,1.2695661267755087,0.11872288742774212,0.04665314401622718,2972.712652470211,1916.4347369928148,3515.625,10064.206682839498,7.029983012648875e-05,0.00030539795085455184,0.002228771356271824,2750.0,5.713151717186756,5.713151717186756,1.8215362377159765,26571.472527364014,1.2521836485643894,0.6991840772425567,0.7944940645648289,0.9160969425049893,1957.2334613767919,0.9775434466789807,0.36730819937788883,39.34329822489803,0.13811878769364624,2.2131078529537875,18.813362039212628,0.09581908026754316,0.1379179806226123,0.00568245949504519,1052.7917669976357,1.0139351046645786,526.8008555994809,1.0143015230870538,279.0919128346495,1.044105688906017,140.7762960042156,1.0484632803086475,Source,Outer_Race_Fault
-0.007096156403368931,0.9013592370467066,0.9013871696696831,2.36849864666983,-3.1976668403753963,5.566165487045226,-0.02284052479880754,-0.34777210377177026,1663.99760311321,0.8124988296451221,3.2221743551270903,2.6276152205913643,1.2262732876094073,0.038233273811690234,0.06122448979591837,2933.69561297891,1849.9402955904964,3500.0,9526.155225000208,4.965753577161835e-05,0.0002014922289859176,0.0016441325104473905,2937.5,3.8576849324236333,3.8576849324236333,1.9556551794107844,18636.06588430896,1.1534976529543672,0.5425776042419013,0.028089146804911813,0.4369282757612382,1535.57765992945,0.8658929601028728,-0.40505396510064484,41.113785938882835,0.14131874492698493,0.5502140881194189,18.499096300035447,0.09501584997179924,-0.17744896442144187,0.004916176241404654,831.9408717376506,0.901326991036141,417.0031239728031,0.9024482398037145,210.45988099766373,0.9066743527824963,86.67151260644177,0.8227639615772403,Source,Outer_Race_Fault
-0.007090960923603893,0.8955219846087823,0.8955500581455357,2.7981281704759535,-2.9260275671018383,5.724155737577792,0.018158477761026835,-0.20932225118786452,1642.5162888078794,0.8020099066444724,3.8646176759450217,3.1244799160308134,1.2368835069531965,0.05694345473228545,0.062211981566820285,3188.8569894437574,2320.39406997306,3703.125,9703.583947687368,5.1990796852686106e-05,0.00019764075713492866,0.0016090096759151567,3000.0,5.845754844010701,5.845754844010701,3.4639859696106154,23269.22488125366,1.1339979795402861,0.5639307471684654,-0.21749627827841556,0.4960618868972272,1502.005362022011,0.8563345927308277,-0.23401709757296674,43.711250002624844,0.14598311913278098,0.5775172304592093,20.702874198097,0.09988829420734538,0.044863399418796135,0.004115953931955782,821.4470054245335,0.895628595181144,406.5758753856848,0.8910901472573767,193.3835729185427,0.8691399921451304,98.87544858703981,0.8788904165598539,Source,Outer_Race_Fault
-0.006153232250644024,0.9622219500603433,0.9622416242530044,3.6140236949039695,-3.6664932775971604,7.28051697250113,0.021180860797282926,0.2295737262785993,1896.2615161754832,0.9259089434450601,4.726372548079423,3.755838038818539,1.2584069119141734,0.10469004742210997,0.07014028056112225,2965.786010071168,1965.7730657796646,3515.625,9623.30134115063,5.959517685937921e-05,0.00025812192714273345,0.002675302808090592,2937.5,7.978910355944448,7.978910355944448,6.638121762094711,17249.519840845296,1.2017628400753755,0.6383933421682222,0.9066102533486378,0.8682182277119201,1754.7412261349527,0.9256054438289015,0.23835127115980503,40.515023487955496,0.1406492537286935,0.26503405282652936,21.502039715495435,0.10216346362498226,0.001024826039602189,0.005014539382529533,948.2730572545845,0.9622928329300603,474.401273029348,0.9625436901334916,229.9226140219055,0.9476424417301859,142.53586414072117,1.0551422341846484,Source,Outer_Race_Fault
-0.01041989274568863,0.9546955280378462,0.9547523895860611,3.05420504599415,-2.8658163172220066,5.920021363216156,-0.09983071451259992,-0.08959743829590483,1866.8587528607618,0.9115521254202938,3.985435275375753,3.1989498840828454,1.2458573656330965,0.06866763947935939,0.04627766599597585,2954.241146904196,2059.395118827795,3531.25,9631.65672318305,5.44707522867379e-05,0.00022539671993188204,0.00181436322399593,2875.0,5.835927005188111,5.835927005188111,2.771033843858774,22094.77210653582,1.1983641660389384,0.6220280676544718,-0.19523704165273292,0.5868778267941898,1652.836210194198,0.8983499616573911,-0.18636279322074545,73.84685063846717,0.18969443911350883,0.12106638401045355,23.464371446186107,0.10632814297034372,1.1045727991752115,0.0063752932960956694,933.5541493881085,0.9547624837316396,466.69964913361446,0.9546879890959493,238.44808618167662,0.9648937888705734,133.64200091674894,1.0217655822393243,Source,Outer_Race_Fault
-0.009266139535585322,0.9044203317598726,0.9044677981235877,2.755650171566138,-2.764443833094546,5.520094004660685,-0.020952099043441023,-0.0026562429292926737,1675.3909715815034,0.818061997842531,3.81977362228988,3.046708989842447,1.253737601794194,0.08522328494309218,0.04656862745098039,2914.2023951508527,1996.814736540702,3531.25,9188.33035727337,5.440863606184231e-05,0.00023997795433520195,0.0024763904747643764,2937.5,7.834329972220499,7.834329972220499,2.309780115447503,19981.8835433024,1.1282086828818851,0.6026468761279603,-0.151965686879715,0.5887107473865925,1468.778280918588,0.846848321402029,0.019910353726823704,67.08606035449992,0.18075031662281618,0.13098770995218922,23.29749426952808,0.10656683864512961,0.4130258910616398,0.0055072000039495415,837.6243947659732,0.9043797540692419,420.36422955785156,0.9060420238352912,213.3833883954844,0.912897839440868,107.78102798602265,0.9176232692891165,Source,Outer_Race_Fault
-0.004928674689354065,1.0277590755358201,1.02777089333199,3.816905433244833,-3.0810517814399168,6.89795721468475,0.03771076068230927,-0.06098362706111038,2163.329042801535,1.056313009180437,4.626259946414145,3.713770703187153,1.2457042494421895,0.07582667161497056,0.0787878787878788,2982.2275751964075,2057.4574780996622,3546.875,9687.160475110604,6.0061039289042905e-05,0.00028486889341484853,0.0030237270146746746,2937.5,3.0142389113036905,3.0142389113036905,5.269600175800829,20871.078757385785,1.295028956966359,0.6599254798474519,0.2794654665481948,0.5608418596496183,1978.6600578760065,0.9829239461426015,-0.10687817689156676,57.44832744553992,0.16734672095331668,0.2962451507078443,22.567421166369172,0.10493161473032375,-0.20994276624049713,0.004339297489332487,1081.882751448562,1.027861282985087,543.231810938504,1.0300221230230306,274.71322778317654,1.0359046628188229,137.0909853510118,1.0348924421805537,Source,Outer_Race_Fault
0.017030843756320774,0.7383952808522791,0.7385916601370263,4.16173275140758,-3.842518935153364,8.004251686560945,0.22829930627667205,9.236477462957815,1117.2201275882874,0.5455176404239684,10.353248941880269,5.634686899437073,1.8374133517364737,0.5379629543044132,0.0363036303630363,2686.0448442338184,1371.1567394095318,3359.375,6047.286582066678,3.900426977951711e-05,0.00023203769208590504,0.0022892446736321862,2750.0,1.4843551438783238,1.4843551438783238,1.3113028059254703,2315.448649321797,0.6304685426731911,0.8326191493676262,5.99135624259292,2.491222691711807,1062.269824806253,0.7201715538956774,9.041937556932417,27.188902197162108,0.11516988964902614,4.742359624947475,6.2957311430360665,0.05529576155474556,3.4435361492131085,0.0013871198177011059,558.6096440224064,0.7383949146530195,278.8198666297782,0.7377483964355276,138.8317080359377,0.7361818590280387,68.55731186087742,0.7316895076323041,Source,Outer_Race_Fault
0.015475052348915549,1.386843961619444,1.3869302978612574,9.29646879403809,-9.03055806202362,18.327026856061707,0.09815232430862793,17.870684082025356,3939.4829335050567,1.923575651125516,15.17244786593917,6.70290987829301,2.263561369827494,0.7245822375705337,0.08737864077669903,2744.546430339428,1315.526144693083,3250.0,6592.098250141544,0.0001627516145950129,0.0010837007411373838,0.01069854618791508,2750.0,3.782448878448565,3.782448878448565,1.6419129615240096,1583.7769108464033,0.961274950495993,1.7096380576199355,11.430945640886254,3.387876760181369,3872.884861667905,1.3751016134836507,17.73959134032188,23.054765240260075,0.10609489119897263,3.9471007202401402,4.868562761157054,0.048634510698305995,8.04178033061257,0.0015128806741221378,1969.7171313678941,1.386836290324457,1006.5690328537587,1.4020448077476186,524.7469928900118,1.431582688228419,259.3357092915122,1.4233183382091759,Source,Outer_Race_Fault
0.013965750782230574,1.3481662870649145,1.3482386212289383,9.29646879403809,-9.03055806202362,18.327026856061707,0.10775506429565743,20.284631938181473,3722.7466337757364,1.8177473797733088,16.62275280027026,6.895269611520421,2.41074732922661,0.7766088725093908,0.08653846153846154,2712.641992819533,1183.3516309928264,3203.125,4533.484625765387,0.0001566592000621616,0.0010390361092851735,0.010237420648093817,2750.0,2.173527548894151,2.173527548894151,0.21295668230050208,1207.3991578816097,0.8774758620992094,1.6927302882417563,12.712741116721267,3.6330844628317704,3650.5393686315388,1.3350543442121894,20.257286381027,28.240895534475126,0.1174035519793298,2.6981563557435004,4.63386537693689,0.04752120451244563,8.979098948430485,0.0014529323290469896,1861.3359211946754,1.3481528190177055,952.19757117665,1.363658688250403,495.84179324130696,1.3916329968444463,241.5931645536799,1.3737940026057915,Source,Outer_Race_Fault
0.004540568925579717,0.6066341302712841,0.606651122784888,3.344290243478581,-3.3826768964885705,6.726967139967151,0.10550335058298425,6.737774691842882,753.7163976215863,0.3680255847761652,9.087957277846725,5.512707580802468,1.648546951682102,0.42491341194664434,0.026584867075664622,2702.887709441299,1537.7298114354132,3390.625,5601.7790320296735,1.8041962741682232e-05,8.621781491111505e-05,0.0008738904864491942,2750.0,2.9797941434283914,2.9797941434283914,3.604716842891218,2165.0882636861484,0.5770020398691904,0.6349009361882207,5.034985714519559,2.2054659698112222,699.5415693352271,0.5844383728466409,7.022163967405174,29.95943027192312,0.12091085757739271,1.7083770493556178,3.6951444801247133,0.04247078189832719,0.5470253177099709,0.0005414978855098878,376.8189966114571,0.6066025794447493,188.77070140576262,0.6071837640527005,94.4123175929565,0.6072584001843208,47.46115233810606,0.6089041040893061,Source,Outer_Race_Fault
0.0009010228283255683,0.5591402721168952,0.5591409980900102,2.9554942594274127,-2.949636165813024,5.905130425240436,0.07573685119843195,5.963360841237357,640.28396696595,0.31263865574509275,8.579806717114693,5.28577634178712,1.6231876194394297,0.3950793055367028,0.08653846153846154,2797.288973373545,1650.4332162070202,3437.5,4825.954769825817,1.8264890819983046e-05,0.0001024215950976601,0.0009715268123930671,2812.5,2.653119265585071,2.653119265585071,1.7435108902225458,1864.5578856475574,0.541572998780132,0.5761728772763682,4.235977677505831,2.085945018561613,602.7173926693845,0.5424567931033413,6.1132479906562285,20.47141829014703,0.09995884140437268,2.8612079438697986,3.264394620420216,0.03992403615033601,8.540617199452752,0.00040664042275477595,320.13465649629484,0.5591337973290709,160.49089154369793,0.5598732044688027,82.46613319603074,0.567546967085924,38.35598361977476,0.5474084412090088,Source,Outer_Race_Fault
0.000531017651375709,1.2217028685509106,1.221702983955294,8.526006056928237,-7.88688723596935,16.412893292897586,0.13086479041113874,16.95642351333281,3056.759154698792,1.4925581810052695,15.210449411620653,6.978787945106821,2.1795259479528197,0.7289422205125349,0.08695652173913043,2812.506084975464,1677.2041140169292,3343.75,5169.031735519396,9.269791760750805e-05,0.0005813812540376237,0.006126711488870006,2750.0,3.039931293537652,3.039931293537652,2.1469653719382156,1718.344105428134,0.878465683688564,1.4877547079152915,11.011401225466244,3.3608534182958754,2960.4232760964865,1.2022424915829446,16.93143431029248,56.209369495368435,0.1655920368643143,4.109820705585659,3.1338488987211024,0.039074868128006424,-0.15257007212867446,0.0004099524682385612,1528.2901449761978,1.2216670043759967,755.544075374757,1.2147715424515086,376.09942076228424,1.212073013245579,197.9583041466451,1.2436010899158016,Source,Outer_Race_Fault
-0.002065706115764675,1.2942120902411578,1.294213738788205,9.05721897822063,-8.840572681145073,17.8977916593657,0.11280943687611407,17.307460260080543,3430.377885016358,1.6749892016681436,15.332579253965605,6.998240481283303,2.19091917389412,0.7222888527328379,0.08620689655172414,2735.926002305097,1417.6134104518894,3359.375,5534.770489821896,0.0001404018766530219,0.0009131390949606886,0.009282804198097325,2750.0,1.9869377200557279,1.9869377200557279,2.3133427818083754,1949.9890563224485,0.9250108426751136,1.5793445059442366,11.347947384264705,3.3944483423675007,3306.968718228432,1.2706806020028376,17.217865011338734,58.81143587952087,0.16897011319492306,5.295843592421386,8.657215676101352,0.06500223675343593,3.7310127610413923,0.002043129726421785,1715.0767871509593,1.2941696235084443,842.7679850590207,1.282975434081762,426.5440276299432,1.2908024564150886,231.0794616695034,1.343615268655801,Source,Outer_Race_Fault
-0.003739602408011593,0.7971431984011897,0.7971519700680972,5.22308883010193,-5.072899555963301,10.29598838606523,0.2480365943871256,12.726688116690147,1301.4041874093027,0.6354512633834486,12.021580710183569,6.552187068741414,1.834743206208969,0.607918861026395,0.026694045174537988,2796.141556310605,1880.4767959290257,3406.25,4735.555149205152,3.4371471103003315e-05,0.00018646228427014573,0.001806676603385534,2750.0,0.2562225099323975,0.2562225099323975,1.8558564549913315,2361.4092720874673,0.6814559769529038,0.8980569320979034,9.884240226168142,3.0875471684205804,1210.2676451176899,0.7687056874531801,13.012139923058957,47.762323402558444,0.1527069312480449,4.8857639095836864,8.914099050133572,0.06594209611322324,0.7883417214666868,0.001682707932014494,650.782621494041,0.7971934400060712,329.3365490394141,0.8020128676612417,160.9293718638088,0.7928620369547369,62.329887328533275,0.697817855151398,Source,Outer_Race_Fault
-0.005399495362475063,0.85011708328014,0.8501342304806353,5.22308883010193,-5.072899555963301,10.29598838606523,0.19998448964994384,10.027781714355653,1480.1473737418792,0.7227282098349019,10.939484683342203,6.143840164098537,1.7805614064094573,0.5715614606297291,0.08588957055214724,2947.2688172808885,2088.2146101814387,3468.75,6321.121746664706,4.210811418108329e-05,0.00025122051435316805,0.0027076877305214895,2750.0,2.657640674335627,2.657640674335627,3.1370010572792135,2527.8413078532462,0.7499944655899153,0.9396464486226418,7.437459829981808,2.7047520544678765,1375.75264575669,0.8195773927726488,10.231320865195936,56.26155632361139,0.16574270346938902,3.3524783124586417,8.71322976817803,0.06522474419366169,0.6688897887689023,0.0007426290970301514,739.3404634864161,0.8496935826044948,373.82296079477476,0.8544349445890029,182.7632184070663,0.844835263842727,79.7272157600916,0.7891301763601987,Source,Outer_Race_Fault
0.0007725670487032203,1.0245005538496712,1.0245008451427102,6.167679438125057,-5.65132233048207,11.819001768607126,0.13655054563674854,10.39744114405525,2149.5848585177655,1.0496019816981277,10.974990204001884,6.020179941643597,1.8230335821167416,0.5909219892499693,0.03611111111111111,2840.038201935764,1905.6789910537898,3421.875,7425.708988797615,7.558346762481036e-05,0.00046107152961017756,0.00468298890672163,2750.0,4.335187795777704,4.335187795777704,4.493390313640711,4546.31801339219,0.8812240753331916,1.150064091513512,7.304915596107612,2.7350761638313323,2033.940724385005,0.9965274369660277,10.435794419314394,49.66342199336394,0.15553361454680348,4.131678809374015,9.876179806264865,0.06941264615684895,4.759188064745321,0.002142351353545796,1074.971724970228,1.0245857492424197,537.9371931384358,1.025012882155129,255.55446344551345,0.9991127270713354,153.34403748021828,1.0945096105895893,Source,Outer_Race_Fault
0.0046420890569720125,0.997026462944898,0.997037269515652,6.167679438125057,-5.65132233048207,11.819001768607126,0.1351739101414183,11.584896685745202,2035.8826328130085,0.9940833168032268,11.405215016646745,6.18600690937184,1.8437119750654936,0.618540326520652,0.04430379746835443,2729.51009941446,1714.4797463050731,3375.0,6094.203174445921,8.048709136432635e-05,0.0004912179956982368,0.004943576281304503,2750.0,1.0193003177375257,1.0193003177375257,1.093670510896493,2712.8955982936013,0.8465815411900748,1.1275835864416945,8.372179829912346,2.919334777884297,1917.6521183390191,0.9676085308194751,11.726856589030367,56.37418837892616,0.1652115493274053,4.636595117667051,8.929564972556657,0.06599117698564262,1.4368217796316252,0.002299457734611216,1018.077664941865,0.9970923560160685,508.5908775513833,0.996650745216214,242.25892530941607,0.972782443011122,148.22591062366718,1.0760084171241158,Source,Outer_Race_Fault
0.006217043744741564,1.3035543025987915,1.3035691279931212,8.83853445887467,-8.435851279583344,17.274385738458015,0.15176493078307104,15.935189231872972,3480.150981543416,1.6992924714567461,13.957535832482744,6.78025757827038,2.0585553972483837,0.678590373145117,0.03880597014925373,2659.632248604717,1358.4665393979471,3343.75,6614.281452715645,9.976495012582994e-05,0.0006262273281804089,0.006891210984411595,2750.0,4.258882992666996,4.258882992666996,5.97175858108716,2923.768511717537,0.9910912839436975,1.5544402071309034,10.961013184172947,3.3048824025593375,3333.000560347808,1.275673065558139,16.24402655908455,57.40139486217418,0.16692414791482937,3.7875351920280105,11.614606767276506,0.07518193219139103,5.122957517520382,0.0021805066390135886,1740.1236555303894,1.303572462985432,892.7836077624561,1.3204806943151925,432.6664794193065,1.300031492411514,279.0793904782248,1.4765673046784507,Source,Outer_Race_Fault
-0.002270556896894287,1.109948966241784,1.109951288611274,4.9182242133792755,-6.057345380053189,10.975569593432464,-0.13777508092243773,3.426218485878376,2523.1193356079666,1.2319918630898274,6.413133936475198,4.431027076451939,1.4473244748507368,0.294158335256933,0.058823529411764705,2728.8811569978207,1498.3581040045678,3546.875,12009.840279046522,8.487437465093553e-05,0.00030052017865413703,0.0022153799693832043,3062.5,2.8967557593462017,2.8967557593462017,3.433148955745607,624.2943404555765,1.208875850471463,1.0012980320043263,3.456714980068914,1.7224941780376701,2181.3274369535125,1.03186294614259,2.5806821653616714,124.4240541263602,0.24613561206148152,1.4644972558468918,22.746558157038898,0.10532629162514792,2.0933915837999404,0.004021653408693012,1261.538101189979,1.1099394757315295,643.8427599077702,1.1213844088603084,308.37644936197603,1.097471670552405,155.28673148335014,1.1010036449897072,Source,Outer_Race_Fault
0.0014939412188035904,1.0714739895986398,1.0714750310888217,5.847531961107959,-6.056211337971561,11.903743299079519,-0.012288408183311866,3.8230848362583787,2351.2243041214288,1.1480587422467914,7.696176792820403,5.457459848752386,1.4102122610356544,0.31735414123259736,0.0427807486631016,2816.890793310645,1700.9786783604538,3546.875,11851.021482166097,7.466200586326266e-05,0.00025885183997735226,0.0018777797364145606,3062.5,5.572887596205108,5.572887596205108,5.82299015383299,1502.6826266768105,1.193169928889605,0.9340560628368306,5.767427021958653,2.0714592890803623,2054.8561308488115,1.001557173128626,3.43682409791015,104.66484424414253,0.2259972045894169,0.7404855906762733,22.53446999869545,0.10488016037253108,1.545939096231769,0.0026598528542501275,1175.2545764779306,1.0713107100294421,605.3308181654191,1.0873277348874946,314.14125240545854,1.1077403823258913,161.94182709710776,1.124709064509678,Source,Outer_Race_Fault
-0.0030066443098924096,1.0295894722820056,1.0295938623282213,5.847531961107959,-6.555933490401319,12.403465451509277,-0.17789690063903024,5.384399734597501,2171.010091712398,1.0600635213439444,8.118076179925119,5.679454953125819,1.4293759254938978,0.294865430024205,0.03125,2725.1737328117497,1505.3172670435988,3562.5,11972.129451252686,7.40230721916611e-05,0.0002558148304985377,0.00204989372724235,3062.5,2.9693522188664754,2.9693522188664754,3.30394299672514,939.0103286715322,1.132473943040988,0.9152162427880481,9.021114234710872,2.457175780442428,1866.5591616104243,0.9545029394999301,4.876429016612569,124.03875449942973,0.24595755956351592,1.5210551902040939,16.20733957982024,0.08895562945605787,0.16654358328505792,0.002162750130176024,1085.3016811794882,1.029493002114991,561.4108163928684,1.047138555911703,297.9567821955786,1.0788269242495272,190.82620796143246,1.220899822081074,Source,Outer_Race_Fault
-0.0033171531371314848,0.9917976395824594,0.9918031868199826,5.1938739441703685,-4.339027778780185,9.532901722950553,0.1857567160271285,3.491836519459679,2014.5634537190876,0.9836735613862733,7.555484769637343,5.2367990072944615,1.4427677592959227,0.30521508875652326,0.05228758169934641,2847.751762765281,1868.9513077754204,3593.75,10290.60376397243,6.246376861555441e-05,0.00022179769951000768,0.001754756492483147,2937.5,8.263550318328999,8.263550318328999,8.162613029341042,1976.5390165382903,1.0852515416517783,0.8885747766566687,3.54080132720446,1.731411327438007,1729.7018865198115,0.9187416696203708,3.5056512641887174,101.08545368111722,0.22196446541856496,1.5052755800511148,15.774105994792105,0.08776176351644312,4.194657450302116,0.0027951591377819015,1007.2513826598426,0.9917817341681173,509.80681693409394,0.9978454034181652,231.26559002025095,0.9502017345949927,138.97735423585044,1.0336470661124426,Source,Outer_Race_Fault
0.001208625656062121,1.1054121509262496,1.10541281166421,5.1938739441703685,-5.28878452450316,10.482658468673527,0.04760410980447988,3.212841190836591,2502.5279676239343,1.2219374841913742,6.8151173070311595,4.6985830898331455,1.4504622301514254,0.2950152732857954,0.026128266033254157,2754.7924297606746,1604.874513739152,3500.0,11022.549841622216,8.386595496819333e-05,0.00028348943464840906,0.0021011424181911318,2875.0,1.2422020498896647,1.2422020498896647,1.1933442830997574,914.5224280253857,1.1989219868435392,1.0032245790296057,2.7056489336137313,1.6033335224963419,2177.986628096348,1.0308703065583302,3.088976386090601,110.27907277912104,0.23199683724389364,1.2054741300842347,22.69504284225625,0.10525122157641173,1.6772697449838878,0.0034204975814473774,1251.5497265635518,1.1055381932967814,647.1919158870526,1.1242972062121321,301.86236236825835,1.0858306803428879,173.9454077922059,1.1591818357746408,Source,Outer_Race_Fault
0.0007403107493588366,0.9882397848585137,0.9882400621494796,4.871226880385521,-5.28878452450316,10.160011404888682,-0.030998784791073545,2.810221588176123,2000.1145250554005,0.9766184204372073,6.926894287495916,4.929193894234888,1.4052793288568965,0.23401964967642172,0.034210526315789476,2701.794843888835,1528.9320626728675,3468.75,9861.248423257392,5.972055136056323e-05,0.0002028029684260817,0.0013797714879615788,3125.0,3.503403376235524,3.503403376235524,3.5219001940832837,1443.7314880557053,1.1035618434503252,0.8575474025629648,3.2273448928231874,1.5607860434544576,1722.159225865751,0.9167933947793401,2.5842467468823616,104.64037844741628,0.225965776220771,0.4231642160853393,18.535605008792054,0.09512555158690714,1.3720942169398151,0.0041303143288736605,1000.2209739842326,0.9883206286001662,507.54686063338204,0.9956406174792853,247.88086528734874,0.98401133359903,141.3215208826153,1.0473688751498713,Source,Outer_Race_Fault
-0.0010700500613577174,0.904060499305879,0.9040611325636829,4.742518268228713,-4.2924838733302915,9.035002141559005,0.11405101580033108,3.4200518143769107,1673.8847363324498,0.817326531412329,7.59575132119156,5.245793782529021,1.4479698661600104,0.30076597577200376,0.03397027600849257,2737.0573446307767,1790.8426575744866,3406.25,9705.154777521984,4.7443369482818466e-05,0.00016948419002773163,0.001163833612507858,2937.5,5.058098527216752,5.058098527216752,4.886167675210742,1621.3648765290563,0.9812949793246838,0.8195804037590811,3.375214639377381,1.7129461846879448,1431.9885889286784,0.8360582680172104,3.100013224091411,111.35534035829588,0.2330063099924662,3.115905712406433,16.78752331865855,0.09044085595860342,0.4689512894683112,0.0027654211778367537,837.0673952858522,0.904128245648764,416.1435848598107,0.9015433633476174,175.97876451443287,0.8290846571652618,95.34391001609961,0.8539169188127824,Source,Outer_Race_Fault
-0.00501606211825629,0.9158473461954892,0.9158610824860365,4.742518268228713,-4.2924838733302915,9.035002141559005,0.08841459479134643,2.9465354107361277,1717.8655179007887,0.8388015224124945,7.325877461109992,5.178206999860176,1.4147517589211493,0.2659512654169693,0.05206073752711497,2687.3322774874728,1636.0941163815432,3390.625,9038.862479462572,3.933864164089919e-05,0.0001343438390639073,0.0010690857948887353,3062.5,4.556873774639836,4.556873774639836,4.258580718233767,1249.4540615646974,1.0210714874949105,0.7968631559137369,3.4548429029893706,1.6745867616688856,1469.7694383190192,0.8471012732308968,2.59994873474949,108.98596033795297,0.23025809176321346,3.368779898481373,16.191621500662677,0.08871752575774036,0.18567196214071924,0.0031198532665853308,859.0945249710547,0.9159329777299462,425.38536497249606,0.9114835812358093,188.39946748663507,0.8578467552226199,100.08564494418849,0.8827045139651023,Source,Outer_Race_Fault
-0.006403150759365343,0.9706692880592113,0.9706904074528723,4.605984105995712,-4.739075372917296,9.345059478913008,0.034433788163891005,3.6480318274764274,1929.7072478638554,0.9422398671210231,6.941002018164084,4.745059877620492,1.4627849167721758,0.32506322141046445,0.02838427947598253,2943.6814557040066,2067.976728342712,3625.0,9231.684816321442,5.701208910307305e-05,0.00019611573492656154,0.0015879405400894258,2875.0,5.839047681744423,5.839047681744423,5.82745158467154,1519.3922813778222,1.0503805147254155,0.8838208532286836,3.5627433478728916,1.7877040755924494,1715.196085203197,0.915029869261567,3.5463848348729794,69.68993902137512,0.18446680665509085,0.9926335635206218,15.114057155483401,0.08586780781721491,1.5442881268721607,0.0021648677937350955,963.6660234346567,0.9700685843447727,472.3669013716023,0.9604737937941412,199.89040364021685,0.8835912335713965,100.89225614160341,0.8868296222051149,Source,Outer_Race_Fault
0.005474287511784599,0.8584435090871504,0.8584609636539231,4.2055070290280785,-4.6284510844762154,8.833958113504295,0.04582129373413548,2.6244081500529273,1509.2843030888903,0.7369552261176222,6.771738417559773,4.89889139644499,1.382300171519186,0.227650947850678,0.043010752688172046,3068.463818472936,2404.358767457612,3968.75,9149.028520409247,4.679271242569719e-05,0.00015293480338198116,0.0012509016984841774,2937.5,5.489504372342886,5.489504372342886,5.941878856297322,927.9203728366805,0.9750919575723093,0.7232397459898123,3.845498352584573,1.6637656969660393,1262.28677825755,0.784980052706351,2.792167449014081,93.8296302104101,0.21403751725937378,0.5010300087418402,13.66777347719853,0.08146257216701291,0.6894425758805434,0.004065666952952597,753.5043079849863,0.8577999891834074,371.1707875162737,0.8514295194677988,185.51673262875812,0.8511732663605601,100.07442467424711,0.8754745465118715,Source,Outer_Race_Fault
0.0017708114197488474,0.9084024693475837,0.9084041953281987,5.005212327394656,-6.273174553392653,11.278386880787309,-0.3284432320928757,4.375120849086085,1690.0058769200582,0.8251981820898722,7.595786365882392,5.509895653428059,1.378571726881355,0.24671149096100414,0.017699115044247787,2732.9279156067214,1760.233137228149,3500.0,9701.210939171362,5.191560567476799e-05,0.00017025477253684713,0.0011293864036890401,2750.0,0.8067510819943391,0.8067510819943391,0.9104815735721912,775.5535313401233,1.0361596160879694,0.7594514116439143,9.274759381301857,2.276785399990931,1400.9441267018553,0.8269376605171254,3.973356907527319,119.47739805003555,0.2415228259259535,1.0332362481783806,15.877861618607929,0.08794956306695054,0.8832128791349114,0.004253820935645282,844.8514365366111,0.9083213608131289,419.18176487579063,0.9048283556197054,209.7347208677835,0.9051301139451944,111.56429582951685,0.9324136970600114,Source,Outer_Race_Fault
0.00015157968891746083,0.8273325502441852,0.8273325641300174,5.005212327394656,-6.273174553392653,11.278386880787309,-0.4595829327608611,6.760352427595711,1401.8133435800564,0.6844791716699494,8.708455917600672,6.049819074458761,1.439457248294613,0.30611943717637086,0.0165016501650165,2907.5444518222944,2206.592136854426,3703.125,9623.260915196524,2.9470391893043144e-05,8.090374804942825e-05,0.00046470221625387516,2750.0,1.485224352956803,1.485224352956803,2.0082044569852644,1097.5801309541157,0.9012473086862586,0.74613094546957,11.621455457947253,2.642292284471036,1131.3381902325218,0.7431290445935784,6.496084663561394,119.98295323258228,0.24204396917136028,4.217571769350014,25.234113391461882,0.11020475002517832,4.3301667339215015,0.003294458938405542,702.3083763529521,0.8281591858299061,345.6141449026312,0.821598284735067,181.28296194619492,0.8414802509000017,96.2371916341982,0.8667003659387335,Source,Outer_Race_Fault
0.004219267141668479,1.1208573544853164,1.1208652957956344,7.461670131521107,-7.162441854053228,14.624111985574334,-0.2901781268143899,13.078069242733562,2572.982295181384,1.2563390113190351,12.83201133140209,6.65706232453608,1.9275786684626437,0.5660275483247832,0.07894736842105264,2952.9538233676467,1851.797931468585,3546.875,12391.25007320993,9.35183472449399e-05,0.0003932780531820601,0.0032223613221483666,2812.5,3.046476887854172,3.046476887854172,0.9403727762307195,777.2125765285803,0.9140432624849936,1.2950618004258405,9.429075727098564,2.9502004308050345,2340.1912614678267,1.0689581085988213,12.945552724352481,99.1523451686418,0.21985135642913475,4.202111042648393,26.345606031513594,0.113247763212152,2.274727309349748,0.003067510218358397,1286.3061576196662,1.1207777140874404,645.2790007087798,1.1226355350541597,320.8601596363113,1.119533045531122,202.303987586029,1.2568785815335957,Source,Outer_Race_Fault
0.0025962384534094062,1.0174072620009038,1.0174105745598885,7.461670131521107,-6.966833420293103,14.42850355181421,-0.13562674190479915,13.847460564380064,2119.9345197594266,1.0351242772262825,13.691550048856417,7.333981303220557,1.866864596838292,0.5462521186674232,0.03859649122807018,2944.312990591324,1598.8665095493022,3578.125,10343.326348307313,7.555890240403515e-05,0.0002962839763534755,0.002002527573860697,2812.5,1.687517803610141,1.687517803610141,3.510609793427441,588.9521707193078,0.8594072744586818,1.1539761479748971,11.419723717066576,3.106382167131992,1924.7877915524844,0.9694483624929832,13.982615691238777,72.84168525263061,0.18858790712502946,2.100980358651255,28.30917438790906,0.11735684349610175,2.2851187565351623,0.0037474471939096107,1060.9535111593186,1.0178805380059615,526.5127361514516,1.0140621668855965,281.2607017200942,1.0481762716070688,179.3747911217253,1.1837357218313376,Source,Outer_Race_Fault
0.003983954783285658,0.979094146021852,0.9791022513864294,5.861447873585962,-7.966975694932184,13.828423568518147,-0.6793450182878581,13.755909145317677,1963.2972158361083,0.9586412186699748,11.333111644352575,5.986553360781296,1.8930945673344017,0.5998722693775875,0.07766990291262135,3057.4191738555987,1913.8191597716514,3656.25,9151.263594924067,7.215045591659055e-05,0.0002994939393070997,0.0026072454626242746,2812.5,2.231573754319851,2.231573754319851,0.5577730085436625,753.5711152073369,0.8110683538605352,1.122245363962277,10.467034332836302,3.0722799436002335,1741.124946632561,0.9220313801873739,13.180870535366548,108.53796073836065,0.22963486423933974,7.265027819050555,18.68162336803867,0.09550855886845436,2.9569016995182222,0.004964133187609743,981.9713141807202,0.9792543026296923,482.05719991276055,0.9702731500515747,250.64605232385378,0.9894744218482472,101.7105772196935,0.8913849931703416,Source,Outer_Race_Fault
-0.0029909641669656917,0.9922226799102764,0.9922271878934678,7.589372399478077,-6.888198483124635,14.477570882602713,0.0367350131033861,18.535730705059922,2016.286294824917,0.984514792394979,15.343327212131378,7.648825281224731,2.0059717208855634,0.6196171324995747,0.08653846153846154,2890.2999484948054,1589.6733813722883,3500.0,8036.299363475017,1.853407242524906e-05,6.793470448126392e-05,0.0005702990431575011,2875.0,2.8095511895418013,2.8095511895418013,1.5725423700985075,726.068155221643,0.780404232235676,1.1661860362463805,15.310147807284363,3.6712614931153453,1889.758358464808,0.9605852167431917,18.36981474783364,80.34432893674999,0.19803702851774208,6.660016198119802,15.140369366258966,0.08548492261998386,11.280080823916627,0.005381920659793078,1008.6445141940982,0.9924695130277058,498.9695451611924,0.9871923730499257,262.5841673164282,1.0127485080008514,129.91862552464116,1.007461957624527,Source,Outer_Race_Fault
-0.00031203118918873797,0.9578534321059623,0.9578534829297403,8.818568740366459,-8.794006121742385,17.612574862108843,-0.6748319306835371,28.123704846020072,1879.0057876697788,0.9174832947606342,19.02512207846244,9.206594638455067,2.0664667909887466,0.6681038293216214,0.027439024390243903,3496.0661022144504,2513.1705423747394,4484.375,8082.451419294647,4.825728448974431e-05,0.00018459819002391667,0.001327280329652446,2750.0,0.9598447998812906,0.9598447998812906,2.8591530916052497,785.3775873402327,0.728099336020504,1.14229475479684,24.315220102806265,4.525405746617856,1655.5218036641227,0.8990758541742704,30.256715154433415,64.04566623802634,0.17679775365554093,4.7540114868750445,18.6739373686436,0.09544276393569748,16.363911294449956,0.0014327131041540556,935.1983172491023,0.955656061347535,452.9972058956826,0.9406027413664402,213.97162219805872,0.9140009509053804,106.5451332476531,0.9115975632199358,Source,Outer_Race_Fault
-0.0005483346735221765,1.1816428840105333,1.181643011236323,8.818568740366459,-8.794006121742385,17.612574862108843,-0.31801457107847664,13.708466092707052,2859.5818618954645,1.3962802060036448,13.711838454998245,7.462972028362285,1.8373160723218263,0.5198329030709277,0.06303724928366762,3103.739618362885,1776.931327865606,3640.625,11431.579711933397,6.98667701501506e-05,0.0002858029207320628,0.0028223696143880555,3312.5,0.6396103427168919,0.6396103427168919,1.3906488252561677,698.9573028562083,1.0111746248750975,1.3304457815598993,11.785929072072749,3.1127862989884583,2588.7720582858697,1.1242982389769085,13.977399309989416,60.76447523279451,0.17224975965827016,5.211973011378182,34.65011874412813,0.13002385398961264,6.6183874691745785,0.0034203462817752237,1429.106752140688,1.1813601774165954,702.0171608653129,1.170947008140989,331.8289277996795,1.1384410117297858,184.24730317581867,1.1992906286756118,Source,Outer_Race_Fault
0.00375307493187741,1.0381496900464713,1.0381564740033309,7.051052462386114,-6.79330151603272,13.844353978418834,-0.014945438620159507,10.610041056761823,2207.270634526779,1.0777688645150287,12.323535289176112,6.791897598245378,1.8144465682697837,0.5009114066460457,0.06896551724137931,3095.378653874956,1676.8083385300079,3609.375,10216.136667072671,6.981532870562688e-05,0.00030321875552828973,0.0032174792360013496,3312.5,1.1529083956136086,1.1529083956136086,1.2100274817422287,823.6988694557159,0.8990764347736886,1.1606830781325925,8.23408383076281,2.659716702134233,2020.0729274978698,0.9931202183256497,10.781029712298517,72.07395721002156,0.18735437208184044,1.6617977131162425,15.629007091888587,0.08733734005069577,7.258628627776508,0.002960591536085315,1105.0075197698643,1.0387949082786392,554.8188487609384,1.0409361657641967,268.4535994061696,1.0239707237151712,154.20091960938362,1.0974526393682824,Source,Outer_Race_Fault
0.00824480889094586,1.0508864667340725,1.050918808870824,7.118308290386471,-7.377800812878504,14.496109103264974,0.09174910631379907,16.8428709481542,2261.873342133189,1.1044303428384712,13.915527889980117,6.773414111823585,2.0544333566863053,0.6587482805138798,0.08928571428571429,3256.0518664573174,2235.651230069647,4015.625,8714.991821380409,3.5198274709597556e-05,0.00014607298774928234,0.001230647566472011,3312.5,9.768426098529774,9.768426098529774,9.628912980067476,2771.0329533747627,0.8041072888655787,1.2498815409764672,12.936911527783774,3.421131133566532,2124.906994397219,1.0185750912068123,17.01355924647304,82.72515495442892,0.20033156118452275,10.502212455314746,30.766822071595644,0.12176246531249783,23.45713023810972,0.0018781843969493074,1134.1137475051123,1.0523571083722123,567.9078294209746,1.0530623433670192,262.9932155215774,1.0135360115647185,82.73970077291716,0.803497068847001,Source,Outer_Race_Fault
0.004332456851840656,1.0873172000165732,1.0873258314020933,7.118308290386471,-7.377800812878504,14.496109103264974,-0.1606753793564041,15.245058881186495,2421.3042455229506,1.1822774636342532,12.896147874514309,6.546619315764347,1.9698942694682449,0.5998810989115076,0.04878048780487805,2902.5898922819806,1675.31679343763,3484.375,8500.085082766089,8.879756239110753e-05,0.00045504028949255914,0.00434673296002619,2812.5,1.022301262362772,1.022301262362772,2.383337366917859,1179.3723402953667,0.8673889077932285,1.2697135958376666,11.903026348774338,3.2826846829155922,2237.844625900987,1.0452697780129343,15.512161944723601,88.57330310970218,0.20769301581961466,5.9450521201000175,18.277718484895047,0.09445504877989465,5.81257421899117,0.003192828554778925,1210.7232075807851,1.0873484897239236,592.3723005529966,1.075614419911777,272.99891553898357,1.0326643555940604,100.90363515271258,0.8878412216501567,Source,Outer_Race_Fault
-0.006401670132024752,0.8127930346368674,0.8128182444647064,6.3085667241416585,-6.644350310274224,12.952917034415883,-0.7236958363060542,17.963102775426385,1353.0593249990393,0.6606734985346872,14.679993901489413,7.76134980618731,1.8914227896011842,0.5986724734969618,0.05172413793103449,3810.2668387195395,3011.0290556891223,5718.75,7709.7668025977555,3.7818384811426474e-05,0.0001417271106000372,0.0009167758265446459,2750.0,6.176772714627814,6.176772714627814,7.207882267727218,2539.976941732811,0.6775961604096481,0.9285298418029803,15.419011020694253,3.6128372886765154,1192.2749890114146,0.7629768887387723,20.6238277600953,36.25072917470278,0.1330415146347217,1.4778315160989077,16.311063678718153,0.08919673421888906,11.82541868598629,0.0024606243674380602,670.0052206541598,0.8088735000379383,322.13964983846927,0.7932069773079831,147.13587226570783,0.7579038006931467,25.976898014637925,0.4504837289597316,Source,Outer_Race_Fault
-0.0005116248368991902,0.9718747171572566,0.971874851824797,6.093701401390038,-7.567990630338129,13.661692031728167,-0.509136435973598,13.143295835142702,1934.4194101441972,0.9445407276094713,11.746540998515417,6.270047413973593,1.8734373479117183,0.561896201525645,0.04335260115606936,3313.352943945189,2283.614031431608,4031.25,10055.851236828721,5.7937278492143115e-05,0.0002221640152358732,0.0016302270773655356,3312.5,2.989424527356911,2.989424527356911,4.2526619313185305,1349.899909601217,0.8123903074228931,1.10864915204677,11.369186648625362,3.0915156176214347,1729.6740827152466,0.9189621610095429,13.536299155249516,56.8648556788427,0.1666104993773015,5.743583843959319,17.536736580056516,0.09253566753445859,5.345653591711752,0.0020982102053549037,965.2663737186472,0.9708980083363477,466.92961965844,0.9549720637672031,264.7092818186116,1.0168162954493494,98.23613065424809,0.8760367754461397,Source,Outer_Race_Fault
0.0031732007858493467,0.9484379647110238,0.9484432730049894,6.093701401390038,-7.567990630338129,13.661692031728167,-0.39794263292380755,13.030117217796992,1842.2674270380378,0.8995446421084169,11.46346093901426,6.424950837684924,1.784209907378037,0.5326049721846956,0.046242774566473986,3671.367737577194,2859.7284708699917,5546.875,9505.998328501917,3.188714642385111e-05,0.00011406929097967053,0.0009167021425693315,3312.5,7.205037011942783,7.205037011942783,8.6568709050727,1801.7294858237015,0.8319470727934559,1.0521130325027173,12.612723891772312,3.18361337100933,1652.5059713367102,0.898258232592409,13.912980708966959,76.97764095580007,0.19361364560996325,12.23771217139385,19.543564575593603,0.09767214455122017,5.831342068782893,0.0032865185202265185,926.6061176608035,0.9512543873889546,464.6543446602446,0.9526425704882538,267.2228466218468,1.0216695591327591,105.48367986764129,0.9076515928216793,Source,Outer_Race_Fault
0.004501099410667783,1.0165271361980324,1.0165371014000806,2.809771741294264,-3.9427349492242647,6.752506690518529,-0.06390320986484435,-0.1570326580620387,2116.296045614854,1.033347678522878,3.4286448462494747,2.7640621649956056,1.2404369516974758,0.06584754456011037,0.1294820717131474,3570.6965068340246,2735.1683527579703,5968.75,12872.041354959338,5.496757074561738e-05,0.00025857477567345827,0.0033361466412511523,4125.0,24.95343718617744,24.95343718617744,15.97127093619568,61184.809215857844,1.282421722217943,0.6496688525648856,-0.0241581631748784,0.5196385013095078,1481.9245758767922,0.850472764585883,-0.4930449898961422,205.46422146943252,0.31592411019891364,0.8638479429148682,160.05436920627392,0.2795541031637712,0.28319312409260533,0.032856560698423506,1062.2270520661987,1.0184849091508428,528.1834459659032,1.0155931888454264,269.2086003970796,1.02539289672176,137.70358447484716,1.036955662338699,Source,Normal
-0.00435589576032938,1.044509406895165,1.0445184895062243,2.841577877671243,-3.376028225494514,6.217606103165757,-0.03042464656790907,-0.14841730927605212,2234.406655836906,1.0910188749203642,3.406771452870002,2.720466804771013,1.25227459011644,0.039666081346219545,0.1254980079681275,3604.322630576574,2824.4535562270944,6078.125,13782.810032617903,6.650628026479327e-05,0.0003234952974002101,0.003508766278723223,4125.0,13.155866542790744,13.155866542790744,8.201075615647225,45705.70503962471,1.312643349163361,0.6774851458916541,-0.09916619053024345,0.5393192979158885,1538.4910791424397,0.8666885611345533,-0.47725381062280103,262.128047524075,0.3577522716024469,1.192371774266089,147.12790502939774,0.2680271224187313,0.9341492976049479,0.030005615967115352,1121.2562198489936,1.0464035265942628,560.0092405032456,1.045827646339363,269.26830927998236,1.025452422275169,130.53593840420587,1.009837950542514,Source,Normal
-0.012919712931750444,1.0356482131195706,1.0357287967030744,2.9252958499397352,-3.376028225494514,6.301324075434249,-0.0482054896169306,-0.12602266608054302,2196.9595193753566,1.0727341403199984,3.5410784222193414,2.8243840079097144,1.2537524686099755,0.047441904578512176,0.12749003984063745,3505.5618130948546,2683.716512637508,5750.0,12824.417531653009,7.184807455663724e-05,0.0003534183246322294,0.0035611446849035783,4187.5,10.075115490693216,10.075115490693216,15.775969277202446,87518.97011251264,1.3011200254156459,0.6725979786908834,-0.1220215474230546,0.5499879498726226,1546.717157521507,0.8690137670292136,-0.4834761389286357,233.26924930757247,0.3374885228174055,1.5698783169999357,133.08682189148104,0.25480691404509515,1.3341198101686063,0.03345767647849013,1102.5638299462096,1.0375717918787017,573.1695351101562,1.0579933524607683,276.70992014320063,1.0392336234260748,140.9453930454444,1.0482095284808903,Source,Normal
0.0009017102591066806,0.9927054916352643,0.9927059011631811,2.9930550668808498,-3.463923198006185,6.456978264887034,-0.13605044585060774,0.059637355641048106,2018.2323327062088,0.9854650062042035,3.8079425018621866,3.0150471185613017,1.2629794335284659,0.06394724918544416,0.1294820717131474,3593.693876355559,2888.6519071594353,6625.0,14926.263663716507,6.644833491704363e-05,0.00021766132170034037,0.0018857866874860527,375.0,12.277255436591533,12.277255436591533,3.257644378005099,86313.22064178204,1.2343702752139003,0.668774387321379,0.30379451022772797,0.7332187593533103,854.3624820522089,0.6453698888046163,0.2090904188137035,179.2040409200592,0.29479710538153114,0.3172030617984518,435.6455937319199,0.4595263587937394,0.46024691366709725,0.06620111416615167,1005.099972043521,0.990727872597657,478.53535264406213,0.9667517887361275,239.93180409520482,0.9678550736420726,120.52713535150819,0.9699754978204487,Source,Normal
-0.020787615554903313,0.992085874398888,0.9923036365660788,2.9930550668808498,-3.4513205726452236,6.444375639526074,-0.17938609566912156,0.049016075516358004,2016.5970066273578,0.9846665071422646,3.8001881671946163,3.0162693721837814,1.259896812347127,0.07803555553732305,0.12350597609561752,3669.2186166764886,3036.8422105879085,6734.375,13974.565325290438,6.178782749628101e-05,0.0002210970855005377,0.0023260755314909293,375.0,17.426523297839587,17.426523297839587,15.439484612074848,90371.66807641223,1.2408100581921966,0.6552030704903988,0.2147628933642336,0.6907968982390277,832.796561871919,0.6372672559865975,0.31219952122674455,190.68769398755063,0.3033631831806984,0.7754430965770238,415.96298789625934,0.4505599697982141,1.0402324957993239,0.10879155175369618,1006.781171532108,0.9913287328400282,508.8212119430784,0.9964358871955644,285.6585999704811,1.0556779661415006,143.54496096214427,1.0587627016503334,Source,Normal
-0.020481805421745294,0.9957763786874753,0.9959869982611602,2.8185913513988283,-3.4513205726452236,6.269911924044052,-0.1314824675287254,-0.14083881957963174,2031.5957262444058,0.9919901007052763,3.522074297416784,2.82994793739241,1.2445721176984328,0.07110116815337642,0.12749003984063745,3548.806008067687,2856.626502569327,6609.375,13122.280391543893,5.980033831342287e-05,0.00022535954025300513,0.002451946315817338,375.0,23.36217950173285,23.36217950173285,9.317036847405848,53185.250339284416,1.256546603098081,0.6361220978826719,-0.07499196998353819,0.5222461693492425,892.8061269628616,0.659340335523022,-0.014021409546295605,221.7683992438422,0.3260141944590555,1.238597537821284,340.96268115922686,0.40613965272687774,-0.07141427599996897,0.11170019486291971,1012.067147359764,0.9939471559784507,502.50614447671217,0.9903638477640814,282.9136618122724,1.049471950179345,140.6045113658854,1.047031584032395,Source,Normal
0.033949362680878996,0.9824192463559973,0.9830056636851711,3.034059825010113,-4.600500973909136,7.634560798919249,-0.20944504880373763,-0.00206009903636728,1978.9826761464294,0.9663001348371237,3.8351504303857022,3.086513066095453,1.24255117287979,0.06641755507837019,0.17391304347826086,3752.232232297082,2997.5192262331607,7265.625,14449.449512421714,6.072756850926913e-05,0.00020684727170223408,0.0016364204240683921,375.0,12.54564224222001,12.54564224222001,11.330464637726308,80558.14862812005,1.2398452628868475,0.6278783822591396,0.5319833734672765,0.5987101864948833,830.142603857725,0.636660423806479,-0.29263373256148695,206.09880615328854,0.31707571408798113,0.3912391353841329,296.0953202314543,0.37936051302414575,0.5245806273790632,0.07737168921573004,989.0793234249766,0.9822000387559123,494.7922177831096,0.9821705575647175,260.8867465938104,1.008436692021474,137.74453215659724,1.0363154862500221,Source,Normal
0.03535418197310421,0.9830251404292923,0.9836606858561633,2.6696633317037146,-2.9262133350451185,5.595876666748833,-0.16296649790193948,-0.344613639152775,1981.6209303531878,0.9675883448990175,3.334834708522931,2.7140083670011474,1.2287488679365302,0.04311817120855946,0.1699604743083004,3657.826846067838,2848.97940958882,7000.0,14353.032317777477,5.923966284473446e-05,0.00019942773347726188,0.0016437538990413457,8437.5,6.683874212020809,6.683874212020809,13.954223239668755,88759.23137212454,1.2495381463261859,0.6103942912834288,-0.37205366286979524,0.3531171926728224,834.8855488347454,0.6384666131298837,-0.3514215117826298,213.08804007964272,0.32208424523390106,0.20013261924175296,257.371656492832,0.3539340141037556,0.35197969193440004,0.08389955615687958,988.9034506750123,0.9820789105445538,531.9705309376689,1.0186164386588612,263.35106788740296,1.0137121461653285,126.23018108795964,0.9926970239354647,Source,Normal
0.032371603962284265,1.0122003981874592,1.0127179107895457,2.738682529077494,-3.034524795274577,5.773207324352072,-0.20241150758465698,-0.22616972245208133,2100.4238168759134,1.025597566833942,3.352750687995001,2.7042896150047686,1.2397898026129457,0.04675833644762794,0.16205533596837945,3662.803832235049,2963.584011114859,6953.125,14478.86025904895,6.531828914753373e-05,0.00021609740146213974,0.0016450305870251672,8437.5,21.2541992398847,21.2541992398847,12.102985956564877,96257.70033355734,1.2815470019606514,0.638579979556086,-0.3715216059464477,0.4103402537950421,808.7984184656689,0.6283897085062953,-0.2632314018590889,205.8955686517707,0.31699063237652847,0.13546982589495737,358.4287252963629,0.4161973380600847,0.10921215685185093,0.08923854923042239,1049.5438601826886,1.0118676947033758,531.2631668531425,1.0182243808177065,280.38481837071515,1.0451854964831755,140.5534755999156,1.04521086574541,Source,Normal
0.013273627310896981,1.0155275502186467,1.015614294126995,2.869420491670119,-3.4555343572161843,6.324954848886303,-0.14234265043073574,-0.11366157493479312,2112.455463803032,1.0314723944350743,3.5111762319995985,2.8253053430452404,1.2427599164255627,0.07740347139846537,0.18379446640316208,3583.6090276501463,2774.2290166004836,6437.5,15034.610647998024,6.136266560011418e-05,0.0001958326984226692,0.0017474425999332,8437.5,18.90366881080996,18.90366881080996,13.108907408320139,100482.30508774085,1.2783935368079882,0.6545827400565335,0.19674060311130148,0.6381378685641923,893.7458073835696,0.6606027051828997,-0.31317107518798926,223.60233761419266,0.330363250127027,1.9425316198412892,346.95986664142146,0.4113955901025157,1.1074757129826693,0.06578349219785216,1053.217497949916,1.0140795950191004,546.2191053819802,1.0328317166016145,281.14189733993595,1.047841373104402,116.80961376827858,0.9548787518069797,Source,Normal
0.00029291412703836076,0.9909491602253762,0.9909492035165395,3.083347211267537,-3.4555343572161843,6.538881568483721,-0.1642639631208225,-0.0231766815747787,2011.095703449731,0.981980323950064,3.874208099650666,3.1115088445762846,1.2451219948816323,0.0896527727319669,0.1857707509881423,3597.2907262125736,2810.3238855827744,6593.75,14833.587406623059,6.289844554534684e-05,0.0002017493835485802,0.001755286707369984,8437.5,5.501648670364944,5.501648670364944,7.483260402792709,76748.82563486042,1.2465082691827853,0.6404511543982392,0.25608619065353766,0.6174750639266154,819.1851645170698,0.632445503271707,-0.34104815796247046,228.19456904451127,0.33377284172533006,0.019514353256477435,300.89287834246636,0.3832852936745801,0.7342907681533437,0.07854212853756469,1008.4957643281913,0.9924006836342272,508.8411903211778,0.9968909074123381,255.09639746994026,0.9979234825335316,116.15793319670226,0.9523530120875086,Source,Normal
-0.016074287529045925,0.981075965105207,0.9812076396088035,3.3254445629910268,-3.7246178519947923,7.050062414985819,-0.14227531446871336,0.08763834625323286,1971.74974879064,0.9627684320266797,4.252807031615283,3.389134398012682,1.2548357580947633,0.10047682225444479,0.18774703557312253,3592.102342725302,2833.8513416904184,6640.625,14035.179285087466,5.892457885045475e-05,0.00019088986039059159,0.001683237600795676,8437.5,14.16536322316137,14.16536322316137,8.391182537165992,84622.61056472857,1.2264990953382013,0.6488285086516218,0.1981982084448921,0.6302631653896975,772.3580751168167,0.6139102233188531,-0.34185642595577415,234.166885153179,0.3381001266283947,0.2150444063432282,214.547885682562,0.3235054765917591,0.9467630994819207,0.0877170669015374,989.4679896564128,0.9828647438285079,518.3419903011788,1.006086597633738,241.92248956010206,0.9711382398803399,118.80714430823988,0.9602325607591392,Source,Normal
0.012047161551475333,1.0039853076271035,1.0040575840222197,3.3902765117696654,-3.6115815868643795,7.001858098634045,0.034313909678040266,-0.04530431254774392,2064.653582402635,1.0081316320325366,4.211063790535165,3.37657577186792,1.2471403205637546,0.08547961513840804,0.021739130434782608,5194.056085163746,3167.428190881274,8484.375,19024.914794169512,6.281119642167477e-05,9.724852340141042e-05,0.0006764972381273092,1562.5,12.253792725049841,12.253792725049841,26.470782378121562,16537.315972171524,1.2599251553808828,0.6547568752497259,0.7489337676188166,0.7693573257670876,1202.5094812643392,0.7662007248415916,-0.1643179494885194,400.45399421801875,0.44219117128237123,0.3590922830655279,54.005584158019545,0.16158822345961796,0.001386306349976163,0.019908368634579135,1033.032210917435,1.0043331454022162,524.2597800015542,1.0117472261656748,273.7826577872803,1.0337218804472423,112.16241691940351,0.9319836777304439,Target,
0.01971112674030727,0.9858402592419534,0.9860372940510993,3.775062050694315,-3.6115815868643795,7.386643637558695,0.06721135769814526,0.01802419695308144,1991.2080286916898,0.9722695452596142,4.799871393276863,3.828518529136567,1.2537150745772574,0.07852148374725576,0.015544041450777204,4972.471708837835,3119.595715265132,8250.0,18884.334937269712,5.756821477596843e-05,8.495557960908054e-05,0.000561606832251902,1312.5,21.31352499442184,21.31352499442184,28.964997799135492,24828.143861710007,1.2333025107424107,0.6504732659471204,0.5920960959104908,0.6989351001944368,1084.009782850483,0.7273693609679105,-0.010519367893900622,428.92100293881043,0.45763319229021393,0.040819115915888826,54.2787599326458,0.161814869891284,0.5875232195174958,0.026541824819547095,999.7407618579589,0.9878889608218075,527.2843902448601,1.0147606992154554,278.5546972472369,1.0431107246785456,135.94715798219843,1.0303055194806592,Target,
0.014686848973931342,0.9516257461144408,0.9517390735914173,3.775062050694315,-2.6875579456699237,6.462619996364239,0.06686443869023412,-0.003232193445537934,1855.0932770829297,0.9058072642006493,4.9813189843390955,3.966488458279852,1.2558511229096947,0.06273073516518854,0.030612244897959186,4988.098975777242,3155.0341094392265,8265.625,17626.816713551252,5.795823215971528e-05,9.43390158039794e-05,0.0009250265854891338,1312.5,14.85120081118876,14.85120081118876,32.2391495709899,18242.428678642726,1.1945803935661043,0.6199809155922983,0.1936763892613813,0.5965507644316074,967.8462413585466,0.687287959628877,-0.09375219323336648,422.71798809994544,0.45422569969095583,-0.06055806926806273,45.032280344323546,0.1482184460369474,0.14900291695371815,0.02350937028115313,931.2865250819132,0.9535362720577863,439.83452527011787,0.9260402316185007,226.31708279508098,0.9397484178253775,119.92876135739434,0.9641242684555033,Target,
-0.007623670792843172,0.9540910208136393,0.9541214788241432,4.289496135668232,-4.5147476253438485,8.804243761012081,-0.04760475228605854,0.7606056847619862,1864.3922869321113,0.91034779635357,5.795257246212369,4.495754713492663,1.2890510304798521,0.14509674840434628,0.06818181818181819,5293.128483789589,3372.660202045676,8859.375,17564.937904649494,5.6553287889719956e-05,8.938368674506727e-05,0.0005563268161044224,312.5,47.59556397108051,47.59556397108051,40.44275137635703,69401.43649750293,1.1629340715991294,0.6842672334331501,1.981568471784871,1.094939374607912,1088.4492596758516,0.7290132811326888,0.9570984429957887,236.8528411264033,0.3399727883776026,0.6375075568308448,81.40300693943021,0.1992595173967109,1.2641070793115547,0.069210909655682,920.1501944414251,0.9479093749002929,457.5026185862639,0.9452277332614477,201.26417303212784,0.8866058161940933,104.06007237468017,0.8945196661140664,Target,
-0.012903361868831585,1.142063626827852,1.142136517440321,4.445142817752883,-5.8434758875110715,10.288618705263954,-0.0697136098244656,1.1887149330999618,2671.5664885160036,1.3044758244707049,5.095229608434765,3.891954026402234,1.3091700400029782,0.15548331901581258,0.029850746268656716,5665.838547391664,3314.1075658605105,8984.375,20843.247254391612,8.558193711346619e-05,0.00012421840719594916,0.0006858559358270521,7187.5,34.562512651909344,34.562512651909344,93.86263872219033,131803.96435751073,1.3762194411810555,0.8454615177390373,2.276303506615692,1.2012657286321222,1745.3619357479815,0.9231508009359035,1.6376619462259372,280.56797338192064,0.37010243846676666,0.05235497354115726,75.77693172271378,0.1922545674895626,1.0698668603150416,0.07450904986871804,1339.3322598220966,1.1435817117996254,648.007783305034,1.1250050171822754,316.25276050803404,1.1114054223058356,164.84361946249837,1.1331453433329104,Target,
0.025082533066786473,1.1667639864432942,1.1670335614394705,4.445142817752883,-5.8434758875110715,10.288618705263954,-0.05143905641656664,0.7567015552208938,2789.309099061441,1.3619673335260942,4.885505915169171,3.808924579915293,1.2826470602570506,0.12340917851525174,0.012658227848101266,5713.868634798373,3291.5422007406896,8953.125,21748.92363809856,9.115630208067951e-05,0.00013616496850279465,0.0007340298509989595,6687.5,103.36741093625022,103.36741093625022,65.32942475691733,132304.95029368266,1.4308766142716887,0.8221297042999987,2.007437477474438,1.0788895608350408,1898.9071830495038,0.9629115018182959,1.012847950343911,310.80458529803116,0.389561858593411,-0.127666266560444,55.48412707491552,0.16446608915424538,-0.010292550680857548,0.05324911772321526,1402.8187900759458,1.170189013126423,707.6137439148165,1.1750145381952752,335.6853967371126,1.144752348163059,166.0798196773586,1.1118800741348231,Target,
-0.0007751689392095534,1.076006921071642,1.0760072002923395,9.21933881983217,-9.754765354274918,18.97410417410709,-0.029912761389306358,19.528856384260408,2371.1569819258043,1.1577914950809591,15.958430579945626,8.56810141914234,1.862539878938904,0.5749018877716298,0.06440677966101695,7179.5114678960745,2980.417186056442,10187.5,13613.65127602272,7.590344244137048e-05,0.00019250648639096578,0.0015155093374876454,7312.5,4.105793020411481,4.105793020411481,1.8272149384404084,481.8194928131109,0.9074048181963609,1.2215556390955136,21.28851999626372,4.009613632818567,2171.578037944588,1.0297263100045269,20.52973138829169,99.23267239517685,0.2199914992392066,5.888977412897928,10.747591603573321,0.0724393784246409,2.8799049675325916,0.002488406856988567,1370.67014055645,1.156953953281876,693.5710035728222,1.1623527145725425,369.5421571729515,1.2008634960651714,183.2547208433922,1.1954008175448625,Target,
-0.0007717974900418459,0.35537714068043613,0.35537797876284927,1.2177069271953673,-1.5027827445236854,2.7204896717190525,-0.02010997950611681,0.2469079111618968,258.64910395303554,0.12629350778956813,4.321379304402444,3.4265120518566716,1.2611598147045433,0.10182865126589324,0.024456521739130436,5765.891098794427,2743.3136738995163,8250.0,6193.06560635353,7.340031012894173e-06,1.276577107767224e-05,7.958160167912624e-05,6625.0,2.5410094519000457,2.5410094519000457,1.9316751496407343,372.06379694457127,0.4406406542324147,0.24170687480098038,0.7917829156314915,0.8591009016272092,202.11355873525653,0.31414655407205055,0.1284017773800139,23.244041880150313,0.10653440447741705,0.3594234724806862,1.9905405643520426,0.031173999475952962,1.4882283678798842,0.0009752702327212409,127.13678325339663,0.3523580256375957,62.96285681043361,0.3502230323064842,33.432980861452634,0.3612048366250738,15.316246860961016,0.3445079471526909,Target,
-0.004673356770629321,1.2146277910150223,1.2146367814987074,10.60289952680766,-10.426660219596117,21.029559746403777,-0.6203808086913064,23.064500754337374,3021.5014624656146,1.4753425109695384,18.0009987081927,8.72927585292208,2.0621411227561284,0.6541452586066642,0.0591715976331361,7423.951442592834,3053.7498940569103,10859.375,15208.121260815928,8.795374469459465e-05,0.00022136550902168,0.0013518742464308892,7250.0,12.66903850854689,12.66903850854689,15.734318544431614,3980.153279429975,0.9245342463753272,1.447721002216784,20.785499815842144,4.123497041313111,2851.01590964755,1.179835395865974,21.60688210052958,76.19321391877439,0.19283658301561638,10.977792373382313,6.792332555417611,0.057586940861105086,9.503074317987798,0.004332026148487948,1532.791924992663,1.2234476929909064,740.6125688994927,1.2017033118339893,399.75707809710775,1.2473706476947222,126.31908495109681,0.988510473181317,Target,
0.006212298360364462,0.9989342738974802,0.9989535906227096,3.5322736338648117,-3.4182257380223984,6.95049937188721,0.043157497142353486,0.023884085671293853,2043.7161496944725,0.9979082762180042,4.426719392608158,3.535973709912717,1.251909588637023,0.09353840971898868,0.04285714285714286,5770.545944189125,2640.08225612824,8250.0,17957.463074287527,6.405515603496526e-05,9.799650256322007e-05,0.0005006976930788781,6437.5,2.7754314415410866,2.7754314415410866,5.1713299918234785,8149.68649792211,1.2564196835109098,0.6459005632094182,0.26141611620956784,0.6428207107290864,1680.9392218694315,0.9059582334087907,-0.38318856176448346,120.73132522040078,0.24279289563195658,0.42407053217125545,17.682483628406708,0.0929164544466516,0.5874577523195552,0.008072325937517564,1002.1922049559067,0.9892746413908984,510.2325243215729,0.9977624170943971,221.16898091324458,0.9268205103456889,101.43278269946263,0.884312669694574,Target,
0.0045341444663095035,0.9801025894570827,0.9801130773163473,3.5322736338648117,-3.019765715921223,6.5520393497860345,0.06543209097940095,-0.10396369940959982,1967.3531275807136,0.9606216443265203,4.484651781661716,3.6039450096274077,1.2443729773017151,0.0811371917652236,0.031496062992125984,5779.973834482739,2706.84576788559,8390.625,17837.771798565722,6.1002374417279715e-05,0.0001033383717273734,0.0007700261077045024,6437.5,8.119641507763346,8.119641507763346,9.006828544665595,10631.578482346566,1.2375194628344377,0.6243142674035823,0.08989951233969196,0.5779439710816845,1613.8214885089476,0.8876902248443764,-0.47393925712414564,132.96856086103884,0.25480539925954915,0.5377279202220473,18.948957165250444,0.09595452121575186,3.7427735883302926,0.008965605396398419,967.2716296172052,0.9718950605108562,478.9227656403393,0.966725939439517,210.60640389828683,0.9062617239859048,110.1353144158976,0.9275942305045581,Target,
0.00568887205151368,0.9551052326288767,0.9551221747296412,3.1974713223233686,-3.2327159757937056,6.430187298117074,0.04063877117062506,0.0384901291991242,1868.3051390162518,0.9122583686602792,4.19488053253561,3.3477092323068,1.253060000567926,0.08085273432402842,0.021739130434782608,5825.345412405112,2708.827783230357,8453.125,16997.276581778096,5.8699859990201375e-05,9.750180693029411e-05,0.0007111279159933171,6437.5,8.322450968416998,8.322450968416998,7.323935849995724,8987.860311546105,1.1922236805645419,0.6348913489473624,0.2360691380076867,0.6713665874072714,1546.9029766540962,0.8690781184647689,-0.2269617470453591,119.38474750577593,0.24142010763963093,0.021175996761640725,15.32351253190415,0.08645223431714029,0.25539467233515145,0.008387201952554213,967.7645373846574,0.9721381335506772,478.25135021392913,0.9663946357076395,216.69670619175207,0.9199738080987854,121.96954092387394,0.9758193819290352,Target,
-0.0003103901282509095,0.8414287415357316,0.841428798784803,8.766356032419319,-9.85692022049183,18.623276252911147,-0.13370712596245213,42.564765612176615,1449.9889631732462,0.7080024234244366,23.833310336114767,10.418416917842302,2.2876134180518806,0.777231875587513,0.25,6980.34023018282,3255.8155434695695,9593.75,6349.670175130501,8.332676556175376e-06,1.733452592717535e-05,0.00013959818651374423,1500.0,5.808869162116573,5.808869162116573,2.6922448545100828,2025.7360182193752,0.5730036458922738,1.0429149347662412,41.763914555921495,6.030733169087999,1203.6486693596003,0.7666224848087096,52.61651139907362,147.49795774408574,0.26824021784859253,15.807603831738227,19.369643377092387,0.09724894532541975,19.721285847606826,0.00376589429750817,646.2361893697903,0.7944117236831983,316.10650898229176,0.7820383781602018,205.61506326774338,0.8884835786369908,107.4115531104723,0.8992731450310338,Target,
-0.008672182290426933,0.7227976479491945,0.7228496708352062,10.283712305167501,-9.398913740153285,19.682626045320788,-0.19519009205673818,60.305992948013014,1070.1038522912072,0.522511646626566,30.481289947811405,14.226626531191934,2.1425521982306246,0.7209892561450458,0.16129032258064516,6509.313177125585,3078.0403518024054,9296.875,6510.72764648607,8.476723075701775e-06,1.4583393056707034e-05,8.772812557519916e-05,1687.5,21.151787371722605,21.151787371722605,17.704014170846396,7197.0684697601755,0.5356627434869243,0.8706397140255036,50.417995301519,6.255758032723532,894.3371633526928,0.6608196696670735,60.235619909013906,74.18878102460336,0.1903279091520775,6.960488419409344,7.899423778163212,0.06205289917609105,5.960284547836471,0.005422180124591016,677.1206174771467,0.8131270363957402,369.28443848082424,0.8485287345362315,152.4830949078564,0.7705698571996347,90.4949486771947,0.8400366446622658,Target,
-0.008172782975931879,1.3372684208602847,1.3372933948134686,11.640773390057626,-9.719984931521633,21.36075832157926,0.024539814656444874,26.18041076386282,3662.548221566426,1.7883536238117315,20.087484106554783,8.70472660315602,2.307652499881132,0.6971603815642535,0.109375,6991.754834559747,3202.883563103889,9765.625,12367.305507761594,0.00013410264960308962,0.00036400277562672093,0.003253977242514658,9125.0,13.570585250481738,13.570585250481738,18.180110544573818,6416.400555891548,0.9166235796799826,1.6542193479560026,21.115180057181718,4.307834979114839,3160.8732972959715,1.2423343101180173,26.719553413274873,223.88197325207744,0.33062360873363345,13.521827816330259,30.098676720629417,0.12105072484654779,14.468972753375638,0.011609287718084576,1856.3549558720001,1.3463943729292107,930.4293162773456,1.3450232769431836,376.3347677195423,1.2056462176439535,195.56609476236613,1.2262040540678665,Target,
-0.010084245043443837,0.9682165083678386,0.9682690220564247,2.835622410845034,-3.048823945919531,5.884446356764565,-0.004965475988525428,-0.06735910564010084,1920.0919533037672,0.9375448990741051,3.667668298672235,2.928548106209879,1.2523845146661852,0.0691716984319448,0.08888888888888889,5566.884026596378,2770.662737388984,8343.75,17986.471293573904,5.827220282396438e-05,8.544057346976118e-05,0.0004398319077756315,7125.0,6.333886106039174,6.333886106039174,4.221398869165119,5501.13523357183,1.2131149472276141,0.6350907223827237,-0.029358382380741954,0.5837685070409837,1444.990853543708,0.8398778963245942,-0.2273316164188266,171.0759390137116,0.2888725382873675,0.12852227467315824,30.672804527686825,0.12237878890354636,-0.04242131280926431,0.01041493558586918,937.5059985121173,0.9567826156178173,499.866251987832,0.987122804845906,259.76502553106417,1.0065810949378367,130.45359756561106,1.0081848332584724,Target,
-0.009126509616951689,0.9289012641485885,0.9289460973138507,2.928623658568793,-2.7355502931316336,5.664173951700427,0.0863527162905909,-0.002398359517302495,1767.3028643115708,0.8629408517146342,3.947683619773066,3.1526303485608356,1.2521872796076994,0.09526693057398647,0.12903225806451613,5542.226946041076,2822.6893687020665,8328.125,17178.406976352242,5.229075544580331e-05,7.490405888168608e-05,0.0004846859183675867,7250.0,10.78128539188517,10.78128539188517,7.531181682156537,5901.901816779828,1.1652486643579318,0.6066250572681245,-0.06096888665570965,0.5882548667823462,1297.663397840504,0.7959097924473603,-0.22547179378270776,175.3036719205014,0.2922699511022353,0.13812352482733248,30.674138783205116,0.12226392651908911,0.08303626856907531,0.010344878903777322,877.5249924128595,0.9256750842026192,452.0438617554847,0.938284266536336,215.15908283065247,0.9140513394636324,100.8491810555284,0.886812178706151,Target,
-0.009824407320763857,0.9927417429081933,0.9927903540484273,3.230830905349564,-3.128060953809696,6.35889185915926,0.04372950528207053,0.015083896476780545,2018.5757431636002,0.9856326870916017,4.091711319726086,3.2542932071960555,1.257327185724473,0.0765847637154406,0.034722222222222224,5549.074333953564,2794.851029167709,8265.625,17436.351312739014,5.942954050028813e-05,8.789455713766567e-05,0.0005596114344942378,7312.5,3.7690231370056617,3.7690231370056617,10.759612074235031,4062.5764226441934,1.2493739285893934,0.6404948337512083,0.10290433927440423,0.5890298821407809,1510.3660615385304,0.8587502792805773,-0.12955973624914918,201.68306809602717,0.3138008564256951,0.3531339536487246,30.35303557210996,0.12159940311712987,0.047573614647571816,0.00648464530408175,1027.0925774003379,1.0014616827067733,507.5109774559751,0.9956039221779021,236.1035575324424,0.9603414937982404,114.51431451276389,0.9437547612377986,Target,
0.021435745487394235,1.020665836619805,1.020890905644382,4.019883410335353,-5.882456570427858,9.902339980763212,-0.1686821640036207,1.6697531265958672,2134.4629580337287,1.0422182412274066,5.178395193849065,3.9376229018300637,1.3151069370920043,0.17451693425367545,0.02873563218390805,5408.17881282312,3417.3312355373205,9078.125,18532.08843022775,7.0600452451212e-05,0.00011509554551728236,0.0007908923818997929,6750.0,89.59568954505603,89.59568954505603,41.281459042832005,146382.97953785912,1.2233558522983494,0.7664053069891159,3.7976934340303306,1.4956965869409355,1323.4754958299281,0.8038646981216772,2.3989466180373764,250.64859295211218,0.3497081424367906,1.0260591831984707,89.12548729493062,0.20850901406002711,2.200801410276102,0.06480297920566062,1100.0595308158813,1.036239105273827,551.355715032354,1.0375302037068928,269.67673778810956,1.0246978024437268,120.71724373084287,0.9710768739139414,Target,
-0.0395166849419916,0.9103372307585805,0.9111945138629873,3.223983675799305,-4.547552750618074,7.771536426417379,-0.08324151353676275,0.7695618428376028,1700.4041054085237,0.8302754420940057,4.523173585790834,3.538194783604769,1.2783845611751632,0.13144205485048557,0.08045977011494253,5310.095132187419,3386.427090506974,8937.5,17028.75518269777,5.5208395198738166e-05,9.320741375558252e-05,0.0005864561766098271,6875.0,13.167357804745818,13.167357804745818,20.770486889287,121677.91279018979,1.1148756514051805,0.6450128653596054,2.2954893813733923,1.1453104396162304,1059.0028596600414,0.7190904495120866,1.129653896927401,190.4584568246325,0.30488427877271046,1.2744798099137506,60.404358678788014,0.17167096059764628,0.4109624663383178,0.05911519143582577,858.1042605802719,0.9145674589822913,424.9695396062984,0.9087437978760061,197.132210674141,0.873886402432023,111.57341320526962,0.9298771806835302,Target,
0.008842083868583754,0.8450872138147112,0.8451334695775872,3.3949955496408006,-3.2659349819297927,6.660930531570593,0.13685773853974426,0.40281921454072833,1462.7851907077131,0.7142505814002506,5.105137175053313,4.017111701111163,1.270847702253635,0.11948990872391746,0.02564102564102564,5434.308386800058,3581.817584474935,9406.25,15292.67931326078,4.679733012335179e-05,7.883610027442528e-05,0.0005858716446518056,6875.0,84.81166022907247,84.81166022907247,70.08949846591658,142165.831344325,1.044760978665356,0.5804282698091341,1.4464640854637514,0.9756203746326622,839.6137533662696,0.6402665637353507,1.0015797250486829,177.31970926446186,0.29423181866473497,0.08276447551964727,94.59968862802782,0.21454165726587632,2.7058107322472384,0.07356201367939293,744.988174317103,0.8529134495537403,369.09142176564615,0.8490274058454896,174.57595461013614,0.8254104550863554,99.80402107171321,0.8823527603268378,Target,
0.011114432757241631,0.9773824468112425,0.9774456393837186,4.052223387407328,-5.0651473923734684,9.117370779780796,-0.09617268594419183,1.1118906868859852,1956.6591548421047,0.9553999779502464,5.383592557504114,4.1457276232387335,1.2985881000301542,0.1695142649830523,0.015665796344647518,6490.044294597422,3547.097700336973,10843.75,20571.068184007792,6.383319853825288e-05,8.321441586324918e-05,0.0006166836637184296,1937.5,7.9300411623139055,7.9300411623139055,11.674759812552166,15198.463028666356,1.184739335475801,0.7120878465548375,3.380373111176308,1.3442614130270596,1353.1672097040378,0.8128265045939017,1.2184946579637055,285.191001868788,0.3731496830126633,0.7570989129150272,40.62053531764845,0.140810488977412,2.3855162637855205,0.016427580819679384,996.4171781450419,0.9863792403693824,499.3607124396043,0.9875518082450049,253.9049946211449,0.9956798318431986,128.98455817174386,1.0021532597714908,Target,
8.56217803546569e-05,1.035978966614329,1.0359789701525712,4.314853043257143,-5.0651473923734684,9.380000435630611,-0.19822518068058162,1.3665230355250513,2198.020969673487,1.0732524265983823,5.405359857437663,4.1650006106028234,1.2978052977176673,0.19110722940935762,0.021582733812949638,6480.784205709273,3575.1562240550084,10890.625,21252.642818471904,6.632503409212233e-05,9.090720836487618e-05,0.0006306565310202882,1937.5,12.56159328466649,12.56159328466649,20.445894299851215,15255.412227332763,1.249173318414217,0.7655526537648042,4.125652333291526,1.5183315755086895,1478.9603863033562,0.8497885077688565,1.519021840033786,347.47649966223776,0.4118796417885991,0.6099394121515509,49.94055642758415,0.15615609296045269,1.1378584188366938,0.01652968442277645,1106.7884124580828,1.0396384209455043,547.7828990752171,1.0341396732216397,300.3587808331786,1.0831617021149251,148.97778177016986,1.0788270684224814,Target,
0.0010092319895086436,1.0349235496822158,1.034924041771205,4.314853043257143,-4.585945867936398,8.90079891119354,-0.1791461496560728,0.9804758300457896,2193.5467975394236,1.0710677722360467,5.322653062431725,4.169246117688554,1.2766464037346454,0.15073333052599322,0.03365384615384615,6329.395063316541,3521.4813014625365,10375.0,21906.72880139765,6.944606499668497e-05,0.00010703224431740295,0.0007084625230602177,7625.0,8.22870157626397,8.22870157626397,4.922755891125718,15020.24540429507,1.2664533514674303,0.7336418352605004,3.3729480397539415,1.346567418144824,1410.7686756292603,0.8299577551206222,0.9444919472403663,375.248096007279,0.4279986904758171,0.07177881350272886,48.16458867048125,0.15332975578101704,0.45863578986752795,0.011811842811715358,1073.207340056053,1.023744863130996,520.3410493008232,1.008107469246727,268.83820591585646,1.0247354702551774,110.39860070621509,0.9263351906671062,Target,
0.0004572642701796525,1.06338225966467,1.063382357978612,7.710406949591486,-7.574015148083664,15.28442209767515,0.07486302951924487,12.245460184721534,2315.8416164047926,1.1307820392601526,11.712239575585446,7.25083211296474,1.6152959264693985,0.533431849219043,0.125,7102.68985896344,2696.793970695074,9890.625,16277.36001802131,8.624154538899055e-05,0.00018075587816220398,0.0009614137457191245,7000.0,3.7933470327157544,3.7933470327157544,3.477327609571959,913.1492383941705,1.0265645815695175,1.0989672454105062,17.921528640085537,3.83098793503157,2183.2526371179897,1.032479531752176,11.960935811274902,55.3211865388713,0.16435288263979075,2.629580648236372,7.386232868173952,0.06004446925367724,7.059216901219802,0.0018991158372144617,1249.5066025201395,1.1046361036539158,638.2305250210347,1.1151489620038277,304.2617277379332,1.0887549682528146,123.13654410622004,0.9721591065192434,Target,
0.0029894911414847097,1.1307656857798354,1.1307696375453433,7.710406949591486,-7.574015148083664,15.28442209767515,0.08785276504354164,9.47582562991243,2618.6546651021863,1.278639973194427,10.657024562121535,6.818724781405622,1.5629058077226983,0.47072363810427476,0.020761245674740487,6673.916290882005,2950.7361457827624,9531.25,16660.27511816733,9.713652872635851e-05,0.0001878396593833922,0.0010978531217821555,7000.0,2.01729616936504,2.01729616936504,6.065902898891447,2451.836211782605,1.1259133195869815,1.13560123668219,14.437180615776938,3.3682091268646634,2342.022727347703,1.0693720104769588,10.21226587261893,110.76923173212079,0.23256020383068768,6.332088195902447,18.24117693314049,0.09433007224606636,14.02000207758261,0.004499312380421678,1404.8695575109687,1.1712953501467882,717.4629614507062,1.1818161120661266,365.2063410578596,1.1912060818314463,161.92108286328062,1.1166281980932722,Target,
-0.0007134509968980186,0.6499013007014648,0.6499016923087527,3.742944516568025,-3.524983881193438,7.267928397761462,0.1756076546924681,3.4032140771381023,865.018285395519,0.42237220966578076,7.830675041764291,5.759247222870504,1.3596698906530624,0.23391055576903919,0.03389830508474576,5598.611756294643,2902.2384781629844,8296.875,9834.296782942396,1.9338666633078055e-05,3.6133284534990595e-05,0.00020072317069017733,6250.0,6.686368093381018,6.686368093381018,2.0082082741748204,2783.5659772069116,0.7505595680320277,0.5304754834554218,7.984100910670472,2.177676116271602,648.6225930497324,0.5627691781522464,1.5000537485677654,89.27280378652604,0.2087322457275167,11.22673594738943,11.717522497185783,0.07560248812142124,33.05049572051332,0.0044282287798689274,432.84970858749415,0.6501570286740428,219.78702712177886,0.6551881113769977,127.90382323025705,0.7065601145080801,68.72260986336286,0.7315886144834219,Target,
0.002517354909515681,1.3600889083148544,1.3600912379678183,10.789779111702327,-11.13735133026387,21.9271304419662,0.04477909459991441,20.521487985725315,3788.4890636223126,1.8498481755968323,15.481668035990001,7.933128903781401,1.9515210484743941,0.6283649724165792,0.23809523809523808,7250.647228665166,2888.246202774629,10312.5,21308.36138528705,0.00011199389955922905,0.00023036670865263714,0.0014169611574521364,7875.0,9.46610514161823,9.46610514161823,10.629940110346835,3608.333408346442,1.094246918218459,1.5818703151604292,22.31049311980344,4.1716327123918795,3564.2902233753316,1.3192317095877089,21.541132932930083,104.46593903676366,0.22569694623386272,9.176368871092592,20.37713398043646,0.09967680356302991,11.632262370061055,0.004422548316045772,2264.2424410168705,1.4869995591197398,1122.4521867914768,1.479682511207383,559.40913062863,1.4779871609658626,303.91816403419256,1.5408518695558955,Target,
-0.0038344628465511116,1.1478855243104469,1.147891928722731,10.789779111702327,-11.13735133026387,21.9271304419662,0.0909738523292071,30.441861753085064,2698.559242294868,1.317655880026791,18.6569596836472,9.399647163394732,1.9848574482990637,0.6587637925670474,0.24,7141.552147676916,2885.8604507402188,10109.375,15760.022173091851,7.99042234497697e-05,0.00019045008703799115,0.0012947650297648976,7875.0,3.4145380113446016,3.4145380113446016,3.466309539271526,1650.0903846992085,0.9077894103210749,1.3458140417617404,39.53567455085658,5.467385597420055,2537.294625480653,1.1130632979606614,32.44715118447112,85.85925355260639,0.20472876947248486,12.43804419053892,16.519979378015325,0.08977231035854459,15.056093596633183,0.0036925972423727214,1542.9502353213206,1.2275069583306526,759.1790099834561,1.2094578200937973,340.84706652306363,1.146409507227074,213.0007907032118,1.2826157143186108,Target,
-0.0048402157409354,0.3805836380032653,0.3806144153920333,1.2333001557692933,-1.2470118635417249,2.480312019311018,0.0010664212433361203,0.019615947999441108,296.688298402241,0.14486733320421924,4.079661744536015,3.2402875610977393,1.2590431150357266,0.09746806988159969,0.013916500994035784,5902.503237676151,2675.292058383732,8328.125,6215.899359815445,8.859145031972639e-06,1.47174725660285e-05,8.497440415460703e-05,7375.0,4.903427721451955,4.903427721451955,0.8366205157295715,881.1555277730974,0.4760565963738546,0.2511600188213311,0.12663951869214252,0.6047237826029968,239.48207585195235,0.34195588178295616,-0.14522043598920042,24.611004913116005,0.10961954444151568,0.006632916397086408,1.9242120000916163,0.030565812138251693,0.3728236698900007,0.000828866424618151,150.38270083141222,0.3831897951342187,74.19435214865275,0.38056698048152526,36.74149859160915,0.3787050050936041,17.014723947617114,0.3642416296216536,Target,
-0.004703740431296383,0.9691917159550437,0.9692031301280073,3.53835822213939,-3.4350933473536602,6.973451569493051,0.03343743610634982,0.4304436151186892,1923.7984408574507,0.9393547074499271,4.660805308929741,3.6507911625007465,1.2766562373666828,0.14320104850413673,0.04157043879907621,6017.9435482516565,3626.2806859441885,10078.125,19542.67465675259,5.548863671470179e-05,8.804215601260532e-05,0.000881243827416715,2000.0,16.235247371864215,16.235247371864215,3.1289063988805506,36083.67784478211,1.1911495637043323,0.678121684844314,0.7171001579346736,0.8774167867436198,1109.1966171791378,0.7359339611378259,0.4737534412164046,358.536763137944,0.41839581374432294,0.5204325974099135,71.64694110582647,0.18689376149572348,0.49901898909465414,0.026172763074429492,982.0456745080855,0.9792932214383657,461.8034569260204,0.9492171699549323,259.56573785726175,1.0063039841484356,129.81749481657675,1.0056095132699614,Target,
-0.0003740065163788742,1.0096230250621099,1.009623094335921,3.601262941630495,-3.481006838276202,7.082269779906698,-0.04019370920189744,0.30843567672877903,2087.6058472784694,1.0193387926164401,4.542107569375559,3.5669379611400664,1.2733912444958275,0.12874317950496178,0.028985507246376812,5950.377288033148,3531.986291116646,9953.125,20164.014487208016,6.546690551678493e-05,0.00010356252793436689,0.0007670462462078079,1937.5,12.724360101575936,12.724360101575936,17.1731558222188,48031.38079244026,1.2460675245150692,0.6971320944191642,0.4878976532857573,0.7788421859112906,1176.62821559114,0.7579369190032167,-0.13670257416300924,415.1732749148812,0.45024540409595176,0.25633350409425226,66.42368563653426,0.1799712477966919,1.3018729210565123,0.02796822844474252,1020.5257807221758,0.998302044049976,467.04733285667896,0.9550190619795588,257.1726823578383,1.0022803933740936,140.38798692310337,1.047262462585953,Target,
0.004828899650305913,0.9868788752218853,0.9868906893020352,3.601262941630495,-3.481006838276202,7.082269779906698,-0.03403594404838908,0.21575146507394782,1994.6562204283825,0.9739532326310462,4.6293633887965315,3.6491001289894007,1.2686315050715282,0.09314988079151794,0.03464203233256351,5848.066182085778,3511.3132023583457,9859.375,20873.538699706387,6.299219525430175e-05,0.00011633885755503509,0.0009272245238281663,1937.5,7.292920357660827,7.292920357660827,23.769161463402124,38406.087896159544,1.2202505968541564,0.6774005234727454,0.3063602289006857,0.7325226059265088,1082.2347899919093,0.7269131329310722,-0.21631691399565556,420.1251594845578,0.4527927425510323,0.7558791771075399,66.99659439237978,0.1808630866040918,3.415644435807909,0.023116906464245232,962.479724634379,0.9694854182163467,465.42333894146674,0.9534097671581278,214.96660415970285,0.9162617344404621,119.09442228023022,0.9645195305618657,Target,
0.0022512486533855965,0.8751368049166134,0.8751397005279545,2.4568831113731493,-3.078205817191916,5.535088928565065,-0.07742862497197217,-0.020133626419063244,1568.5007266614437,0.765869495440158,3.542899577118924,2.8074181869374226,1.2619778533898538,0.06783567924074362,0.018140589569160998,5680.528960445195,3183.272276566273,8765.625,15690.135331492045,4.896370650869508e-05,8.335982061542793e-05,0.0004693784749408427,7062.5,22.09625474115683,22.09625474115683,19.229238624120963,66680.38520478255,1.0899536811948458,0.586289087645549,-0.07818370266710684,0.577264502449187,1103.1838014186458,0.7339123103773056,-0.27197493648973126,151.7659612724718,0.2721932470314929,0.5711850536781613,39.75823022836777,0.13932536536221182,1.6533955049524298,0.03310903872748998,786.6621131431978,0.8764813101302572,370.8977790855545,0.8510545621726937,185.08449712700576,0.8501816099541114,88.42909605473498,0.8281839259654129,Target,
-0.006158681370164934,0.9484480657347217,0.9484680610079362,3.934199547183687,-4.691098599149525,8.625298146333211,0.03338260931854391,0.6232889067270726,1842.363725316412,0.8995916627521543,5.302172584252378,4.147951532498434,1.2782629070544427,0.12084307674434511,0.07407407407407407,6056.707846120444,3321.8342285823114,9656.25,16899.021323591984,5.0151994883198375e-05,8.209933295205719e-05,0.0005166176226248094,7625.0,25.863231958200696,25.863231958200696,19.518859999000767,88187.1690853602,1.1616094269737678,0.6706778731147783,2.4508124114583563,1.1534576172678888,1346.1807940945787,0.8107438856912926,0.21232109773449892,172.53130243896675,0.2902171275500699,1.0333638256866573,26.49851219982192,0.11371065957488602,0.9056455795852556,0.036879159346947896,950.5949225069007,0.9634737505875571,476.5512300081592,0.9638370443670827,212.72112468679614,0.9115103727412704,85.59741650286625,0.8173082064026608,Target,
0.025816204873518434,1.0590065162950368,1.0593211401597826,3.934199547183687,-4.691098599149525,8.625298146333211,0.0023542726070559816,0.6187540468147645,2298.186297322336,1.122161277989422,4.778904006621447,3.71388750590805,1.2867659558937017,0.1216213131407053,0.058823529411764705,5919.546446348046,3332.3349191938096,9531.25,19799.637294420878,6.925948962114889e-05,0.00010154318506796853,0.0006524422504048099,7187.5,63.275094885318104,63.275094885318104,71.84613849635556,88715.9952566851,1.2926271524206787,0.7568160910177706,1.451702874614261,1.0471756154555747,1601.9132437330004,0.8843999213292966,0.09533835372557764,254.94762110262602,0.35270981498175535,0.6438697767176751,26.84969434338685,0.11446898868140615,0.6004558964892714,0.040578696975799904,1178.2878713260682,1.0724002464724862,585.6088559093291,1.0682875545112527,276.3937705618948,1.038873780685839,124.23244811021962,0.9850540111977555,Target,
0.0022675639940342423,0.9800541819858428,0.9800568052283534,4.3119560813640705,-3.805088650791532,8.117044732155602,-0.06484410494534906,0.624675153604958,1967.1272273395848,0.9605113414744066,5.617893800796487,4.39970015856314,1.2768810596927558,0.12902988709050373,0.028865979381443297,5652.414300969572,3512.5771682962295,9750.0,19467.698420906847,5.7940969217257495e-05,9.422634179712679e-05,0.000780559240308437,2000.0,23.925692811322257,23.925692811322257,43.74596538730147,30071.293892747624,1.2036764622218525,0.6871537096199624,1.62481504896125,0.96370942472679,1025.2650345682528,0.7075389193594738,0.1021753288176086,410.89488651452007,0.44767525971194694,1.4274245239922694,81.46254962622876,0.19931787842798296,0.8419154233177109,0.023594678633233487,980.4708831160077,0.9785132203299992,431.51836255483204,0.9178181618062643,224.62567943663538,0.9361107156635515,113.13951204997213,0.9395636768927221,Target,
0.014115466515996326,0.9999726690377658,1.000072289995817,4.3119560813640705,-3.805088650791532,8.117044732155602,0.005559755624308921,0.597193441655274,2048.296110525394,1.0001445852174775,5.54372173680425,4.311644392608964,1.2857557887443865,0.11842729613129617,0.0387409200968523,5690.367394190538,3452.0147188857595,9671.875,19156.659485075987,6.554367898223854e-05,9.74675760610745e-05,0.0006441270000652272,1250.0,21.723789879970084,21.723789879970084,20.66303012292942,33426.47717397139,1.2246553967728668,0.7073252560018414,1.7664198942295979,1.021319639931174,1180.4617117300006,0.7592059336716122,0.2647841117059482,330.8250795136203,0.40174660166380155,0.9536252819383519,94.43127817014283,0.2146785038169176,0.992334509950449,0.028576016028379884,1051.247159471416,1.013122136227601,476.97074689488545,0.9651753067073034,236.10289950586966,0.9602868639595736,106.62176311735286,0.9112226024805192,Target,
0.004338232137182113,1.0406852907481114,1.0406943329515912,3.7223450680812693,-3.7123450503127575,7.434690118394027,-0.07806071871242057,0.2793770803525182,2218.0755346177175,1.0830446946375574,4.573766857547499,3.5767899855128906,1.2787350881859638,0.09135972199411083,0.026804123711340208,5471.974532125245,3347.1084957593857,9218.75,20546.76239437051,6.935404043725973e-05,0.00011437753842488736,0.0007449616770080705,1250.0,8.227983543584319,8.227983543584319,16.929529583127305,33844.88520642069,1.2812370874949655,0.7242251679462406,0.8754167776057966,0.8928416466081661,1231.6534644865665,0.77549075811129,-0.07313115496233635,401.5999846105889,0.4427148232341811,2.174452875083624,92.1006245656847,0.2118261345813728,0.5173245455023703,0.030392007879563816,1141.9240607712413,1.0560024411668298,534.0034431812103,1.0211995873890032,267.9643593582791,1.0231009709330252,119.22200779540185,0.9647198393466492,Target,
0.004349386621752466,1.361986910045228,1.3619938547212809,12.782965211065402,-11.661785763671624,24.444750974737026,0.3959408145310685,19.11410312460144,3799.095829091397,1.8550272602985336,15.727676307817271,9.385479359362686,1.6757456604630205,0.5366859897358786,0.03350515463917526,8005.373199652019,3660.8460341023274,12171.875,24038.09857348296,8.317793996340084e-05,9.940592279391007e-05,0.0006105729453489894,12312.5,10.915662065607487,10.915662065607487,7.226380130146934,5975.934986133202,1.2844444823605001,1.4353529046704503,20.91316538993149,4.079216270881708,3166.3659836758484,1.243409902163318,15.887169711359103,316.482478566842,0.3931021016381857,6.820753735552799,52.89840234713618,0.16063758958079713,5.205238658528554,0.024668730572333528,1752.0464250089922,1.308037793107995,706.6128695688178,1.1741183574794058,370.1434288814644,1.2024435865892038,120.02391658131172,0.965166080043395,Target,
0.002672615503759546,1.4045053151727178,1.404507858013634,12.782965211065402,-11.661785763671624,24.444750974737026,0.3613625024580774,16.900309773225125,4039.9714779587516,1.9726423232220467,14.991983200479872,9.101383903358206,1.6472201765874492,0.5034875816911881,0.046511627906976744,8048.983254852144,3660.3772091610635,12203.125,25062.290747108782,0.0001328656905348734,0.00019510828487923865,0.0014595880280464824,12312.5,12.793420555350771,12.793420555350771,3.5816565108031755,5902.558673683841,1.3428479560491504,1.463569903436153,18.75289249199434,3.835837513697544,3366.6180826716927,1.2821294179528462,13.997317365249163,339.6856752896672,0.4071848872591592,5.926125872174829,59.86541493426857,0.1708912703150263,3.8046922266339323,0.025740503378031073,1858.0308870016638,1.3470247403539077,802.5960651366925,1.2509179495612377,418.9341006375736,1.278458986760144,143.25663511228817,1.0577578442835958,Target,
-0.0018159501029114031,0.8984679043876829,0.8984697395514057,4.899893070911809,-5.183995279478804,10.083888350390612,0.011096632518157647,2.4710049001851218,1653.2436436778412,0.8072478728895709,7.189782897172822,5.453598329709203,1.3183557831909847,0.21273445885097192,0.018134715025906734,7028.865934560445,3754.1783025087384,11578.125,19339.900038935193,4.555118310554019e-05,5.349195520872057e-05,0.00035521087392563304,1812.5,7.317163846153102,7.317163846153102,6.561003220741626,4108.265852411028,1.0695221704798898,0.686013543916709,9.155374444148665,2.2036101749144135,1164.0687713511445,0.7539134753167342,3.5336844671181895,242.2719342133072,0.3436990698487086,0.16704960967964544,35.39867132032332,0.13117075714945295,1.5067918187346807,0.01201933693631728,800.6757932378264,0.8842538496216364,423.49534345197395,0.9093495151036721,196.4517757295842,0.8726705871239797,94.25417720969173,0.8572123978074209,Target,
-0.0182350149657731,1.1665901417916003,1.166732649194385,5.725063365880257,-5.023538660537685,10.748602026417942,-0.02069580955971939,1.427620911039269,2787.870872977711,1.3612650746961479,6.427857773470495,4.906919652787076,1.309957820446386,0.19206884543311312,0.0226628895184136,5493.484417548294,3524.60039051642,9421.875,21602.40558463079,7.98578435966809e-05,0.0001234327862472016,0.0008643840635800361,312.5,93.21400842768416,93.21400842768416,19.27165624216582,186721.72264173406,1.4015872420819346,0.8704887610220717,2.660319708545723,1.3342047093952294,1580.8172491798236,0.8784848007507438,1.6300749286813279,335.6348534857277,0.4047912905565426,1.2627730123118068,169.36401336681723,0.28570968317868123,1.9771165848543406,0.08703853738356818,1414.4835469514787,1.1751530267206518,690.045287522968,1.1609003794499617,334.67378662492223,1.1429687881075967,160.6290494553536,1.1202203986979484,Target,
-0.048369369249374135,1.0728386756281605,1.0739284984602875,5.577624826314152,-4.796534997746424,10.374159824060577,0.3121720900673881,1.8897904092155429,2362.0043157609834,1.1533224198051677,6.844940931460274,5.193664973330071,1.3179404075175527,0.18010495192301798,0.05073995771670191,5571.156692996956,3458.090264292731,9328.125,18963.92725110559,6.311936037752256e-05,0.0001282314255879305,0.0009491448327731542,312.5,10.069373580458725,10.069373580458725,79.80443455646922,315894.8582801909,1.2781278789582529,0.8189592406423989,4.366717496596244,1.6300438114431752,1447.2898938214387,0.8406170690109177,3.885961666376833,210.44787805838615,0.3205517049472209,1.009795905382556,106.41781279190803,0.2279395521588621,0.936710329358641,0.1231183257516933,1140.1912490393215,1.0541173053003319,544.1533623745219,1.0292093196900058,254.76474922474756,0.9951281963389639,116.98110618051292,0.9545600632753327,Target,
0.021652141936241466,1.3668547106922522,1.3670261941133488,7.6789653946106355,-6.367369140769671,14.046334535380307,0.21471775726415512,2.6450873506888595,3827.221740322872,1.8687606153920273,7.5665760630588155,5.617277435997634,1.347018399797977,0.23805717116537284,0.016348773841961855,6180.113853865916,3598.007174118386,10281.25,24797.73698720365,0.00010459647284431535,0.00017617293367508816,0.001297197516040342,6687.5,126.21223473412228,126.21223473412228,17.462107675968134,255399.36801906404,1.579460734935994,1.1146103280092112,5.412862606068133,1.8392439023693332,2623.1540813632596,1.1316933149651183,3.3319148080509464,317.54394509143214,0.39375409514013815,1.3259284488118173,128.25443709632256,0.2502368263853996,1.8669019732731176,0.1467743263893225,1832.7597962819136,1.3376582827411614,873.3394378439452,1.3058081944054025,467.8592807335243,1.3516589522778344,223.6408885227873,1.321375122947093,Target,
0.0005869192910324225,0.9945683531847215,0.994568526362474,3.345885774769398,-3.2774190648782175,6.6233048396476155,0.046361679941459996,-0.09887284656244066,2025.8131018359256,0.9891665536308231,4.195411475106485,3.364158110861009,1.247091051268315,0.07482757512447619,0.0617283950617284,5686.045897607162,2639.1158767450734,8250.0,18512.27993979594,5.9443782670914766e-05,9.589251092331013e-05,0.0007199778151131649,6375.0,15.00771493122443,15.00771493122443,6.580164541611709,9202.448563849997,1.2498322822734553,0.6451759484259341,0.0804478469936396,0.5782377466254096,1688.6492548625686,0.9080308417678854,-0.29591847198832255,115.07782969536596,0.2370450021294346,-0.12378020805332568,19.606898412593587,0.09779275282523303,0.028325171026063245,0.007851340992371239,1008.0322698346254,0.9921723441908438,488.2855766803069,0.9764820980386758,232.68033231956375,0.9533636670929269,112.50367980326641,0.9365225363451812,Target,
0.006185634777200721,0.9628736917953651,0.9628935602802797,2.6897666714903554,-3.4200529478712407,6.109819619361597,-0.10967524417677482,-0.006349585966678006,1898.8318892630687,0.9271640084292327,3.5107113549726052,2.793420563231741,1.2567786609657596,0.05712591655608523,0.13953488372093023,5689.702716641181,2595.867770651865,8218.75,17801.874379135643,5.70787445747072e-05,8.970522685058242e-05,0.000597885894365864,6687.5,16.666918331852308,16.666918331852308,13.919022233178417,11019.026439837922,1.1994308366889141,0.6447134423193508,-0.13162925749372034,0.5439761993630712,1563.1483531311428,0.8736243090264885,-0.2762121600091718,116.50913049808155,0.23847652026693478,-0.07684546901928924,15.929822947536017,0.0881934012160501,0.2515162617176263,0.009491794550007388,947.8912553145062,0.9621002535123404,481.2280310649066,0.9694563029955424,231.35088322008437,0.9486316850578034,104.72166202507933,0.9029334839740397,Target,
0.005802267921708576,0.9964494247905162,0.9964663177841918,3.550048509143274,-4.033592341353991,7.5836408504972646,-0.12792866110452744,0.23505128179818335,2033.5516108357344,0.992945122478386,4.499888878134928,3.562637738762105,1.26307786760786,0.09733334276550377,0.02877697841726619,5679.991822153459,2608.277935816127,8203.125,17658.611448958418,6.268726665916359e-05,0.00010280795071100803,0.0006346917573166994,6687.5,7.5529397366814255,7.5529397366814255,8.029182242139445,11076.770471765847,1.2382320846909867,0.6727836482145992,0.8011092775014177,0.7714790968644131,1680.7132806669736,0.9058419207863662,-0.03189131818312685,125.19721576615763,0.24724204793436927,0.042683664454638226,14.584175487732509,0.084387021543426,0.7058268842978008,0.008130965454683349,1061.4546639977234,1.0181063919175757,540.9763352744985,1.0278309940623649,279.38682607126145,1.0446626104060033,138.5766142637483,1.040162868000137,Target,
