rms,kurtosis,skewness,crest_factor,shape_factor,spectral_centroid,spectral_spread,spectral_rolloff,psd_peak_freq,envelope_mean,envelope_kurtosis,vmd_mode_1_energy,vmd_mode_2_energy,wavelet_scale_2_energy,wavelet_scale_4_energy,domain,label
0.9085371465669888,-0.1015904017885866,-0.1335271701697372,2.808314772820705,1.245020800066011,2999.94350692767,2037.4221757255168,3593.75,3312.5,1.1451080296294136,0.0893361742769998,1474.67719829784,93.44833090447584,845.7210330993018,421.9196337862413,Source,Ball_Fault
0.8889392860166936,-0.1191157606375563,-0.0948858948160426,2.997799186069963,1.250686499334768,2630.955390188183,1258.98832362008,3468.75,3312.5,1.116396899470029,-0.2141910063359233,1405.948904750325,77.8578506009099,809.232429346895,406.73162411819214,Source,Ball_Fault
1.0197743319024328,0.1924828554924542,-0.0433568648362988,3.302040683093202,1.2728209021178842,2946.7293563563494,1833.089110701325,3531.25,3250.0,1.2616037855495912,0.3034281282398772,1922.133078693827,80.20861229678744,1064.6019904595069,536.2312645581036,Source,Ball_Fault
0.9648635122097874,0.1155577564790286,-0.0170185701737645,3.39257889449833,1.2634942759693475,3119.23835610198,2063.3472959894107,3640.625,3375.0,1.1976799150175328,0.2052344263525269,1757.8514336765215,51.13153871795886,953.6346043925498,478.282287404034,Source,Ball_Fault
0.9309986017931574,-0.0699163447591071,-0.0438363449140757,3.3065016817124357,1.2569549814569534,2806.3202611180054,1338.7315122495936,3515.625,3375.0,1.1654213192849836,-0.022411092740616,1642.33172387765,45.160354149093976,887.4948983031319,441.4358025157395,Source,Ball_Fault
0.9347101670330096,-0.0515503432031838,0.0081118835147601,3.2933721607762165,1.2603129244603797,2895.79007929242,1618.8574135510837,3515.625,3375.0,1.1685403908483931,-0.1165770308745899,1638.9751907363514,56.85770835526682,894.685533796331,444.41684524898574,Source,Ball_Fault
0.9712883798992074,-0.3827630935536499,0.0235567370038456,3.1513723916722305,1.2231760561672036,3208.816274269064,2084.9980478292705,3609.375,3312.5,1.2474833181852114,-0.0392469978483092,1815.926328413728,38.8014270159469,965.3906674848944,482.2593937893839,Source,Ball_Fault
0.961785336251474,-0.2248021985544124,-0.0251208112041115,3.1825099316819823,1.225914032401906,2935.041353905265,1643.3819489033904,3500.0,3437.5,1.231250314418049,0.3554792942301263,1758.230306685678,44.056013276106455,947.0620947749172,478.1279061743629,Source,Ball_Fault
0.9284014205531512,-0.1614178213560038,-0.0431672737421083,3.10914519349525,1.2301738466109855,3195.993412096765,2248.981375660776,3703.125,3437.5,1.1843308552951737,0.1879617106756757,1610.623859054123,61.35393296129042,883.1352135357614,448.0319162684724,Source,Ball_Fault
0.9823443676309016,-0.4160029376579133,0.0345056263491458,3.038814492539061,1.2330731246270197,3041.543193670166,1932.3933854137315,3578.125,3312.5,1.2514269270057814,-0.5916314895776988,1786.615269953926,62.1007300398496,988.1225418971894,491.18199721253785,Source,Ball_Fault
0.9924258699771252,-0.2967516384568709,0.0807205680458969,3.266334363380223,1.240282992484932,3102.7735280618585,2119.2262546418606,3625.0,3375.0,1.2586149748929834,-0.3363834556472134,1812.91029824047,67.69382286333094,1008.8144689300534,502.9913707233936,Source,Ball_Fault
1.0501478428994806,-0.3650671063460784,0.0755135652080422,3.0867984390309133,1.2267929365842654,2698.569885030695,1194.4601352090388,3437.5,3375.0,1.344223748574185,-0.2793842571659062,2038.7976907837285,74.28101093052516,1129.225613595598,568.1621958201833,Source,Ball_Fault
2.190711336130051,8.069150057732166,0.510977981918172,7.154467585760046,1.576018806007808,2702.599440665208,1472.817377508812,3375.0,3312.5,2.1810557932018964,8.82710344774799,8810.216897737988,436.6126363536018,4914.774883758856,2462.9762709339734,Source,Ball_Fault
2.1623446374742987,8.625068097183519,0.5425365332835179,7.248323404361033,1.6172977093185708,2614.313848487554,1240.6346077081798,3359.375,3312.5,2.099297922886571,8.727798919319547,8601.529329632933,399.89238505479904,4787.79257647361,2398.57136034631,Source,Ball_Fault
0.6767356131873444,0.6377092037331593,0.0165212500474853,3.915239567474344,1.2719707581682929,2441.600089171939,1400.3409806834022,3406.25,3312.5,0.8355056877634717,2.461041727651088,698.9221279123789,97.40030977011568,468.9350919654245,237.0557574250275,Source,Ball_Fault
0.6445730297040124,0.1341441034236368,0.1913518880697987,3.687533485331055,1.247814953553903,2616.687548198904,1670.1658230920823,3546.875,375.0,0.8039864384176557,0.8879911993494911,586.4935386288381,104.22126401763023,425.485194905043,210.26309642927092,Source,Ball_Fault
0.8354465484830357,1.2963722385838483,0.0571425905431272,4.0250131087828285,1.3208821034666642,2849.631886517879,1852.963725094468,3531.25,3312.5,0.9900217518618596,1.7623227810946505,1155.3196566947324,93.6438986928425,715.1672864305049,356.7530013983659,Source,Ball_Fault
0.9232489325720024,1.9267926206289188,0.0242346981119405,4.585193652809706,1.3338441962434222,2662.116984305705,1529.9996015455424,3375.0,3312.5,1.0847825290586333,3.378984425081131,1433.2726273998103,130.71395554942714,872.7806139927428,433.9720871006977,Source,Ball_Fault
0.8717202661900362,3.742536834209561,0.0040853389531744,4.862546545872403,1.3874078010070587,2724.825581608278,1729.754621200124,3421.875,3312.5,0.9863180141237142,6.583185204924,1285.0072147364317,63.75096689563871,778.0209469540837,389.5145153801031,Source,Ball_Fault
0.519863179112901,-0.2856127351454653,0.0250159852433017,2.8302533972834865,1.2434174024028095,2366.269090776369,1805.888729114563,3390.625,375.0,0.6613432970147206,-0.4740811381598693,314.48929275655223,65.79610116574754,276.73355168941407,139.79165847944793,Source,Ball_Fault
0.6265733828478534,2.499500904573905,0.032268457710675,5.065323432626165,1.3479579011420957,2797.033332116961,2337.988995290186,3562.5,3187.5,0.736446091126258,5.579559297832315,547.6501038551789,85.72105758850968,401.9605738570938,203.132089301762,Source,Ball_Fault
0.935376467505593,3.738724521464284,-0.1378504440565416,5.466909751161764,1.3828090361403154,2527.299893006675,1381.4104685852903,3437.5,3125.0,1.0635002292985667,6.718064729977389,1348.8627470875515,125.5311716575921,895.9250545754218,453.3179811369234,Source,Ball_Fault
0.7154999709672808,0.8845552329807087,-0.0784801243285512,3.666130924791065,1.2986102491224087,2437.8159176845334,1645.880282892761,3390.625,1375.0,0.8708626346133572,1.53006615477514,698.9024056368842,104.95725084517991,524.024772259535,257.2384796479355,Source,Ball_Fault
0.8560825525542388,1.5711452645040112,0.1863933507928075,5.0661351285822445,1.334685930680222,2531.77788010686,1599.4520103820837,3468.75,3250.0,1.0083630255165943,2.8508611526881245,1113.3753482529091,133.08237566275358,750.4205006526034,382.4866316905265,Source,Ball_Fault
0.8257434558432878,0.2371331091655455,0.0321868782428894,3.087322617934081,1.2686402059481183,2710.456737443684,1520.8100940341287,3828.125,3375.0,1.0057871012732014,0.4987676296776953,1145.1318900411052,62.75286219968877,698.1552991658846,355.59406885031325,Source,Ball_Fault
0.8704521312992586,1.1265813523936838,0.0417578637049523,3.884514260597823,1.2952241460936431,2671.734244807361,1343.4561313195254,3578.125,3250.0,1.0359232099539062,2.356927328944036,1291.0993473102826,65.59608276877293,775.8585193749681,399.4509693020271,Source,Ball_Fault
0.8226706183779091,1.526964349676314,0.0206320773174665,4.110130642403084,1.3072286163442437,2844.070178332961,1759.3811942915518,3953.125,3250.0,0.964953710481065,3.029259536041025,1143.2149686813757,51.54641896673024,693.0020660192621,347.8493177297348,Source,Ball_Fault
1.1119458472986758,0.7916626172315735,-0.1047150786907311,3.1501136656075235,1.3294908916025532,2973.115168960591,1594.7268189243302,4000.0,3375.0,1.314935055668145,0.0048701777499067,2323.6502457327542,75.80694943150851,1266.2519880021955,641.8902005286443,Source,Ball_Fault
0.918019070344589,0.9492201017901668,-0.1014466032237497,3.718339694243757,1.311836687822335,2992.446054055693,1753.366339862048,4265.625,3375.0,1.100875242383644,1.0315876902859458,1527.322301573859,76.07777313272811,862.7580374088041,444.22427984832734,Source,Ball_Fault
0.9940650618991276,1.846101113629188,-0.0704549786825341,4.723511779698023,1.3315297683872482,3176.4349365869293,2119.353820865098,4406.25,3375.0,1.1728569991130549,3.2006672934212013,1836.6283387537335,70.00931517966393,1011.0247245837696,505.74214447142697,Source,Ball_Fault
1.1177908407921076,-0.2312603134599138,-0.0898648428858232,3.0052171112910164,1.2334936134345706,3225.6902197783675,2325.350423830132,4390.625,3312.5,1.4284377028953057,0.2366445820626528,2172.615358587219,158.41464718214203,1281.3992103690966,630.9009596523432,Source,Ball_Fault
1.052432071188756,-0.1953094512540842,-0.058167995871796,3.191848912204361,1.2403365282679415,2976.488522072336,2021.260517371076,4125.0,3375.0,1.334269864942026,-0.0124785774029527,1915.8352858905507,131.28715158213933,1134.1941534284786,561.0713602848432,Source,Ball_Fault
0.9440996957554764,0.1637827350888807,-0.0485338825873803,3.4373965628373147,1.264744608335083,2810.5256734411937,1680.186720502544,3828.125,3312.5,1.1731422991940497,0.1815578646097266,1469.311911488976,130.61546869735335,912.699575393013,468.1649541677959,Source,Ball_Fault
0.9755847886041904,0.0855273797961624,0.1471207114297709,3.589842262281288,1.2462239032117213,2860.0289423020386,2114.602738908161,3937.5,3375.0,1.2282652529854086,1.0702220928014183,1389.5520238820147,203.9439459913566,974.4254496704914,487.50706062384177,Source,Ball_Fault
1.0638975208876775,0.3412150082836347,0.0582419727505094,3.2918541831434798,1.2701494965042937,2875.61296178375,1986.9096163150352,3703.125,3312.5,1.31258117982954,0.5773740955657947,1819.087808657513,167.24894501357352,1159.0941951107552,584.1364474928648,Source,Ball_Fault
1.0105153100429003,0.2439576578713094,0.0020016113617859,3.076380397850933,1.264180518844586,2673.663495781605,1493.160703723186,3578.125,3250.0,1.2536163039934969,0.5529317253685488,1634.207684716974,158.28368869817473,1045.5119786954294,525.3371420125667,Source,Ball_Fault
1.0510862750701762,0.4973092741799898,0.0446002997047948,3.5206648881457525,1.3277776053468315,2982.402832964778,1036.640488143117,3375.0,2812.5,1.2429293286365155,-0.3657654541991824,2228.243258553826,3.745741082741169,1131.3079171304585,569.9508674353572,Source,Ball_Fault
0.931445728056173,0.97496558623925,0.0799445580636776,3.7514468017455935,1.336286457897034,3325.8919881820984,2083.542955938136,3703.125,2562.5,1.09530943551532,0.5357175208645981,1743.2300000182472,4.97921180496654,889.3969517373471,441.0361525830937,Source,Ball_Fault
0.9281946341325528,0.3965085130560797,0.0580832078760511,3.7645866168807447,1.290099644108131,3106.9761211774658,1463.4231848223706,3515.625,2562.5,1.128878977975178,0.4241100961363777,1732.9499330727238,6.250763678512983,882.0127865965093,435.4338018295088,Source,Ball_Fault
0.9749353562966128,0.3223939878363482,0.0158419790836997,3.107986070491218,1.3181983166607356,3245.6683945612563,1565.7326202920249,3562.5,3187.5,1.161718867363566,-0.5943243764898813,1910.3238717495212,4.908843241029121,973.0568015660892,481.3553706647031,Source,Ball_Fault
1.004439223128223,0.366058234387868,0.0414337187700668,3.3189571694795696,1.3142877124299293,3259.341717878776,1697.45351123535,3562.5,2812.5,1.1996155747767931,-0.4148934092025573,2040.5315288401384,5.053148031084933,1033.5003317617343,512.0140947263732,Source,Ball_Fault
1.0972321582535831,0.6686640432461322,0.0679073499498285,3.851290335588133,1.311942694086286,3242.3184557257164,1740.9399079092536,3625.0,3187.5,1.3121844340389317,0.4712877176347243,2431.353248745455,8.691362319327665,1231.6181529715568,602.5865014464065,Source,Ball_Fault
0.9781905688354176,-0.0532417133169875,0.0383372242594574,2.996338080091853,1.2689124225798565,3090.8702473388826,1086.090319695264,3531.25,2875.0,1.210108666555144,-0.5939488639170469,1924.587911877892,6.526968930600152,979.7503201604516,493.0058071837056,Source,Ball_Fault
0.9000650256287646,0.1982302338946371,0.0287421529357473,3.256419889152732,1.2801059038964993,3083.4462811838785,1185.031023163781,3515.625,2812.5,1.1035125264940282,-0.2796776382391086,1634.5346648739712,5.399463901626246,829.671139527064,417.3837266074188,Source,Ball_Fault
0.8556933908471168,1.431648686452153,0.0330995787088127,4.389006783661923,1.32215885190183,3139.623100882194,1335.2236615573954,3515.625,2875.0,1.0154079698740537,2.4320916072266456,1475.703030191395,4.150740471438433,749.7688280524991,377.76514315146494,Source,Ball_Fault
1.0677917290942125,1.1387852166512866,0.044304913243004,4.375380957422738,1.3179166125999804,3033.5385294739585,1064.3077221245867,3453.125,2875.0,1.2740759584766783,1.9141474546509207,2304.5769140484595,6.683644906336484,1167.5720676937226,578.0577799596804,Source,Ball_Fault
0.921375350849405,0.1970156368938096,0.0206057162850618,3.211613697511687,1.2856492948037814,3054.6091134562,1067.7958354712946,3578.125,2875.0,1.1263140907188198,-0.1182247343959841,1712.954693643403,7.2407064661520835,869.2328261343571,432.28829151100376,Source,Ball_Fault
1.1589603722538389,0.5961079891941274,0.0628086593992673,3.442891683440811,1.3540991028277778,2973.5460158919577,848.3322418915524,3453.125,2875.0,1.34579515017462,-0.5470850985529805,2727.120172969601,6.87180599482088,1375.427172353338,684.5893222498751,Source,Ball_Fault
0.9666704087868688,2.838183540990115,0.2093527614937332,5.295706429278701,1.408290429725163,2781.0661698240083,1741.8838265395816,3734.375,3562.5,1.0839569183070514,3.1670218008393967,1530.1121468438364,123.45692828473638,957.0710858119584,474.5890546269027,Source,Inner_Race_Fault
0.9755815768322044,2.3322840090339048,0.1882651287183391,4.871788837982652,1.391911195066185,2775.7150870768105,1566.200600353275,3765.625,3562.5,1.108554756037985,2.4075223899819536,1566.755685050456,109.40719406157268,974.573909372165,502.8435787596274,Source,Inner_Race_Fault
0.9995687817583252,2.7761427923503854,0.1310821162487366,5.552684807681858,1.405955053864936,2714.6670844169444,1300.9069059428912,3734.375,3562.5,1.1233407650950271,3.010857540898732,1656.4759151637168,115.29671503624104,1023.1119291306323,529.876703945589,Source,Inner_Race_Fault
0.9850352705145864,3.003657415448372,0.1158458550708576,5.332679985048841,1.41979344326915,2855.543289123723,1710.3054592376147,3765.625,2750.0,1.0965373864225063,2.979297981435523,1588.2418974662785,126.58511461449436,993.4712961604744,484.036186960866,Source,Inner_Race_Fault
0.9715978162807174,2.683301734451692,0.1584652847587058,4.654909560683142,1.421177960879727,3022.611945899965,2034.0319759577048,3843.75,3562.5,1.0792975904202893,2.1501053985929506,1545.3798590188526,124.33746582078552,966.04357442307,487.54349440874375,Source,Inner_Race_Fault
1.0210142025740767,2.7163928410109417,0.1219375569405877,5.137179054641782,1.4290807432136097,2843.248905175622,1605.3854898500415,3796.875,3625.0,1.1290453381555925,2.0785611836994478,1727.588773708591,147.44867583835793,1067.869771176995,536.7713033589399,Source,Inner_Race_Fault
0.9907435790679504,2.206096506313858,-0.0242405822658736,4.443601718101185,1.381409706027519,2690.8482564738306,1469.3085788616377,3734.375,2875.0,1.1287349513234055,1.978996016866151,1638.4170177680537,121.86789522578444,1005.1493084796072,492.4835928281569,Source,Inner_Race_Fault
0.9738129340624372,2.764937518948013,0.023091628604979,4.596640871122632,1.4006661250704593,2658.813465189169,1447.0256612119874,3703.125,2875.0,1.0923983884307735,2.7204762962983478,1579.860272561441,117.81934717404884,971.0118814021512,476.7673261343866,Source,Inner_Race_Fault
0.9548185687749678,2.3045184121475204,0.017820012663288,4.688082615823338,1.3777416611721,2813.888087511408,1804.515593765393,3750.0,2875.0,1.0854910715690078,2.219696133405185,1486.195663889639,126.94186435804228,933.3312633222514,465.1108944362491,Source,Inner_Race_Fault
0.9692619109735724,2.222624955379316,0.0158802251166004,4.466616425104746,1.3695711298162674,2784.6196434417743,1571.112534049441,3750.0,3562.5,1.1112163351953552,2.373194344027538,1501.3574288764353,126.11606542563304,961.924067413658,485.23706944749415,Source,Inner_Race_Fault
0.9871283378094158,2.001118311286782,-0.0561885868271416,4.385773364981476,1.369135942216748,2813.4661242700904,1422.0978668817556,3734.375,3687.5,1.135831984278033,1.986335439475064,1612.5005391994175,125.04401872057504,997.572520470001,503.414884299376,Source,Inner_Race_Fault
1.0215469762836291,2.291525396446757,-0.0327513732820417,4.529427782686788,1.3933986887745058,2797.825708596635,1490.458822494566,3718.75,3562.5,1.1596741446251833,2.0589459954886697,1745.7501668783116,129.28287330403788,1068.6942530073898,529.3180274003091,Source,Inner_Race_Fault
0.8432439219023897,11.883755053896945,-0.4156561454912775,5.98845759229078,1.561712091557737,3732.7173331397503,2829.713181415445,5187.5,3250.0,0.8513019996148012,16.119105832307245,1260.887952144504,40.30801908192464,734.8123941852944,368.7157329172359,Source,Inner_Race_Fault
1.0702392905922355,27.46939512286033,-0.072025190512856,9.18135890218464,1.866430591983235,3042.4557085677084,1716.0657609883383,3796.875,2750.0,0.898767864179173,27.6698813096912,2055.901918721593,51.96485723069608,1172.8690144769694,555.9274572010652,Source,Inner_Race_Fault
1.0640273392231194,27.98912709044952,-0.0183681946437953,9.234961054028233,1.8779510260731869,2935.731607031596,1318.8312880788792,3781.25,2750.0,0.886775149912334,27.946939945693817,2044.9329618612,42.1142920053024,1159.369957615752,550.6298739895544,Source,Inner_Race_Fault
1.026115603463,21.87898772651297,0.167331944603064,7.966153415191656,1.751452831447635,3155.466006075684,1698.2733539584,3890.625,3500.0,0.9190921139582032,24.203346839371505,1938.990596962892,32.86506077707481,1078.4156586294707,516.3713198925758,Source,Inner_Race_Fault
1.0648400855554532,31.558101209527443,0.3191756255026424,9.593771765439165,1.8669926704592692,3113.495675802217,1640.4670214009338,3828.125,3500.0,0.8977988817231821,32.96493354945761,2100.0060192475403,31.67992135600625,1161.4229406110942,589.8007352444321,Source,Inner_Race_Fault
1.0866990950898288,29.03364449087325,0.3193577834817322,9.400792541071612,1.8417538509478464,2982.279364164024,1285.144580494352,3781.25,3500.0,0.9284585631445834,30.71234367021583,2180.6567674069343,43.03785412314839,1209.2584353406396,623.0029020252025,Source,Inner_Race_Fault
1.0175170579073844,14.217610207531129,-0.1532982900552199,7.139017331801804,1.6244364475256223,3043.3335881083112,1645.5385612579987,3796.875,3500.0,0.9823787066180452,17.27813167863114,1886.2427595389056,55.9248583873647,1060.1231552420732,532.6985439342095,Source,Inner_Race_Fault
0.8316941752377235,7.64919124307076,-0.0422535610827403,7.223385101218814,1.462659326774814,3707.46613423329,2754.4020190126803,4937.5,3500.0,0.8907660953498334,12.727738855848727,1227.1031160640214,53.48107259201793,703.1823650475145,366.2936832978242,Source,Inner_Race_Fault
1.1108491426318454,16.93276934286625,0.2138619656595501,7.643345776793324,1.710755054611537,3415.3506686909877,2299.866323566024,4031.25,3375.0,1.0174543332704895,18.235944397588074,2315.678866680949,57.69195342207641,1262.6780731866318,618.8055320601078,Source,Inner_Race_Fault
0.9232271709016816,15.202048381391345,-0.0585758607828022,7.949539236008706,1.5644042883721927,2967.195363391086,1717.272113823066,3718.75,3437.5,0.92566535714359,22.05516133160667,1463.4488412499832,77.9100066214098,872.8614743909521,432.7362531317799,Source,Inner_Race_Fault
0.9191444790049802,15.381140291118609,-0.0712135237538,7.984849810311996,1.5560902098470193,3034.2641334798,1830.9390970338304,3765.625,3500.0,0.9279497103601276,23.070968461548578,1468.8135819888862,72.82869600563376,864.8293550844782,432.2694640015717,Source,Inner_Race_Fault
0.9218283010070792,13.896601362543787,-0.1521754656981403,8.075153841872444,1.5449011780031154,2857.3491968785875,1392.2315691548156,3718.75,3437.5,0.942182006157402,21.56908874440189,1468.1258336705123,78.32799215342213,870.2001001775993,416.2532649654223,Source,Inner_Race_Fault
0.942715217221929,5.160117239512008,0.4719397335034831,5.382012907717577,1.5072450068450665,3217.782835528242,2357.4276389559677,3609.375,2875.0,0.9821635459182384,5.190452607571242,1678.8322880139003,65.53593597012664,910.4158186483857,446.74128501351504,Source,Inner_Race_Fault
0.9018911252293428,3.6525359391801633,0.3255675897104635,5.416510013289328,1.4506834983788837,2724.320293719777,1326.5425072595317,3343.75,2875.0,0.9769603914574504,3.810189115481715,1541.7364974573463,64.09837329037975,833.0832646384047,413.7949899154926,Source,Inner_Race_Fault
0.8590418984008497,2.1712958785452576,0.1842905843893774,4.861825605993639,1.4038620757543898,2870.5773713242324,1817.3331020753428,3390.625,2875.0,0.9620024579468608,1.875665550619221,1377.5239997550366,62.68837921199839,755.8904709668298,377.8454155534073,Source,Inner_Race_Fault
1.036199670151837,3.511900128583867,0.2204951279059665,5.374414702207096,1.4915451466900873,3053.207652049055,1948.0242528395615,3453.125,2812.5,1.090670686314576,2.7235494223997057,2078.488618463133,49.45166338640002,1099.6921862961149,555.8012742157657,Source,Inner_Race_Fault
0.9746162382211584,3.670299998212747,0.3338034628822892,5.67591661581606,1.4498332427588922,3498.1104710962068,2652.4583259921187,4234.375,2812.5,1.0551061795431735,3.939870859433216,1819.7313317418173,46.7146865454382,974.8055029526822,489.0335247180304,Source,Inner_Race_Fault
0.9404124507601048,4.285156178116046,0.3380760861672485,5.882355657980081,1.4674740658658734,2840.003726001871,1645.766360565106,3406.25,2875.0,1.0078960873983394,4.850000352137452,1683.0020445391065,52.30308308000277,905.2555243109548,452.3119598933232,Source,Inner_Race_Fault
1.0535391193755774,6.07924372434549,0.3262740188404202,6.289605459064404,1.554480337625357,2970.3522301187213,1925.2998794517496,3390.625,2812.5,1.0662150868380504,5.886758554684711,2149.314983877204,42.54587171002726,1136.5685339056104,568.0273533619037,Source,Inner_Race_Fault
1.0067138662500554,6.572442539162282,0.3643741834804156,6.582153697003547,1.5361167606336614,3028.640253116561,2087.2387196991094,3437.5,2812.5,1.030314870977546,7.325410498412207,1960.3293803401964,45.84148945758589,1037.972921158901,521.716008487349,Source,Inner_Race_Fault
0.8157794060047615,5.066664174979545,0.4103511159399363,6.153615967863511,1.4748609181704924,2757.657420003564,1509.9913806696145,3343.75,2812.5,0.8686936976406624,6.133067544918491,1275.9262531385891,25.696352812067097,681.5902116602134,341.294470021175,Source,Inner_Race_Fault
1.0262196752701205,4.240530129523063,0.2834191318163768,5.487398745453819,1.4688052371797458,2756.619496859335,1252.6588363829103,3328.125,2812.5,1.0989508037581857,4.630751430030984,2051.877907319828,30.08127269740729,1078.3478238683974,539.3974481996845,Source,Inner_Race_Fault
1.06332623765169,6.390079672593112,0.4501778340987827,6.535978723810663,1.501461641825512,2790.723207848773,1380.7081117779014,3343.75,2812.5,1.1136552784911782,8.013277504740785,2184.0274037443496,32.4615905448192,1157.711838896887,575.8504185921495,Source,Inner_Race_Fault
1.0711714998572988,5.929181384915845,0.4309787231044273,6.488109202575823,1.498826063981055,2846.7519713285296,1545.5697579486755,3375.0,2812.5,1.122343562943216,7.157170413494443,2213.3552148338235,37.32674218864646,1174.9685057699426,587.5290327884728,Source,Inner_Race_Fault
1.0002760471550496,0.4136189427112398,0.2161750481139775,3.91318076672181,1.2755914289533006,2483.0096016440903,1735.5945958872924,3203.125,2750.0,1.234804429912873,0.9483698057935211,1567.0942396823173,210.08195249097395,1024.994826886,511.85089286196967,Source,Inner_Race_Fault
1.001966467037341,0.4948591603292902,0.2643180081553993,3.90657883064043,1.2737099469742452,2688.8012162501914,2243.1730621265447,3390.625,2750.0,1.2343371528269858,1.215428004921904,1586.8419236095085,186.4989344790476,1027.4351919136866,512.1177447111825,Source,Inner_Race_Fault
1.0509649169268107,0.123547953565112,0.1929472020761533,3.6144476927328144,1.255437591231911,2461.0042816714413,1776.9667056327626,3156.25,2812.5,1.311829508297484,0.5173731696818029,1768.6976650918475,193.33419755958445,1131.2599406259974,564.4990030662962,Source,Inner_Race_Fault
1.024553736743231,-0.1755677828237014,0.1797832846904904,3.208217182026023,1.245942962943145,2489.274102847441,1866.701783104648,3281.25,625.0,1.2965528553135823,-0.0952609598379985,1523.6876909011105,293.766276628986,1074.334614371705,539.1177189937339,Source,Inner_Race_Fault
0.9658520826603276,0.2083189204705906,0.0806518790148573,3.2008550262915327,1.275348383055947,2430.784540781114,1883.9111286492955,3250.0,2750.0,1.1997498388276666,0.1066776987806434,1356.9628260947554,288.32191117473707,954.3638617357284,475.15908058826017,Source,Inner_Race_Fault
0.9739282374317584,0.2619712078832825,0.0723249138716222,3.4992501978211656,1.269658734284269,2351.8813017549464,1774.107055327048,3265.625,625.0,1.199210491460761,0.381574860999295,1274.93185077932,370.7556575238725,971.783356511836,484.99214774351566,Source,Inner_Race_Fault
1.104182946599631,0.5640821979071702,0.3927490609095903,4.031088836651574,1.2703821561193838,2337.7174629231554,1438.2598750280738,3140.625,625.0,1.3608314697382629,1.0999058637955788,1628.683720030498,380.6077804425052,1248.2304764040696,623.7332282608581,Source,Inner_Race_Fault
1.0952762203436857,0.3109821841966949,0.1687483018077596,4.063869430363528,1.2584849809904108,2352.5127407265786,1661.8756047202542,3109.375,625.0,1.367690845380836,0.7683589863591744,1485.8340202343688,497.8957998227573,1228.7969265769466,615.537137490865,Source,Inner_Race_Fault
1.0556332809098143,0.1334305030057643,0.0838571727845988,3.845315163184544,1.261031662330251,2191.3893393912567,1238.1285293835092,3062.5,625.0,1.3223078498290994,0.1818627938936488,1402.417586288062,454.0426364548708,1141.001777357134,570.6691238710604,Source,Inner_Race_Fault
0.9757683362981447,0.4038346143122377,0.1706837931200449,3.613818898569104,1.2774841862891209,2308.4434867958885,1869.3127773395047,3156.25,625.0,1.2146222213981726,0.4179836083303465,1033.8672258413062,474.1405307828903,974.268503385332,484.9580912636635,Source,Inner_Race_Fault
1.0276433203378204,-0.0211332442790861,0.0856761674698849,3.4469225100267167,1.256843757269282,2131.6627019506604,1393.7365493587806,3093.75,625.0,1.2916474548565948,-0.2528477765303973,1149.7667742409408,537.3992622906752,1081.3782496897757,541.3778719801793,Source,Inner_Race_Fault
1.0622143005437843,0.2672654300588988,0.1498084198594638,3.920669761462864,1.2713903458830471,2480.8188673197906,2151.919900736965,3343.75,625.0,1.314774417770852,0.2795477553729051,1288.0116722006132,495.7769368031735,1156.0716571894725,579.8536455021749,Source,Inner_Race_Fault
0.9595862788809264,3.569032462163369,0.1443537266742242,4.77803889919902,1.4107066970914606,3207.2520194388417,1609.8120701622406,3765.625,3375.0,1.0657024149123444,4.4134265528399,1817.4743603310144,16.150517460186414,943.0096327316306,468.97758311366186,Source,Outer_Race_Fault
0.9353548245321874,3.8971738775295215,0.0664442463997828,4.901819552728386,1.4374980117371132,3136.705321640632,1560.2196034223523,3765.625,3375.0,1.0210401980752233,4.477923153844546,1720.2936636932832,17.072792709482236,895.9607947048692,449.7134298359985,Source,Outer_Race_Fault
1.0844652209651509,3.437288238493561,-0.0863952765420689,4.817566832799562,1.4559995658147629,3121.635900598098,1354.1960797947002,3734.375,3375.0,1.1708420225450489,3.152797882389172,2317.9516582833107,17.70337051534282,1204.3325811773414,601.1713836794063,Source,Outer_Race_Fault
1.0905006085257725,2.8947124260679136,0.0076583929793016,3.940422835998049,1.4116499518049412,3014.3409563432883,1284.925220838271,3718.75,3375.0,1.2128004967996286,2.7342330708622846,2328.691134257214,33.09134696268801,1217.775282120242,635.4381397974904,Source,Outer_Race_Fault
1.0548791358338057,3.238328777270186,-0.0247049466244747,4.447115583246418,1.420079489382079,3019.138825681428,1307.2738558985066,3750.0,3375.0,1.165974318061708,3.449264722223515,2174.1643376953134,31.885291808229866,1139.5581290836735,582.1295747391687,Source,Outer_Race_Fault
1.0716834417423604,2.883484476426223,-0.0806843624118617,4.377383526408743,1.4034526398825946,3099.366993586226,1491.0043972041233,3750.0,3375.0,1.1992343367084923,3.208940381810656,2240.477920915355,35.392938929875655,1176.0486247899155,597.0495708782737,Source,Outer_Race_Fault
0.8947883250002553,2.9612021677394877,-0.1245462166268029,4.120646397453816,1.443303657397338,3075.8557753943014,1587.8215859733425,3750.0,3312.5,0.9770769788015224,2.5063022281767173,1533.9942972122367,29.268133607721005,819.8707535656342,408.24877094275166,Source,Outer_Race_Fault
1.234665398194248,6.361336370921643,-0.0020141372554689,5.630882516034251,1.563738903207434,3185.831918946621,1645.491467312088,3687.5,3312.5,1.2432392961647352,6.115424315619583,3006.216265808816,28.61937294989289,1561.41440407652,763.4164412504242,Source,Outer_Race_Fault
1.2127930391748258,7.055897343431003,0.0198790147510715,5.73243379478391,1.5893002737407895,3005.612313710775,1120.925069620317,3640.625,3437.5,1.1991526299042563,6.5192631207229805,2897.47402937895,26.874208981531662,1506.164459010729,736.7785288874132,Source,Outer_Race_Fault
1.0554506520688016,4.891310763199678,0.0049885469599238,4.647388788033207,1.519276817626083,3013.2788238405155,1129.090227403066,3703.125,3312.5,1.0915678851712811,4.243223492793621,2164.670305607337,31.0717695737324,1140.6990236670715,539.1807364977346,Source,Outer_Race_Fault
0.9970930365404728,5.13438329984556,0.0067686942880481,4.919390013760049,1.5150262083908794,3321.7460074594555,1955.2034983560293,3875.0,3437.5,1.0343510481157518,4.764982549792445,1917.843597493316,30.162082422431727,1016.9515347431056,476.30811886880633,Source,Outer_Race_Fault
1.0097804621475643,3.657801630508589,0.0313351491076295,4.429908257913032,1.4683590631151977,3216.806487984395,1847.0405994461687,3812.5,3437.5,1.0817419843770806,3.088152256808532,1962.335379294032,33.09429848593202,1043.5085752092966,539.4837765025052,Source,Outer_Race_Fault
1.0097581343132582,1.4416018318387795,0.0714564269471989,3.7133634602438206,1.3419299447868809,2993.475009968972,1888.216880970452,3265.625,2625.0,1.1824807055204962,1.327953715853261,2062.12059245387,4.708117741007692,1043.502943743149,511.88190200422105,Source,Outer_Race_Fault
1.020025636234315,1.3933957454351322,0.0641688087390979,3.675985020813228,1.3338364176920772,3005.137162378609,1858.6701953942256,3265.625,2625.0,1.2021729880816294,1.351425739875494,2103.972007867529,5.197818303851136,1065.3280519231453,522.3010026896463,Source,Outer_Race_Fault
0.9316097391957572,0.6802904139537462,0.0332341792051484,3.657187753046075,1.2962907452296175,3469.0827741138105,2648.629689174037,4343.75,2625.0,1.1293544966565807,0.8065210133223668,1749.841275586778,5.288160762984957,888.589211868865,442.9039061961356,Source,Outer_Race_Fault
1.0096717675274256,1.0611263420470118,0.0998352541937434,3.580411450666996,1.3052387643860193,2798.541540723634,1357.7986967726154,3250.0,2750.0,1.2152566411595749,1.241211920557002,2064.8309567657616,5.027330494571888,1044.0868700286046,529.7085350655814,Source,Outer_Race_Fault
0.9646779945549804,1.2992295761203003,0.0706155981480724,3.8603620242675154,1.3061746915548096,2785.26285048099,1369.876846876739,3078.125,2687.5,1.1597766933176443,2.20458742433894,1881.6165251355344,4.943677948968826,953.016382395684,475.0735243036234,Source,Outer_Race_Fault
1.0390701321315967,1.1457970174468652,0.0578186445150058,3.583979734059906,1.3411039084068763,2894.18331620873,1571.976767827023,3234.375,2687.5,1.2157948530226612,0.5731320975622243,2185.50419863121,4.563261510936117,1105.551748916043,556.8782769272963,Source,Outer_Race_Fault
1.06496246902141,1.058676431393394,0.0864225678898969,3.4930604206152718,1.324366121139796,2931.3037471622365,1393.8425822714985,3312.5,2562.5,1.2638102090617025,0.5023194963293696,2298.4120102632573,4.440148482665183,1161.080335716964,581.2641463188627,Source,Outer_Race_Fault
0.9300103292511868,0.4389375934303201,0.0367822535825029,3.544381194896593,1.2624845991204432,3347.5667431855813,2429.2863561614377,3609.375,2625.0,1.1575576184658174,1.0492189432068877,1749.662807519049,4.38942389804305,883.8098408149469,440.95099749867546,Source,Outer_Race_Fault
1.0394013199589105,0.8541990100376942,0.0694935471222749,3.8006680311544345,1.2920095124035638,2866.229261774814,1543.885528649469,3125.0,2687.5,1.263974274121818,1.3762588416605848,2188.571025763411,4.685132001355942,1106.0276008085325,562.71976352604,Source,Outer_Race_Fault
1.0300802350613647,1.0257418036859862,0.105135717973385,3.5606629406835943,1.3224370997387762,2680.6268279516644,939.4665316584116,3062.5,2625.0,1.223913290541959,0.6904575030398377,2142.041216657994,5.965952886994799,1086.512537664906,545.0207060147661,Source,Outer_Race_Fault
0.9474458516762678,0.1826243841839803,0.0493975495577953,3.3135800761506147,1.26954010913237,2735.6479736342435,1307.6428215425103,3031.25,2625.0,1.1719987297009604,-0.0489415334948755,1810.6686674735888,5.4536845346355936,919.316604129345,462.7597953820773,Source,Outer_Race_Fault
1.0517362922347728,1.115069456410791,0.077493558781324,3.933946415868808,1.320728949096191,2659.223219372517,878.7422485086926,3046.875,2625.0,1.2502959225959154,1.1952660414053335,2236.502313454246,5.657318557813079,1132.7255715393771,571.5047414964852,Source,Outer_Race_Fault
1.0429344476991993,4.717646839187984,0.0921325834627198,4.779669729859833,1.6456319887759214,3463.146144330412,2001.7446802907343,3968.75,3437.5,0.9946965248832856,2.2954186960125997,2157.4658100738907,8.291127653949108,1114.461077969027,556.9926832738047,Source,Outer_Race_Fault
1.0174335756250577,4.411064276381682,0.0441706763377807,4.899466981747183,1.618848383220375,3163.371319911811,1014.5056581773756,3687.5,3437.5,0.9855716597970452,2.1093789941268373,2047.4406387800216,9.380616397829376,1060.0063311847666,503.3262423386552,Source,Outer_Race_Fault
1.0076581870229495,4.762765442785204,0.0534405462211581,4.906287604451147,1.6541045164600745,3294.888520023777,1447.4260226562849,3859.375,3437.5,0.9577661582061612,2.3119000344727247,2004.175838343968,9.997475517530752,1039.448523363025,487.2504045930323,Source,Outer_Race_Fault
0.979733196592442,4.307569947700112,0.053221164666007,4.97537453684339,1.5772115175404935,3265.0873671696786,1149.0277085572015,3828.125,3437.5,0.9754499068236476,2.418359810262907,1896.717636280072,14.831365281880936,982.8852091620176,485.4826357557136,Source,Outer_Race_Fault
0.9373881522833102,4.630846992670205,0.0743148845657091,5.200129303269629,1.5872272198734878,3933.8517087251735,2511.4548561458123,5171.875,3375.0,0.9269980372055852,2.7708007683500497,1740.6275814976802,14.70768403486684,901.863352618288,489.2094754583525,Source,Outer_Race_Fault
0.9945246069720148,4.763036515727576,0.1066404866758592,4.846077598082991,1.6079156556912564,3180.4041277216893,1062.2114177927058,3812.5,3312.5,0.9719645466043322,2.661586668646808,1955.367706728412,12.798605527782891,1012.8164647786645,551.7075219080708,Source,Outer_Race_Fault
1.0023564644326997,5.25523378537086,-0.0490089324759627,4.813141356180623,1.6464942893948509,3710.122819494645,2271.1621825654097,4265.625,3375.0,0.958516992906545,2.95740099347006,1989.6588381825063,13.604377841180854,1026.387197114045,513.3987975618463,Source,Outer_Race_Fault
0.9877482127896192,4.64551416656042,-0.0300792551862852,4.884325063945811,1.6269615709325576,3388.411056568368,1598.2983453621446,3875.0,3375.0,0.956040738157106,2.430165635317877,1926.7586875839704,15.127106418966878,998.9059815080028,487.0604911422782,Source,Outer_Race_Fault
0.9916577143193168,4.283184969974948,0.0109138818335306,4.985701389515555,1.621017250621604,3919.897478626938,2495.6459428575376,5171.875,3375.0,0.9614764319991662,1.947107037208415,1944.732340535682,15.86767248668577,1009.4384527586774,483.1381550256531,Source,Outer_Race_Fault
0.9785829453698388,5.522190978187501,0.0524709853610831,4.978685275120967,1.6391147287684065,3236.583784137441,1551.6043195431048,3843.75,3312.5,0.9368342853199648,3.3488686887824723,1884.4568040032916,14.666523520592294,980.5314606792218,493.7850037858446,Source,Outer_Race_Fault
1.0365887161100844,4.730481404244386,0.0134135026363236,4.674053580193816,1.6397865678127286,3252.8618155862155,1347.0669467147054,3781.25,3312.5,0.9915479344157369,2.2866186735529483,2119.280262276908,13.797529962744054,1100.4481820768058,537.2176039796999,Source,Outer_Race_Fault
1.0137743274751032,4.502985125033344,-0.0677805595580491,4.779240377678471,1.6339862931678264,3276.2078178355728,1419.4032565956406,3781.25,3312.5,0.9741830774422108,2.121195325094908,2021.7005890896187,14.813797548563915,1052.1785167361488,522.7634867109308,Source,Outer_Race_Fault
1.0316304548186492,-0.0876839073201183,0.0814829712119663,3.3672675067955926,1.248636515167611,3202.8315552399285,2066.6771832116983,4421.875,3437.5,1.2961897579615025,-0.1308099258919828,1789.4143324165657,149.25143128135574,1090.1030876833877,539.4911372951753,Source,Outer_Race_Fault
0.9443063732065944,-0.3432123353969509,0.0906206080495143,3.300464134772949,1.2317061414847894,3235.673652772246,2285.1248635833717,4671.875,3437.5,1.204100161890379,-0.262331220565029,1451.828238397611,152.38943242597443,914.5231850021391,458.8308180928218,Source,Outer_Race_Fault
1.1045257918563776,-0.0337710811239682,-0.0501450323489846,2.846914686834822,1.2557104151422045,2933.0823584534005,1681.8206782456691,4140.625,3437.5,1.388668757809799,0.0471763231739856,2108.244578750194,178.90588082658508,1249.2848271982775,612.946412351182,Source,Outer_Race_Fault
1.0608177507732257,-0.0548369772646806,0.0472113430268753,3.6347313671197137,1.2382066648866945,3335.076482316118,2102.7628304379664,4953.125,3375.0,1.3422807244617925,0.5375502889085877,2058.253684756648,91.7927452389538,1152.6540464068516,570.4443309207077,Source,Outer_Race_Fault
1.042743436258154,0.0317824026696702,0.0703395408041729,3.2416692592175558,1.2524800315365203,3375.975666263229,2153.674729663172,4968.75,3375.0,1.307200438319014,0.2235644431897294,1968.5376919069931,97.77632699226092,1114.0310950643525,554.0880670248748,Source,Outer_Race_Fault
0.956743599705206,-0.0912481574182337,0.0616428633616769,3.419024945491654,1.249967436862221,3175.513542579573,1868.547162320816,4578.125,3375.0,1.2003973480596837,0.0040349645941213,1592.9123758250987,104.23132537831158,937.3197305435732,489.2168939520716,Source,Outer_Race_Fault
1.0607116878983718,-0.1791962828080202,0.0855976986775925,3.206301846142946,1.2442877571437825,2988.732381314043,1464.4580090396855,4093.75,3437.5,1.3420660839973126,-0.244299413379625,1993.8438451372267,151.91125167826974,1152.106100017697,553.9452150919523,Source,Outer_Race_Fault
1.1097214319410602,-0.1143821303051231,0.0614167606585589,3.5859592084029406,1.247111561047037,3100.623464853494,1860.559100950013,4140.625,3500.0,1.3939887130359525,-0.2352952436993183,2164.429261451025,160.75582700930093,1260.9856259029923,618.1124602534276,Source,Outer_Race_Fault
1.0066231202560196,0.2307818167689306,-0.0096954761631534,3.9532330497426256,1.264949635156497,3278.721992513595,2201.407512269709,4640.625,3437.5,1.2508403981774752,0.5274723150392342,1723.8395179872596,139.1115746322624,1036.7704244225708,490.2685015511465,Source,Outer_Race_Fault
0.9614546222275212,-0.1478901027240557,-0.0309853959583973,3.3564093579568954,1.2479121307687848,3175.0170131614195,2270.516722082233,4484.375,3562.5,1.2155148809472514,-0.0223615820850175,1424.9929798148537,201.66727207431595,946.6504478177944,457.5625881059162,Source,Outer_Race_Fault
0.942933643404038,-0.2607737243026267,-0.0041053364073746,2.9886554639127616,1.2398639355409766,2944.1438498342304,1768.6730752097942,4062.5,3437.5,1.1996071871232012,-0.3427716817951101,1405.4943655761676,174.32101678175488,910.4466845868848,442.0566166363844,Source,Outer_Race_Fault
0.9365250252964514,-0.1122238929646401,-0.0451966033526192,3.480365626624495,1.241509552701231,3031.0364446111143,1900.106794316709,4203.125,3437.5,1.1799898500072,0.0505429437320934,1401.7208994695095,163.3230337731519,898.4008442635577,446.2280996065798,Source,Outer_Race_Fault
1.0083472774373363,35.66769139505327,-0.2845343597531384,10.247492946453814,2.46821027258619,2807.247293038622,1213.3728970208056,3562.5,3500.0,0.6364661502599296,25.921432926740994,1900.5979289210677,49.46229930754072,1041.1586978218056,520.0597693774531,Source,Outer_Race_Fault
1.079981790317037,27.050058162807584,-0.2146051926436069,9.567783184642094,2.245239387081471,2954.257279685268,1533.588543350481,3578.125,3437.5,0.7521533165472777,20.37899406971456,2194.0947553333226,50.30075099586301,1194.402192175988,598.7883717169325,Source,Outer_Race_Fault
0.6774213445730759,13.610748809476434,-0.2060705401216587,7.444014600704081,1.856164592605886,2778.667320378919,1271.1958241183993,3578.125,3312.5,0.5703004675594505,10.524085710346892,854.6418553978622,27.40950496394142,469.9188916108613,234.4326321147548,Source,Outer_Race_Fault
1.1980799143376957,20.48480444374532,-0.4669698999628493,7.82954799787961,2.1887808883941213,2915.580461435803,1542.994655200442,3578.125,3437.5,0.8578478424763922,14.506785538715944,2695.379159321726,78.98546090152446,1469.849261890905,728.1191983991638,Source,Outer_Race_Fault
1.1193545830901468,26.019638068856324,-0.5252198975834529,8.380207966546584,2.198046224734045,2766.9376951030627,1158.292358347588,3562.5,3437.5,0.7958104177220301,19.58517381902692,2333.957137998252,76.30694879267179,1283.0299264787243,634.8709889046106,Source,Outer_Race_Fault
1.1135015453299577,30.47326736683435,-0.2801104026128611,9.487566480249011,2.2435256013916467,2914.046810159355,1564.5532028543244,3593.75,3500.0,0.7791388020332602,23.6978114667762,2293.001145925829,77.6140759568482,1269.6236885209928,646.9845086809892,Source,Outer_Race_Fault
1.1446382077096684,27.32323912702793,-0.7859253229360824,8.57057650034883,2.405258466926713,3768.780606652189,2729.5479236267097,4968.75,3500.0,0.7542383903608852,19.13254305891365,2498.3856407693693,75.48850491697593,1332.5874432907735,638.1711446983815,Source,Outer_Race_Fault
1.1306996350308285,29.35394597653861,-0.5033764650754663,8.676229318965342,2.37290273347762,2870.8005742891487,1386.9489641429177,3562.5,3437.5,0.7457996008715129,21.114327698891262,2409.326455862966,73.58782795908422,1309.246900715602,658.4522208491617,Source,Outer_Race_Fault
0.7667429516125414,33.23358707663556,0.5695966517849869,10.239255055577802,2.074853498176689,4070.944945494632,3127.6346249377425,6250.0,2812.5,0.5780742003656928,27.85494578849748,1068.5813146575413,43.39981110347404,611.0251601827031,341.2886419423045,Source,Outer_Race_Fault
1.2943085695371923,27.2983467203948,-0.4741698709479671,9.345934471089446,2.24481643718423,2746.014805570745,1137.1674996957202,3562.5,3437.5,0.9009930158661252,20.475280178546523,3072.5132310814656,104.47258807504386,1715.4287695835487,834.6017145724925,Source,Outer_Race_Fault
1.2551705345548467,31.074434343626493,-0.5086710942665115,9.63735424250874,2.374861476165753,2793.5642297081645,1309.843432087024,3562.5,3437.5,0.825857634414017,22.651535683034265,2911.4420661596905,84.3949958459331,1613.221895013785,782.9732668850758,Source,Outer_Race_Fault
0.966839888921908,28.47926406767648,-0.6774048282995014,9.37708023927249,2.148235397925274,2743.1698446160235,1334.1613084836963,3562.5,3500.0,0.7090018420739388,22.989948300422466,1682.3843166836448,80.13829945545547,957.2408959924944,495.1036045317418,Source,Outer_Race_Fault
0.9936670355250596,2.403724490387029,0.1935993854973269,5.087790218157265,1.4018830621814096,2319.889248288377,1844.723762218676,3453.125,500.0,1.1223357526921256,2.165547413775913,1063.128410186395,426.2319280679657,1011.0461149349376,515.6836158207952,Source,Outer_Race_Fault
0.9813996164981148,4.400362304770543,0.2033158693338577,5.920966310210794,1.4414436226844392,2271.4224070060573,1864.436160288847,3359.375,500.0,1.0657958182173624,5.344323124847161,1046.1269802092056,542.7989452526116,985.8741145753504,499.81480001129216,Source,Outer_Race_Fault
1.000438627116112,3.76389104461209,0.0864498506949469,5.808286394228479,1.416939574463623,2282.573005339815,1811.260503998048,3375.0,500.0,1.1108913408558072,5.0970819077685565,1045.4732564765757,585.2668757348471,1024.957920962404,506.1726905678746,Source,Outer_Race_Fault
1.0132473196913274,3.1692636303612485,-0.0583991869242328,4.781042168299571,1.4244103733418718,2285.350347326502,1435.468706845838,3421.875,625.0,1.124930154457773,4.271970506067681,1230.241753427067,513.1606955738744,1051.2267225191931,526.9811518670952,Source,Outer_Race_Fault
1.0831847987183645,2.9496438351732435,-0.0456567988574075,4.563868572560213,1.437436772875103,2460.04345984702,1999.179480915616,3531.25,625.0,1.1875527732022362,2.979195874428476,1313.161103418679,595.3177213424049,1201.4427723175074,598.1609549568302,Source,Outer_Race_Fault
1.0392562088863162,2.351082752707997,0.1220483803705969,4.756779915169574,1.3773310110797778,2356.767182494483,1836.6020426765845,3500.0,500.0,1.1873493215281252,3.663282883798812,1151.3102768622823,554.5065300631609,1106.2718130495994,551.8423021374495,Source,Outer_Race_Fault
0.9814930528183432,2.524754485663648,0.0515829988855429,4.417855383665047,1.3678416954754666,2683.7058357991864,2283.705143685912,3593.75,625.0,1.1264097137345328,4.242662799727532,1143.7135434569286,494.7264138369809,985.5295736292042,484.9962742780014,Source,Outer_Race_Fault
0.9359764996254382,3.449681141531224,0.1073994774577991,4.632695766569556,1.4028276815414036,2707.6305090987958,2426.580503488911,3593.75,625.0,1.0500205320148006,5.226177085701499,1058.0337853077335,424.1648229271394,897.9886383814526,444.3370283809819,Source,Outer_Race_Fault
1.027965619910398,4.8130004191839495,0.0973717502885425,6.4600564913751,1.451828121091052,2416.675685541065,1620.0285509135017,3531.25,500.0,1.1097806680188982,6.677338992078912,1317.0657933227951,325.8520706530379,1082.482355394124,534.7277646368602,Source,Outer_Race_Fault
1.0159857321283257,3.758139870958865,0.3889466570467934,5.784796369115441,1.3967204478856494,2182.220884275689,1597.9506264693198,3328.125,625.0,1.1471854295310793,6.2883834598665125,1079.9061591720815,622.595267081328,1057.4098627658282,529.399269855716,Source,Outer_Race_Fault
1.0822590353567934,2.95590980549588,0.3552410326629247,5.430558103265402,1.3952203609911236,2227.411149483401,1510.0997315282982,3437.5,625.0,1.221988068091017,4.143578166590407,1265.438693046464,654.2090724477962,1199.3241979557502,598.5729068214871,Source,Outer_Race_Fault
1.009889466749588,2.1874700706394377,0.044242485960523,4.127950143854631,1.3749368236020203,2227.406971803095,1452.6468667952208,3421.875,625.0,1.1539224704779725,2.611445100885504,1172.5993701360967,510.0826770388394,1044.5086134785556,516.3125342351698,Source,Outer_Race_Fault
1.2870731220983795,16.1107674947958,0.3420162417761449,7.925748248743209,2.0431116424499014,2839.48604248077,1124.7112109380562,3625.0,3437.5,0.9898708299917248,11.662101178216808,3073.584005772459,97.81891365822668,1696.3282440453863,826.0655539935005,Source,Outer_Race_Fault
1.129214264730358,18.113376741060303,0.5973399078270166,9.033730676358006,1.9655981056062737,2855.4234912626835,1282.626268962414,3609.375,3437.5,0.904692802330647,14.811140469876882,2339.986497822836,79.82544835247379,1305.729564164677,642.8436887369666,Source,Outer_Race_Fault
0.9192524399236518,14.341652740538532,-0.303877586293345,6.544441476392634,1.9345537628609315,2719.3479199243043,1241.2032455938793,3609.375,2812.5,0.7502066382233092,11.266688161371563,1468.629354963316,98.46038305940392,865.2951407499144,436.5591859039503,Source,Outer_Race_Fault
0.8664223664087786,13.066417067847452,-0.2277973853438937,6.912027082312132,1.88372128171042,2880.89112363728,1197.4838756856334,3640.625,3500.0,0.721025583451206,10.12649093656523,1396.8738744019786,51.266144271912175,768.693131899233,400.2974603055917,Source,Outer_Race_Fault
1.138463032075427,13.42640823707977,0.2258927378765078,7.78087825648626,1.914223696774996,2909.047902946818,1309.872939628476,3640.625,3500.0,0.9343494500139586,10.261981398190017,2408.290361559123,71.15745920916817,1327.129026131303,685.3553564356791,Source,Outer_Race_Fault
1.0537699037683568,14.92537897283576,0.40113854862829,8.406239559899557,1.8693702506361285,2870.370575806844,1170.252146086326,3625.0,3437.5,0.886570307409282,12.812146503462376,2082.946900345368,58.6466759483576,1137.0606117291547,569.1671330359715,Source,Outer_Race_Fault
1.0004018628892122,16.942037506525768,-0.2036406829853521,7.4085822622048765,2.012159208178692,2866.8343902802085,1180.780608629074,3640.625,3375.0,0.778759403138517,13.004458684532004,1888.2594715275825,49.606042289212006,1024.830622407053,523.440717640367,Source,Outer_Race_Fault
1.1412145375218463,26.046637913757056,0.1372827778606693,8.49255354398042,2.319576133924496,2971.92757353382,1218.7330221333252,3656.25,3500.0,0.7737075308541371,19.06470101701045,2484.002701236659,71.26326445222553,1333.626965043538,627.3266973007098,Source,Outer_Race_Fault
1.256445486450421,19.12583849956292,0.1724511342797682,7.71368568679686,2.1867804522692125,2983.46422434194,1265.4490991682544,3656.25,3500.0,0.9058700698177564,13.66667824606197,3031.065108530858,79.66249426383827,1616.4897628699796,762.9480553667654,Source,Outer_Race_Fault
0.837987838929925,23.5991005034823,-0.4160390476502013,8.084081977385734,2.076790836768468,2961.5750983633206,1516.7883135617449,3703.125,3500.0,0.63295666119481,19.127080189906646,1290.3097453423434,46.052716187052965,719.0777844008875,375.64010867773135,Source,Outer_Race_Fault
0.9619445622296084,28.07292849080025,0.5592831037230955,10.079618974340596,2.205970511773541,3309.70926519682,2180.431108005436,3718.75,3375.0,0.6845868919285134,21.88274139219668,1758.9488910707917,44.55483724207265,946.6429733933536,471.3542498892233,Source,Outer_Race_Fault
1.055445594372099,20.399168661213693,0.420623822166185,9.186674058250857,2.091803673749693,2955.9863074033888,1463.1247763623069,3593.75,3375.0,0.7921186092580373,15.559818347918768,2114.9233605045747,50.24926781318655,1140.628918483599,570.8231284559196,Source,Outer_Race_Fault
1.00334127427157,-0.0292839122351979,-0.0437834233738458,3.207772706567385,1.2529330429081718,3044.549245539985,1996.547678408278,3593.75,2875.0,1.2574828658795258,0.0197253822000655,1905.033636050022,43.62173396991778,1030.643848878847,517.3019922096291,Source,Ball_Fault
0.9505923132749896,0.183805295114817,-0.0888477079781241,3.3857740169310944,1.2578258190777485,2952.21823363427,1822.4758581738072,3562.5,2875.0,1.1864396595355593,0.6121140643190404,1683.483439616452,51.00413290667933,925.9601072343532,466.1442766810371,Source,Ball_Fault
0.8893350723107443,-0.0270948923674372,-0.0029800830249398,4.032944723436388,1.2428276279650052,3009.4450916662263,2020.3994119584936,3625.0,2812.5,1.1212061814747107,0.4611226045733056,1437.3192819231897,47.14477055681899,809.0509678058197,401.9332299858279,Source,Ball_Fault
0.9573746535008916,0.2246654419657945,0.0428499128468044,3.5539186937516765,1.2690744053085026,3271.592951604925,2389.460811057004,4093.75,2875.0,1.18344111722304,0.4322651948076506,1702.3684399039753,62.76080581010782,937.9840364956156,469.297795559476,Source,Ball_Fault
0.9744375526743182,0.3714664025250465,-0.0008572268809271,3.491687762507683,1.276482313683015,2990.9623184794277,1999.90266785989,3515.625,2875.0,1.198014262045676,0.8290970642966657,1790.069305870349,50.24650410358781,972.2391560032346,481.2117999992872,Source,Ball_Fault
0.9627347107219788,0.0852733077784777,-0.1140561000551395,3.004435320332001,1.2596241910578505,3199.456239105529,2341.6261226590505,3750.0,2812.5,1.2015021209962198,0.656264223082236,1709.6841659609447,53.7774803078637,949.2213132475792,469.6228118811369,Source,Ball_Fault
1.0274920915168086,0.1917453920191922,0.1449315541368245,3.296655289430024,1.2716546831077264,2924.5474580748905,1791.6500476269343,3500.0,2875.0,1.2690572236029036,0.1498295926704114,1957.2609421128416,74.72270860329306,1081.4420749920575,545.0003459427866,Source,Ball_Fault
1.1116442607585355,0.0019952977841408,0.0995325622619481,3.669934289704442,1.2462706769640022,2896.9465265576164,1766.7488966263943,3453.125,2875.0,1.4009413647218123,0.4663581013845341,2306.068973874898,86.32315425852755,1265.25292331662,640.057080339727,Source,Ball_Fault
1.0151979604501145,0.0801128617813455,0.1036236251259041,4.018587063258156,1.2460539380759068,2918.2968518166917,1879.274510134112,3500.0,2875.0,1.2798564318171404,1.223021290082663,1899.704588019899,69.0419797531619,1054.9073603852614,528.6428475680053,Source,Ball_Fault
1.0450960625597523,0.0567629399780527,0.0656730194219978,3.2336811031315604,1.2648991922216113,3072.1901648129983,2263.1568544314264,3578.125,2812.5,1.2993482486228871,0.0357773078267693,1958.7334210169288,84.52632228589877,1118.2834107010658,559.1034916865549,Source,Ball_Fault
1.0419907844319836,-0.131120171509679,0.102605835724074,3.243317924638776,1.253014659320401,2806.5434467955465,1788.8886965090478,3437.5,2875.0,1.3053129632777396,-0.3026077086775416,1907.9096052967643,110.81616772606984,1111.645229039064,556.5633408506303,Source,Ball_Fault
1.0175220928896676,0.1659503993484126,0.0529909903676555,3.7022288283703455,1.2680469624525506,2759.2847251991707,1752.9756829374114,3437.5,2875.0,1.2591525247161628,0.3980714849578723,1797.2696391572315,112.68846846384162,1060.6790238833437,529.0979051129627,Source,Ball_Fault
0.7852100307058291,0.8308042057478668,-0.0691896691746064,3.9075449767082575,1.2939525270318648,2763.7988802952937,2380.9069383664496,3562.5,3000.0,0.950731739262738,1.088316987986114,927.3045699844732,115.59956324905843,630.7078450868415,312.3133501603679,Source,Ball_Fault
0.8073777819181616,1.0256617556592973,-0.0359564844685697,3.8002575496392663,1.3031340542265624,2865.632485625809,2438.516246031647,3734.375,2625.0,0.9746839797972424,1.3114082715468562,1015.3852082566666,114.8614963852497,667.5633563423357,332.67937470997555,Source,Ball_Fault
0.6811020908891192,0.9968687163292698,-0.0303408525283949,4.011202209828907,1.2911362021553414,2792.276498648851,2506.07958128946,3843.75,2750.0,0.8249312916698581,2.116558192655983,642.7662322754147,105.84240251128878,475.5496083469317,237.31938594415143,Source,Ball_Fault
1.240640179706835,5.204500823110411,-0.1982520287635975,5.323602433743637,1.410982362554438,3020.0366404148804,2187.165037178917,3562.5,2750.0,1.3799652003095906,9.219153599669507,2806.8423386792538,103.09027775035398,1574.8043909805533,790.9528659414085,Source,Ball_Fault
1.1930912246354737,6.3633835459332015,-0.3844697055975867,5.535767042545621,1.4354062601213795,2990.2702586084733,2131.793057117226,3562.5,2750.0,1.3018034586481997,10.455747285448007,2528.649526882072,120.74237544256174,1458.289344947881,729.6746119496083,Source,Ball_Fault
0.9271080667232782,2.103287136833563,0.1343304828412813,4.216350746722507,1.3110465796957247,3059.1751110905843,2701.6886513619243,4078.125,375.0,1.1018871911598749,4.545425045005151,1298.5698389307954,205.17989008881787,881.8299684678407,440.84799811148446,Source,Ball_Fault
1.7332905624915584,10.25125101719409,0.2182680134659132,7.177293400833542,1.6168683948471718,2947.5852750817926,2017.874755619333,3343.75,2750.0,1.6846171422238243,11.179991345260222,5741.708408182776,136.84638249496524,3076.986798843425,1551.7733197832324,Source,Ball_Fault
1.852778492267023,7.728005056220169,0.1154027551621323,6.714421053471953,1.522490852393085,2892.7717756364805,1811.7087690055523,3343.75,2812.5,1.9111921844598028,9.718220912599966,6594.420082927445,130.05905785074174,3515.4178986455445,1767.0662867305068,Source,Ball_Fault
1.0613585379268549,4.7599564868678925,-0.2379412650703582,5.767524827118407,1.4105067333976884,2917.376870192751,2008.73030385811,3515.625,2812.5,1.1813250664925807,8.197050871746445,1995.7355358103848,104.95946161333129,1154.0496805849184,580.3802641721119,Source,Ball_Fault
0.920969088865852,3.0930725904764893,-0.049971743796254,5.225470922515877,1.335835261234274,3340.263845578902,2808.607362770822,4937.5,3125.0,1.082367217779454,7.814091278649187,1399.4083097172231,105.70643563332447,865.8250907168343,423.7790853560188,Source,Ball_Fault
1.0066551099919554,4.592250379912453,0.0329990607688569,4.981655023237461,1.390148438621114,2643.686609143851,1824.6101182287296,3328.125,2750.0,1.130967431291949,8.103783773467615,1648.583036768308,148.8186946677157,1037.2482154764848,522.6368655368278,Source,Ball_Fault
0.984701669559106,2.8588549233032268,0.0640640667396859,5.092718576992391,1.3328151033475717,3051.604033686322,2607.427636625984,4140.625,2562.5,1.1623660376151077,7.573253441835982,1556.9885683714492,158.9152446331002,995.4621410016354,502.2020686676665,Source,Ball_Fault
0.9657917829404828,0.0998722893573282,0.0334457273630499,3.6717213538605895,1.258053237323652,2807.754091050787,1942.859342135903,3406.25,2812.5,1.198717641650891,0.2032181147702569,1759.18043626054,43.63337694818777,955.351975522126,479.0248565204281,Source,Ball_Fault
1.0155716163607622,-0.1644555799940974,0.0123390974044305,3.491746180848335,1.241546611309143,2958.118470560056,2138.717996628596,3562.5,2562.5,1.2796869846059094,-0.0232077373053876,1952.3027321600985,41.26118809922164,1055.7540086818644,528.2201683453311,Source,Ball_Fault
0.9994161620362528,-0.2962057216413631,0.0396277810816655,2.9316505980763448,1.2413882676168897,2913.773232784992,2066.515682595852,3453.125,2812.5,1.2608029099378597,-0.50900106956147,1898.951754662864,37.349499892489504,1023.009118745114,510.5580865767184,Source,Ball_Fault
0.7827871015898972,-0.4311133781668168,-0.0213061931053178,2.876114848507314,1.2295494007758414,2812.447931315325,1708.3157701549112,3390.625,2562.5,1.0018223828539157,-0.6228207904324092,1192.459402926875,20.110004766817703,627.3062353951792,313.77505238802974,Source,Ball_Fault
0.7555175547639902,0.0328241809700311,0.0266014012489036,3.38459064681323,1.271471365797149,2988.9067052252703,2168.481027265012,3484.375,2875.0,0.934184843736642,-0.3745107844810951,1105.249607264899,21.006222417399947,584.4322483982019,292.6937089065607,Source,Ball_Fault
0.7259561003456713,0.0347802289366274,0.0045608082130015,3.5224136117043523,1.259588780232962,3071.76000535229,2319.3021382146417,3671.875,2812.5,0.9043502901614978,0.1086386882754832,999.855943553803,26.17545792879347,539.5814181777212,270.4895840452849,Source,Ball_Fault
0.5396453286534862,0.2169585242814267,-0.0758089813467737,3.7086166420587983,1.2633126061453848,3051.2376237307403,2330.28134187174,3437.5,2562.5,0.6720418620277931,1.043121470633969,555.2737724084059,11.01341987462108,297.8928006379536,148.71150997711916,Source,Ball_Fault
0.491680123665465,0.098204237628737,-0.0080283955864274,3.618196691813087,1.2611254210777716,2899.509940314691,2081.617624505487,3359.375,2687.5,0.6130444510044403,0.3262817378389075,457.08200420554107,10.553507152022483,247.33611651851052,122.96150100376784,Source,Ball_Fault
0.5412373312044962,-0.1075033837623231,0.0111315769470069,3.286904458193176,1.2558572112315625,3286.560218923599,2597.6867451506987,4125.0,2687.5,0.6779969196542193,-0.2851165478691366,557.9148456105466,12.21026458379832,300.1193788169486,148.96665966568514,Source,Ball_Fault
0.5166089580732812,0.2804260396016311,0.0618197811522225,3.532929843406155,1.271487006034883,2676.2288966147958,1736.4647171499998,3281.25,2500.0,0.6397412670344556,0.4987069581588819,478.2548000137145,18.8313643371286,273.2571334758569,137.24349610934678,Source,Ball_Fault
0.5241634073361938,-0.1649656659850396,0.0050868723729303,3.16281105538008,1.2358774820420155,2742.1407204344077,1938.7939886093068,3296.875,2500.0,0.666479074690411,0.1207193948534373,491.5009469497828,20.736537296212013,281.2650416295632,140.68847459257432,Source,Ball_Fault
0.4892232919016122,-0.4083353560171563,0.0019440219562179,2.882458857752068,1.2198221890419365,2637.1872957268824,1749.5195605399754,3281.25,1375.0,0.6282683154967739,-0.32802022693537,408.5862163944528,22.87127492861184,245.11419693738875,122.68764442879468,Source,Ball_Fault
1.0131618641145008,3.042986120697461,-0.0409870497723015,4.665878368190593,1.4142095684256824,3297.264509141618,2011.899853629768,4562.5,2625.0,1.1287356499498402,3.1080608240317646,1657.1183351850036,114.85864948588868,1051.9518073190118,569.8431494822773,Source,Inner_Race_Fault
0.9713651757808378,3.0448464456963524,0.0134753398968801,4.764259368351013,1.4022715890800437,3307.6816721125742,2000.8942016897936,4531.25,2625.0,1.0941971328548037,3.749773186859871,1482.2650770379314,117.14563978049492,965.5661061571682,453.53510817777897,Source,Inner_Race_Fault
1.0179281007316794,2.773727923632768,-0.1001461508973594,4.546328601673665,1.3935422857922972,3507.0296103653386,2461.912483761175,4812.5,2625.0,1.1552237343646237,3.23523533349391,1654.8420715327063,121.07079809727053,1057.992147209809,533.3072468684776,Source,Inner_Race_Fault
1.014918734450261,4.4652229554086285,-0.1081671602148711,4.83101295250233,1.481824344918972,3438.304427616201,2300.4380926042577,4671.875,2562.5,1.0763540745860645,4.233109182398438,1626.8251058311976,127.80167951250594,1054.2772767166102,510.424167496777,Source,Inner_Race_Fault
0.9723446292567656,4.2028914595746185,-0.1792982028169831,4.894754503816233,1.461163162564863,3481.4400718554093,2428.5967605872047,4734.375,2562.5,1.0457909322149912,4.556266842861591,1471.5527951338458,111.07679798428806,969.2127213858356,490.5397834913306,Source,Inner_Race_Fault
0.9927162625858036,4.527187693016612,-0.0587606043030464,5.179873993525684,1.4651728176066934,3342.9665638702745,2143.213894549607,4562.5,2562.5,1.0622949973984137,4.817287915591583,1504.4021609949657,139.67886448889163,1007.4007625909744,516.2036514675644,Source,Inner_Race_Fault
1.018642980119941,4.41911878556068,-0.0535861804498204,5.053361550708754,1.4577769337882929,3332.5254534909373,2170.7235420056345,4500.0,2812.5,1.0987804584934473,4.7915526748094095,1603.6043941040916,131.88503594021856,1062.9864136649544,531.3175663437839,Source,Inner_Race_Fault
1.0383741256339154,4.120475223249538,-0.1199162198924039,5.113899640016441,1.459804406971802,3286.569967301569,2118.8947737809035,4484.375,2812.5,1.123452431350579,4.35021571461935,1646.5206192562753,147.80174772432937,1104.026515018842,525.3028443442622,Source,Inner_Race_Fault
1.0036321118545295,4.195504413412024,-0.1828257078172257,5.290923840080695,1.4457518100614826,3277.275659381551,2148.653478655027,4531.25,2875.0,1.091609925212043,4.829250819623447,1525.9867955972163,132.11938011505526,1030.677357038983,485.5383144319437,Source,Inner_Race_Fault
0.9957772372002252,3.7453507526362886,-0.1326135242089569,4.837724478317199,1.4138069004749385,3417.672794229105,2313.1877866389304,4625.0,2500.0,1.116494785891576,4.81703503731411,1477.0652419557136,171.48310664728714,1014.2303909989436,543.9420776740671,Source,Inner_Race_Fault
1.0139409858590498,4.0504135145098425,-0.166134374924379,4.787555637097611,1.4312464530393212,3301.206542997844,2036.923561898623,4437.5,2500.0,1.1188802160432052,4.730313395844577,1513.7026841263169,187.4593908563564,1052.0653779356817,566.7230873863462,Source,Inner_Race_Fault
0.998884689389816,3.583996844280792,-0.133721798145659,4.8597189786732296,1.417687552064399,3378.702296553692,2159.356497759705,4515.625,2500.0,1.1082228343642837,3.6736012398836113,1436.1418049371612,202.3598759722593,1023.049760544122,533.3022839575224,Source,Inner_Race_Fault
1.2141234701236656,8.265122474053918,-0.0166425589048258,6.462481215111143,1.5457848828074383,2944.458525557064,1708.8532483081503,3593.75,2562.5,1.237377486267115,9.90993381170286,2893.766053483334,42.70779049947703,1508.988455149759,747.1470242485016,Source,Inner_Race_Fault
1.0971372936373376,12.342031311136774,-0.0423844851018456,7.151566320826706,1.6058187332701603,3032.196931567618,1949.715341232567,3625.0,2562.5,1.0747239523782115,14.845490195757716,2342.3866842063508,33.16361264144003,1232.4612688353914,603.822587981106,Source,Inner_Race_Fault
0.8411669137558911,2.9528596557390205,0.0429458043982977,4.744887260552507,1.4128803754958803,3224.5118906435587,2544.852453479325,4265.625,2500.0,0.9391740687301589,3.3429838396100378,1300.8087655245097,72.21548279902945,724.3312017622933,352.6046232859068,Source,Inner_Race_Fault
0.9741951143468656,10.721061039985736,0.0379468221105827,6.695649837324586,1.7319592768624523,2811.72805319146,1643.587501345559,3390.625,2562.5,0.8839312581632898,9.147874080085602,1874.0476712629995,21.993967869577585,971.5981024531308,481.6557675908875,Source,Inner_Race_Fault
0.827474653236348,5.990595369810624,0.1163462272267773,4.9746184074829,1.5556617447212016,2880.6934757002387,1753.819534662967,3593.75,2562.5,0.8362880748948557,5.207186053938129,1332.038737044591,20.737615341110214,701.1942327176307,349.35992378538145,Source,Inner_Race_Fault
0.8937288438225799,8.710728331884804,0.0414344067732758,6.0977401088636665,1.6523681651911948,2887.6970052910387,1722.4277589539747,3515.625,2625.0,0.8492524676160216,7.504163791973044,1566.430701323693,19.870150386524788,818.1366917096339,408.1407672685136,Source,Inner_Race_Fault
1.0318121285768431,13.11933220356783,0.2261397645951759,7.484144123053487,1.734992698769544,3123.320558819244,2305.197670093865,3890.625,2562.5,0.9324465294035392,12.291319549729524,2094.987169022719,29.079078704477247,1091.768448859982,557.0116062990064,Source,Inner_Race_Fault
0.6818629147258329,7.479325336594504,0.1777444716378476,7.363291253304359,1.4545299797082554,3538.2778872377007,3004.641559983813,5296.875,2562.5,0.7337824259794796,12.907111103713795,858.1369170330555,28.293113028437336,479.1060745019908,244.97389787670824,Source,Inner_Race_Fault
0.855243020705763,12.986689566416084,-0.0064149418043524,7.186251747288068,1.6780624874080414,2884.1738356825053,1922.6343972269424,3421.875,2562.5,0.800338250387475,13.590410806101753,1412.860067693074,20.848725948027017,749.1575800353121,380.8344303726125,Source,Inner_Race_Fault
0.6106235444877134,6.135175738461969,0.2867071593024953,6.877922473776055,1.432331291911298,2903.408697880174,1845.8887762611475,3625.0,2562.5,0.6694514400041894,10.690084505398747,706.2056510906144,17.365133253657437,381.8487059601457,190.25038678465432,Source,Inner_Race_Fault
0.7150203095364117,11.93383222666073,0.1363358383370918,6.86943339091886,1.6046507932010872,2899.177360435076,1846.480740414529,3546.875,2562.5,0.6960301860159873,13.829922100795269,984.427981583066,17.707415034379764,523.378148569556,255.38470182339813,Source,Inner_Race_Fault
0.7132308954657585,12.04531174055847,0.1276198508047744,6.886668007149412,1.5952990530264732,2881.869519472763,1771.0595426360508,3531.25,2562.5,0.6989893002034213,14.354290236061937,976.400410088022,22.708869939153068,520.8826104000054,252.90355769044248,Source,Inner_Race_Fault
1.0236262149212128,0.916431739527424,0.0741536173146111,3.7854431600040255,1.30824068128224,2761.4022579757434,1801.6183667980156,3265.625,2562.5,1.2295910593146226,0.8293465008225462,2008.76245435261,58.98008344025893,1072.8554245790135,536.8985931240422,Source,Inner_Race_Fault
1.0568501516699866,1.4860652516502402,-0.0308096655442267,3.6691398192801983,1.352188101657994,3151.948821039142,2519.7514736759663,3593.75,2500.0,1.228277447413669,1.2401725389091045,2138.281965569792,64.26477010868236,1147.0136368248618,577.6045671642423,Source,Inner_Race_Fault
0.9445623172764548,1.9261914686365245,-0.0738672275198455,4.105320425745642,1.3588366958018343,2812.0570661403126,2049.5105575248394,3265.625,2500.0,1.0918119308094385,2.54451258572322,1667.7680502645983,69.64446578349896,913.6692269786872,456.1627382211202,Source,Inner_Race_Fault
1.024838266559125,0.3615775198980815,0.0069152613020184,3.318985833397276,1.287102749032007,2673.4739141329696,1422.046979025269,3203.125,2562.5,1.2516974820380646,0.3096726526664599,2085.442560826737,19.7723269126646,1075.4238085813329,535.8140099194004,Source,Inner_Race_Fault
1.0062708741114303,0.3335055956433668,0.0028250240674739,3.380226712053773,1.273062790312803,3011.57428663453,2190.573311179625,3328.125,2500.0,1.242361720958755,0.7456449362871518,2003.0909309188432,25.033763029894743,1036.1846636086336,515.6683905233031,Source,Inner_Race_Fault
0.9373320148627589,-0.1538790131369558,0.0368854227996272,3.32661960582534,1.241074356969337,2685.044062991896,1490.7829139902235,3218.75,2562.5,1.1859691918117536,0.1134854290996898,1732.9771947032464,21.69272215052288,899.7545107718504,453.09234318811536,Source,Inner_Race_Fault
0.9981715619137944,0.724530215947349,0.0619237322672654,3.753548063793566,1.329718230444532,2794.521758093213,1792.1096787085644,3203.125,2562.5,1.1788928575949549,0.4801433320585362,1990.661568309266,16.127258672643226,1019.9979081038324,509.14081247363134,Source,Inner_Race_Fault
1.1024414401794431,0.6793537123923743,0.0458860304808996,3.9299652139287,1.291745281691952,2789.260619180387,1661.3367207725537,3156.25,2562.5,1.342542899594758,1.666790979485536,2440.6714756665656,16.35821727917945,1244.6483999736763,623.104266512278,Source,Inner_Race_Fault
1.131909691606599,0.5960404866745024,0.0409320324706304,3.827652101952734,1.2961857950082438,2752.237589567274,1600.4480431632371,3093.75,2562.5,1.371984133160908,1.0684717353218032,2576.287770560649,14.598313010154486,1312.1323532651822,655.9505780860179,Source,Inner_Race_Fault
0.9567359072419808,-0.16187928521679,0.0520460796496243,3.083128629927325,1.2574399608848084,2634.7890787809906,1354.168443474922,3062.5,2500.0,1.1956075300800724,-0.5117215279766509,1836.2670896601248,12.394097672994764,937.2686232434392,467.6234337819026,Source,Inner_Race_Fault
1.0099997672095826,0.3965360563490061,0.0654425354800948,3.605509465431484,1.3147484211836102,3003.2722381800418,2161.70132232231,3281.25,2500.0,1.2069732416437096,-0.0096104292878314,2051.2607575346588,11.11716992333525,1044.0193735007156,518.8809946221425,Source,Inner_Race_Fault
0.9908081641157592,0.6787510900158451,0.0608245681169252,3.675346906338461,1.337053518957397,2850.4049255817345,1857.9184228239017,3171.875,2500.0,1.1636877562928178,0.0848148623376015,1971.5947577383745,10.472765908080108,1004.7576941011456,499.9989794255951,Source,Inner_Race_Fault
1.0289731225501226,2.1948881870597496,0.0675590870683767,4.796297140887575,1.337286899683845,3212.6357091190075,2198.195094485797,3828.125,2562.5,1.2060669199663092,4.342791058391707,2021.544390511047,39.386229207974594,1083.7625656931027,541.4159658803588,Source,Outer_Race_Fault
1.0483826336415845,2.013348578959841,0.0640501208654996,4.707499616427789,1.332145924897779,3011.970951011483,1862.072129341184,3609.375,2625.0,1.2365585526868144,4.002933921771258,2105.165476083192,32.22271123686426,1125.005529785734,563.5356932435112,Source,Outer_Race_Fault
1.2059828532074282,4.690331136756247,-0.0978367779489714,5.343438260395036,1.407421591656608,3203.2751652140064,2183.5100366243605,3750.0,2562.5,1.3465428840979536,7.878276911322565,2818.1732987404407,34.593664256852506,1488.9917408957351,745.0548655984089,Source,Outer_Race_Fault
1.226802940017351,12.325390249637133,0.0529045602701715,6.874358833991533,1.6253883605357369,2987.180686596057,1660.0956258949836,3437.5,2687.5,1.1830996562973948,13.890160994502452,2984.706194499037,24.23942306175076,1541.3199574261723,778.7094317199239,Source,Outer_Race_Fault
1.2453532080110536,11.828951409528424,0.0819796798821395,6.771961218732579,1.6421690534922784,3004.717359061124,1793.0322341695148,3468.75,2562.5,1.1877152848652155,12.507388473856723,3057.9891452956126,29.44798395432796,1588.57040205649,807.6590260725479,Source,Outer_Race_Fault
1.0036615939020208,6.716881862670599,0.0745830938097076,6.147552918867025,1.4877060282117498,3003.948793741533,1844.6664481760745,3546.875,2562.5,1.0572208291193568,8.790085587751705,1942.757840647836,23.70016879487993,1031.4597000457454,522.3690855859693,Source,Outer_Race_Fault
1.2290329137772191,12.472463601928933,0.0444343060378514,6.6224007124021655,1.7054851989470043,3095.976917181689,1993.311812162763,3546.875,2625.0,1.1307476350897514,11.769123793580304,2976.757936592196,25.05979735231052,1546.3439873236855,782.5210691522432,Source,Outer_Race_Fault
0.9365961904016008,5.145608457615808,-0.0185591517278063,5.356009269819256,1.4642968791046425,3186.666135038848,2260.962900233721,3812.5,2812.5,1.003664275822022,6.189945988476097,1694.105244181393,25.9973479662371,898.4551980881696,450.2675187043878,Source,Outer_Race_Fault
1.056766202862996,3.5719258248121504,-0.0161594019977092,4.746951467862873,1.4412697009320092,3113.0352864257416,2058.998066444517,3578.125,2687.5,1.15137032385504,3.5413501980832143,2187.802706138817,24.522081920326343,1143.7668024243983,572.6099907959497,Source,Outer_Race_Fault
1.032511070998572,7.681104415630955,-0.0541610194132797,5.865884819617914,1.5172729524793032,2996.0960322188253,1990.3597700955213,3546.875,2687.5,1.0691270967292217,9.691764948498166,2020.16818376729,45.563032467305895,1092.242153676133,542.492743394155,Source,Outer_Race_Fault
1.0469358535119957,7.061650005922939,-0.0406078852844435,5.785064096468602,1.4734626171469094,2942.5886744599,1816.8317100436664,3468.75,2687.5,1.1162729177839263,10.202665680006296,2095.6911429230554,34.74017113739994,1122.828759423417,558.1617394903597,Source,Outer_Race_Fault
0.7839107644093924,0.4103254438943144,0.0413936601017603,3.6038012295766224,1.2767790400442216,2978.643926130824,1936.667922866652,3703.125,2875.0,0.9629936881570588,0.4989465415314136,1116.1345587028427,46.44646668317709,629.234916038187,317.51527922434946,Source,Outer_Race_Fault
1.018569018713201,1.1683895792769787,0.1274452479365427,4.035099672068706,1.3272514409098752,3278.928218288808,2014.3728437390505,4015.625,2875.0,1.2057821555262067,1.2759770722937755,1998.3420869815625,29.462602230464174,1061.9448452178858,535.8307758875458,Source,Outer_Race_Fault
1.0684651020244602,1.362988412328538,0.0728273032052933,4.025318138333196,1.328105774586506,3280.2312862174063,2095.679879810498,3906.25,2812.5,1.2612321615339677,1.9077691466413744,2216.735029768553,27.910090107714893,1170.301788993554,594.7266462302184,Source,Outer_Race_Fault
1.0924015511259648,1.364461462035412,0.0712581209262553,3.93711630207961,1.3310470958062377,3148.7432222460616,1680.7162023932149,3781.25,2875.0,1.2852500516643897,1.619189638308126,2330.9124063336544,26.858558839728826,1222.6588208033484,605.327546146156,Source,Outer_Race_Fault
1.0165175148192744,1.1505033384245618,0.0306550281991311,4.081610942237153,1.3089898414604415,3203.904615480488,1763.199327862883,3765.625,2875.0,1.2203588196305597,2.098626168767362,2026.2735579511989,18.88018952291514,1058.1530302548244,527.8226787451003,Source,Outer_Race_Fault
1.032016503054515,1.2603255920808278,0.0786605399517947,4.020312658937103,1.3155154705104422,3314.640306728048,2038.9618920312143,3890.625,3312.5,1.2313908241799378,1.928008479051244,2081.046477334934,17.571700456252643,1091.8765801548209,546.7500442130938,Source,Outer_Race_Fault
0.9961815229953418,0.4792358174602698,0.1105217700707641,3.6233841052157936,1.2948902609349888,3300.340462085747,2017.9329074682687,3906.25,2875.0,1.2078471877487564,0.1504172884365706,1939.0656523414157,19.12758807494292,1016.1721397199832,508.64201314069305,Source,Outer_Race_Fault
0.9300600438439924,1.5461428418442074,0.0403238790632889,4.3762664528815725,1.3446323069317403,3414.3481785484623,2281.1193115043275,4031.25,2875.0,1.088395400192601,1.9466831096413892,1683.8978474371547,22.52693776725833,886.5763570189725,447.54564189123806,Source,Outer_Race_Fault
0.9618498931846742,1.1915257248227462,0.060028546837666,3.952799815692506,1.345398613465222,3362.962991210939,2188.3608340557143,3906.25,2875.0,1.1230222371161114,0.758206371468082,1821.773341877416,18.751820452525088,946.8686199903308,468.3196789364786,Source,Outer_Race_Fault
1.0358155088890637,1.306717216938286,0.0687153036790625,4.005340605918795,1.3498572106935909,3211.605623781458,1752.3403219280124,3765.625,2812.5,1.2045314075792457,0.9585590740005454,2113.710538908406,21.617991582361963,1098.613454606258,543.7275206890238,Source,Outer_Race_Fault
0.9606056995736304,0.9067788782578384,-0.0028774341263472,3.814306354530456,1.312855826692644,3433.8324148150737,2302.586970505165,4078.125,2875.0,1.1506623344660911,0.943303845660727,1780.161449903885,30.86893653425001,942.5132316967992,464.7006001982364,Source,Outer_Race_Fault
1.0611258885097496,0.7960670495100692,0.0478860084811228,3.666803054553561,1.3127284276119735,3161.890395053278,1719.087239695849,3687.5,3375.0,1.2716131196412686,0.7182278587756197,2198.48993528139,28.47304294725479,1152.99293173028,580.141659681907,Source,Outer_Race_Fault
0.9413438517138684,1.2996390630731751,0.113254843689302,4.133388285448858,1.3224307555736723,3578.484861970033,2539.938115997325,4421.875,2875.0,1.1189915001210586,1.9946731165650071,1718.1442551607663,24.320342086480547,910.5740788374204,462.5662472205283,Source,Outer_Race_Fault
1.0622528507906228,3.916980154543862,0.0862249158508489,4.584988254115309,1.596900117685398,3308.472889699107,1258.3125865329894,3656.25,3437.5,1.0453362432406403,1.736973674089188,2249.350631405131,3.205999832871348,1155.33543731723,584.0834906983562,Source,Outer_Race_Fault
1.037228517928403,4.059718854109773,0.0951332074956101,4.695606377563656,1.596399524403319,3717.131366846569,2247.173896715035,4171.875,3437.5,1.020415117964843,1.9664937896716983,2145.8967125858103,4.024443137566139,1102.48755023715,557.045664881648,Source,Outer_Race_Fault
0.9926745312412072,3.749320030737153,0.0694743737416327,4.755677329570928,1.5731707098812115,3381.2534182535974,1395.7964697222385,3656.25,3437.5,0.991920741912284,1.7839689102672676,1962.094826070625,3.097963692848479,1009.1834064317266,508.2186804656817,Source,Outer_Race_Fault
0.950615335326589,3.922725548907912,0.0912680768338177,4.760175514892404,1.579437872002692,3355.01895878903,1467.2671648812552,3671.875,3375.0,0.945607245518303,1.9235916993031676,1796.7355008107384,4.56216044307988,925.5182984617396,460.5982409961596,Source,Outer_Race_Fault
0.8909170930615186,3.9775879250788337,0.0623589897421929,5.002162639922196,1.547626134351598,3385.3239857402964,1356.9953103065743,3718.75,3375.0,0.9047072985314232,2.3971390631813048,1576.7945492652566,3.487216167031886,812.8810314308873,413.1546795149168,Source,Outer_Race_Fault
0.9094155194017732,4.057297946055035,0.140350376545434,5.177315910520268,1.551945566331801,3370.6545379266176,1718.174562416959,4062.5,3375.0,0.9231740541940918,2.487993238416034,1636.9176687306458,4.096785988576292,847.409848954073,430.60320880994,Source,Outer_Race_Fault
1.0579879950632338,3.1374947831794646,0.0312031568127489,4.385865204256468,1.5390739662258934,3336.533047631909,1311.5583680806687,3656.25,3375.0,1.0794646255414908,1.2881170817816638,2227.0667775777483,3.520734805688206,1146.2606719513087,562.7781947207728,Source,Outer_Race_Fault
1.031894675648754,3.926199314648473,0.0380757503666244,4.496769722308726,1.5910116820035596,3644.232723383387,2019.6593875953067,3968.75,3375.0,1.0207534511873937,1.8455332702901144,2119.249059121564,4.1670287610944685,1090.4295042347603,535.1171539607756,Source,Outer_Race_Fault
0.9966404984823056,4.07618168379111,0.0464996383306066,4.566195226762125,1.6049486590324042,3491.522849820124,1763.558355673301,3765.625,3375.0,0.9767985496033388,1.8972128895975289,1975.6672542207575,3.655952868909643,1017.1666945451911,505.3137186089171,Source,Outer_Race_Fault
1.1175974983718118,3.717304944493241,0.0437108786578112,4.6279699895279744,1.5512480630646464,3271.5273715412486,1226.96100525156,3609.375,3312.5,1.132041319765809,1.94430774769642,2478.371408967483,5.538311511106711,1279.303278127757,635.370169068364,Source,Outer_Race_Fault
1.040476796524371,4.457834754298665,0.0398628655649411,4.97099762350648,1.5869934916275663,3306.4497913462974,1432.202256360462,3656.25,3312.5,1.0311060489974768,2.660118783083063,2148.776298858684,4.6963018233755065,1108.7749752129405,552.8018043548603,Source,Outer_Race_Fault
0.9577472465700052,4.562892846484168,0.0819260225831025,4.758834699637496,1.6227963434934358,3583.426618742781,2096.606597216632,4000.0,3375.0,0.9302055859437676,2.3753739027831857,1815.4552383981816,4.267137131281675,938.551980327204,469.2273264791832,Source,Outer_Race_Fault
1.0044523805641663,0.2286718579942204,0.0147697726349885,3.206419298613364,1.2438518062738737,2624.4427607397847,1898.7839603119785,3500.0,2750.0,1.1511662060589298,0.1566501387378456,1284.1076726636695,54.69280125472324,1032.5663616963377,515.0355684169949,Source,Outer_Race_Fault
0.9911843878060436,0.4163980811501617,-0.030061610580424,3.766438824837907,1.237002481522283,2788.262859557288,2247.147668421163,3578.125,2625.0,1.1379497872484117,0.8255688556168721,1259.9216230101038,47.06220706775353,1006.479311622414,502.3855399595182,Source,Outer_Race_Fault
1.0786535147133696,0.2781988748168738,0.0124114853186258,3.5174162726325084,1.2516604089777792,2526.5698815864084,1683.4333152826923,3421.875,2875.0,1.25108086979197,0.3220702390562793,1640.6232363029696,62.748913988859854,1191.2902731383956,592.6972727788404,Source,Outer_Race_Fault
1.0400753966685674,0.534143720591588,-0.0928152274370422,4.216241352973798,1.2719430205785889,3162.294159674795,2212.282546287056,3734.375,2875.0,1.28654743110624,2.17970590288383,2063.435414147934,41.656239345543135,1107.7236087892477,553.1008407100729,Source,Outer_Race_Fault
0.9915039198938091,0.2093132905469827,-0.0607483489458557,3.760627596937696,1.263761726606988,2995.2055512337843,1964.8045857248253,3531.25,2937.5,1.234351174168114,0.9577541798196848,1870.5092591818184,48.442217053614215,1006.4076405049128,504.0915774945296,Source,Outer_Race_Fault
1.0141184204254308,0.3251707067896077,-0.0549183743188076,3.676766863243005,1.2695661267755087,2972.712652470211,1916.4347369928148,3515.625,2750.0,1.2521836485643894,0.7944940645648289,1957.233461376792,39.34329822489803,1052.7917669976357,526.8008555994809,Source,Outer_Race_Fault
0.9013871696696832,-0.3477721037717702,-0.0228405247988075,2.6276152205913643,1.2262732876094071,2933.69561297891,1849.9402955904964,3500.0,2937.5,1.1534976529543672,0.0280891468049118,1535.57765992945,41.11378593888284,831.9408717376506,417.0031239728031,Source,Outer_Race_Fault
0.8955500581455357,-0.2093222511878645,0.0181584777610268,3.124479916030813,1.2368835069531965,3188.8569894437574,2320.39406997306,3703.125,3000.0,1.133997979540286,-0.2174962782784155,1502.005362022011,43.71125000262485,821.4470054245335,406.5758753856848,Source,Outer_Race_Fault
0.9622416242530044,0.2295737262785993,0.0211808607972829,3.755838038818539,1.2584069119141734,2965.786010071168,1965.7730657796649,3515.625,2937.5,1.2017628400753757,0.9066102533486378,1754.7412261349527,40.515023487955496,948.2730572545844,474.401273029348,Source,Outer_Race_Fault
0.9547523895860612,-0.0895974382959048,-0.0998307145125999,3.1989498840828454,1.2458573656330965,2954.241146904196,2059.395118827795,3531.25,2875.0,1.1983641660389384,-0.1952370416527329,1652.836210194198,73.84685063846717,933.5541493881084,466.69964913361446,Source,Outer_Race_Fault
0.9044677981235876,-0.0026562429292926,-0.020952099043441,3.046708989842447,1.253737601794194,2914.2023951508527,1996.814736540702,3531.25,2937.5,1.1282086828818851,-0.151965686879715,1468.778280918588,67.08606035449992,837.6243947659732,420.3642295578516,Source,Outer_Race_Fault
1.02777089333199,-0.0609836270611103,0.0377107606823092,3.713770703187153,1.2457042494421895,2982.2275751964075,2057.4574780996622,3546.875,2937.5,1.295028956966359,0.2794654665481948,1978.6600578760065,57.44832744553992,1081.882751448562,543.231810938504,Source,Outer_Race_Fault
0.7385916601370263,9.236477462957817,0.228299306276672,5.634686899437073,1.8374133517364737,2686.0448442338184,1371.1567394095318,3359.375,2750.0,0.6304685426731911,5.99135624259292,1062.269824806253,27.188902197162108,558.6096440224064,278.8198666297782,Source,Outer_Race_Fault
1.3869302978612574,17.870684082025356,0.0981523243086279,6.70290987829301,2.263561369827494,2744.546430339428,1315.526144693083,3250.0,2750.0,0.961274950495993,11.430945640886254,3872.884861667905,23.054765240260075,1969.717131367894,1006.5690328537588,Source,Outer_Race_Fault
1.3482386212289383,20.284631938181477,0.1077550642956574,6.895269611520421,2.41074732922661,2712.641992819533,1183.3516309928264,3203.125,2750.0,0.8774758620992094,12.712741116721268,3650.5393686315383,28.24089553447513,1861.3359211946756,952.19757117665,Source,Outer_Race_Fault
0.606651122784888,6.737774691842882,0.1055033505829842,5.512707580802468,1.648546951682102,2702.887709441299,1537.7298114354132,3390.625,2750.0,0.5770020398691904,5.034985714519559,699.5415693352271,29.95943027192312,376.8189966114571,188.77070140576265,Source,Outer_Race_Fault
0.5591409980900102,5.963360841237357,0.0757368511984319,5.28577634178712,1.6231876194394297,2797.288973373545,1650.4332162070202,3437.5,2812.5,0.541572998780132,4.235977677505831,602.7173926693845,20.47141829014703,320.13465649629484,160.49089154369793,Source,Outer_Race_Fault
1.221702983955294,16.95642351333281,0.1308647904111387,6.978787945106821,2.17952594795282,2812.506084975464,1677.2041140169292,3343.75,2750.0,0.878465683688564,11.011401225466244,2960.4232760964865,56.20936949536844,1528.2901449761978,755.544075374757,Source,Outer_Race_Fault
1.294213738788205,17.307460260080543,0.112809436876114,6.998240481283303,2.19091917389412,2735.926002305097,1417.6134104518894,3359.375,2750.0,0.9250108426751136,11.347947384264703,3306.968718228432,58.81143587952087,1715.0767871509593,842.7679850590207,Source,Outer_Race_Fault
0.7971519700680972,12.726688116690148,0.2480365943871256,6.552187068741414,1.834743206208969,2796.141556310605,1880.4767959290257,3406.25,2750.0,0.6814559769529038,9.884240226168142,1210.26764511769,47.76232340255845,650.782621494041,329.3365490394141,Source,Outer_Race_Fault
0.8501342304806353,10.027781714355651,0.1999844896499438,6.143840164098537,1.7805614064094573,2947.2688172808885,2088.2146101814387,3468.75,2750.0,0.7499944655899153,7.437459829981808,1375.75264575669,56.26155632361139,739.3404634864161,373.8229607947748,Source,Outer_Race_Fault
1.0245008451427102,10.39744114405525,0.1365505456367485,6.020179941643597,1.8230335821167416,2840.038201935764,1905.6789910537896,3421.875,2750.0,0.8812240753331916,7.304915596107612,2033.940724385005,49.66342199336394,1074.971724970228,537.9371931384358,Source,Outer_Race_Fault
0.997037269515652,11.584896685745202,0.1351739101414183,6.18600690937184,1.8437119750654936,2729.51009941446,1714.4797463050731,3375.0,2750.0,0.8465815411900748,8.372179829912346,1917.6521183390191,56.37418837892616,1018.077664941865,508.5908775513833,Source,Outer_Race_Fault
1.3035691279931212,15.935189231872972,0.151764930783071,6.78025757827038,2.058555397248384,2659.632248604717,1358.4665393979471,3343.75,2750.0,0.9910912839436976,10.961013184172948,3333.000560347808,57.40139486217418,1740.1236555303894,892.7836077624561,Source,Outer_Race_Fault
1.109951288611274,3.426218485878376,-0.1377750809224377,4.431027076451939,1.4473244748507368,2728.8811569978207,1498.3581040045678,3546.875,3062.5,1.208875850471463,3.456714980068914,2181.3274369535125,124.4240541263602,1261.538101189979,643.8427599077702,Source,Outer_Race_Fault
1.0714750310888217,3.8230848362583782,-0.0122884081833118,5.457459848752386,1.4102122610356544,2816.890793310645,1700.9786783604538,3546.875,3062.5,1.193169928889605,5.767427021958653,2054.8561308488115,104.66484424414251,1175.2545764779306,605.3308181654191,Source,Outer_Race_Fault
1.0295938623282213,5.384399734597501,-0.1778969006390302,5.679454953125819,1.4293759254938978,2725.1737328117497,1505.3172670435988,3562.5,3062.5,1.132473943040988,9.021114234710872,1866.5591616104243,124.03875449942971,1085.3016811794882,561.4108163928684,Source,Outer_Race_Fault
0.9918031868199826,3.491836519459679,0.1857567160271285,5.2367990072944615,1.4427677592959227,2847.751762765281,1868.9513077754204,3593.75,2937.5,1.0852515416517785,3.54080132720446,1729.7018865198115,101.08545368111722,1007.2513826598426,509.80681693409394,Source,Outer_Race_Fault
1.10541281166421,3.212841190836591,0.0476041098044798,4.6985830898331455,1.4504622301514254,2754.7924297606746,1604.874513739152,3500.0,2875.0,1.1989219868435392,2.7056489336137317,2177.986628096348,110.27907277912104,1251.5497265635518,647.1919158870526,Source,Outer_Race_Fault
0.9882400621494796,2.810221588176123,-0.0309987847910735,4.929193894234888,1.4052793288568963,2701.794843888835,1528.9320626728677,3468.75,3125.0,1.1035618434503252,3.227344892823188,1722.159225865751,104.64037844741628,1000.2209739842326,507.5468606333821,Source,Outer_Race_Fault
0.9040611325636828,3.4200518143769107,0.114051015800331,5.245793782529021,1.4479698661600104,2737.0573446307767,1790.8426575744866,3406.25,2937.5,0.9812949793246838,3.375214639377381,1431.9885889286784,111.35534035829588,837.0673952858522,416.1435848598107,Source,Outer_Race_Fault
0.9158610824860364,2.946535410736128,0.0884145947913464,5.178206999860176,1.4147517589211491,2687.3322774874728,1636.0941163815432,3390.625,3062.5,1.0210714874949105,3.4548429029893706,1469.7694383190192,108.98596033795296,859.0945249710547,425.38536497249606,Source,Outer_Race_Fault
0.9706904074528724,3.6480318274764274,0.034433788163891,4.745059877620492,1.4627849167721758,2943.6814557040066,2067.976728342712,3625.0,2875.0,1.0503805147254155,3.562743347872892,1715.196085203197,69.68993902137512,963.6660234346568,472.3669013716023,Source,Outer_Race_Fault
0.8584609636539231,2.6244081500529277,0.0458212937341354,4.89889139644499,1.382300171519186,3068.463818472936,2404.358767457612,3968.75,2937.5,0.9750919575723092,3.845498352584573,1262.28677825755,93.8296302104101,753.5043079849863,371.1707875162737,Source,Outer_Race_Fault
0.9084041953281988,4.375120849086085,-0.3284432320928757,5.509895653428059,1.378571726881355,2732.9279156067214,1760.233137228149,3500.0,2750.0,1.0361596160879694,9.274759381301855,1400.944126701855,119.47739805003556,844.8514365366111,419.1817648757906,Source,Outer_Race_Fault
0.8273325641300174,6.760352427595711,-0.4595829327608611,6.049819074458761,1.439457248294613,2907.5444518222944,2206.592136854426,3703.125,2750.0,0.9012473086862586,11.621455457947253,1131.3381902325218,119.98295323258228,702.3083763529521,345.6141449026312,Source,Outer_Race_Fault
1.1208652957956344,13.078069242733562,-0.2901781268143899,6.65706232453608,1.927578668462644,2952.9538233676467,1851.797931468585,3546.875,2812.5,0.9140432624849936,9.429075727098564,2340.1912614678267,99.1523451686418,1286.3061576196662,645.2790007087798,Source,Outer_Race_Fault
1.0174105745598885,13.847460564380064,-0.1356267419047991,7.333981303220557,1.866864596838292,2944.312990591324,1598.8665095493022,3578.125,2812.5,0.8594072744586818,11.419723717066576,1924.7877915524844,72.84168525263061,1060.9535111593186,526.5127361514516,Source,Outer_Race_Fault
0.9791022513864294,13.755909145317675,-0.6793450182878581,5.986553360781296,1.8930945673344015,3057.4191738555987,1913.8191597716516,3656.25,2812.5,0.8110683538605352,10.467034332836302,1741.124946632561,108.53796073836064,981.9713141807202,482.05719991276055,Source,Outer_Race_Fault
0.9922271878934678,18.53573070505992,0.0367350131033861,7.648825281224731,2.0059717208855634,2890.299948494805,1589.6733813722883,3500.0,2875.0,0.780404232235676,15.310147807284364,1889.758358464808,80.34432893674999,1008.6445141940982,498.9695451611924,Source,Outer_Race_Fault
0.9578534829297404,28.123704846020072,-0.6748319306835371,9.206594638455067,2.066466790988746,3496.0661022144504,2513.1705423747394,4484.375,2750.0,0.728099336020504,24.315220102806265,1655.521803664123,64.04566623802634,935.1983172491024,452.9972058956826,Source,Outer_Race_Fault
1.181643011236323,13.708466092707052,-0.3180145710784766,7.462972028362285,1.8373160723218265,3103.739618362885,1776.931327865606,3640.625,3312.5,1.0111746248750977,11.785929072072747,2588.7720582858697,60.76447523279451,1429.106752140688,702.0171608653129,Source,Outer_Race_Fault
1.0381564740033309,10.610041056761824,-0.0149454386201595,6.791897598245378,1.814446568269784,3095.378653874956,1676.808338530008,3609.375,3312.5,0.8990764347736886,8.23408383076281,2020.0729274978696,72.07395721002156,1105.0075197698643,554.8188487609384,Source,Outer_Race_Fault
1.050918808870824,16.8428709481542,0.091749106313799,6.773414111823585,2.0544333566863053,3256.0518664573174,2235.651230069647,4015.625,3312.5,0.8041072888655787,12.936911527783774,2124.906994397219,82.72515495442892,1134.1137475051123,567.9078294209746,Source,Outer_Race_Fault
1.0873258314020933,15.245058881186496,-0.1606753793564041,6.546619315764347,1.9698942694682449,2902.5898922819806,1675.31679343763,3484.375,2812.5,0.8673889077932285,11.903026348774338,2237.844625900987,88.57330310970218,1210.7232075807851,592.3723005529966,Source,Outer_Race_Fault
0.8128182444647064,17.963102775426385,-0.7236958363060542,7.76134980618731,1.891422789601184,3810.26683871954,3011.0290556891223,5718.75,2750.0,0.6775961604096481,15.419011020694253,1192.2749890114146,36.25072917470278,670.0052206541598,322.13964983846927,Source,Outer_Race_Fault
0.971874851824797,13.143295835142702,-0.509136435973598,6.270047413973593,1.8734373479117183,3313.352943945189,2283.614031431608,4031.25,3312.5,0.8123903074228931,11.369186648625362,1729.6740827152466,56.8648556788427,965.2663737186472,466.92961965844,Source,Outer_Race_Fault
0.9484432730049894,13.030117217796992,-0.3979426329238075,6.424950837684924,1.784209907378037,3671.367737577194,2859.728470869992,5546.875,3312.5,0.8319470727934559,12.612723891772312,1652.5059713367102,76.97764095580007,926.6061176608036,464.6543446602446,Source,Outer_Race_Fault
1.0165371014000806,-0.1570326580620387,-0.0639032098648443,2.7640621649956056,1.2404369516974758,3570.6965068340246,2735.1683527579703,5968.75,4125.0,1.282421722217943,-0.0241581631748784,1481.9245758767922,205.4642214694325,1062.227052066199,528.1834459659032,Source,Normal
1.0445184895062245,-0.1484173092760521,-0.030424646567909,2.720466804771013,1.25227459011644,3604.322630576574,2824.4535562270944,6078.125,4125.0,1.312643349163361,-0.0991661905302434,1538.4910791424395,262.128047524075,1121.2562198489936,560.0092405032456,Source,Normal
1.0357287967030744,-0.126022666080543,-0.0482054896169306,2.8243840079097144,1.2537524686099757,3505.561813094854,2683.716512637508,5750.0,4187.5,1.301120025415646,-0.1220215474230546,1546.717157521507,233.2692493075725,1102.5638299462096,573.1695351101562,Source,Normal
0.9927059011631812,0.0596373556410481,-0.1360504458506077,3.0150471185613017,1.262979433528466,3593.693876355559,2888.6519071594357,6625.0,375.0,1.2343702752139003,0.3037945102277279,854.3624820522089,179.2040409200592,1005.099972043521,478.5353526440621,Source,Normal
0.9923036365660788,0.049016075516358,-0.1793860956691215,3.016269372183781,1.259896812347127,3669.2186166764886,3036.8422105879085,6734.375,375.0,1.2408100581921966,0.2147628933642336,832.796561871919,190.68769398755063,1006.781171532108,508.8212119430784,Source,Normal
0.9959869982611602,-0.1408388195796317,-0.1314824675287254,2.82994793739241,1.2445721176984328,3548.806008067687,2856.626502569327,6609.375,375.0,1.256546603098081,-0.0749919699835381,892.8061269628616,221.7683992438422,1012.067147359764,502.50614447671217,Source,Normal
0.9830056636851712,-0.0020600990363672,-0.2094450488037376,3.086513066095453,1.24255117287979,3752.232232297082,2997.5192262331607,7265.625,375.0,1.2398452628868477,0.5319833734672765,830.142603857725,206.0988061532885,989.0793234249766,494.7922177831096,Source,Normal
0.9836606858561632,-0.344613639152775,-0.1629664979019394,2.7140083670011474,1.2287488679365302,3657.826846067838,2848.97940958882,7000.0,8437.5,1.249538146326186,-0.3720536628697952,834.8855488347454,213.08804007964272,988.9034506750124,531.9705309376689,Source,Normal
1.0127179107895457,-0.2261697224520813,-0.2024115075846569,2.7042896150047686,1.2397898026129457,3662.803832235049,2963.584011114859,6953.125,8437.5,1.2815470019606514,-0.3715216059464477,808.7984184656689,205.8955686517707,1049.5438601826886,531.2631668531425,Source,Normal
1.015614294126995,-0.1136615749347931,-0.1423426504307357,2.8253053430452404,1.2427599164255627,3583.6090276501463,2774.229016600484,6437.5,8437.5,1.2783935368079882,0.1967406031113014,893.7458073835696,223.60233761419263,1053.217497949916,546.2191053819802,Source,Normal
0.9909492035165396,-0.0231766815747787,-0.1642639631208225,3.1115088445762846,1.2451219948816323,3597.2907262125736,2810.3238855827744,6593.75,8437.5,1.2465082691827851,0.2560861906535376,819.1851645170698,228.19456904451127,1008.4957643281912,508.8411903211778,Source,Normal
0.9812076396088036,0.0876383462532328,-0.1422753144687133,3.389134398012682,1.254835758094763,3592.102342725302,2833.8513416904184,6640.625,8437.5,1.2264990953382011,0.1981982084448921,772.3580751168167,234.166885153179,989.4679896564128,518.3419903011788,Source,Normal
1.0040575840222197,-0.0453043125477439,0.0343139096780402,3.37657577186792,1.2471403205637546,5194.056085163746,3167.428190881274,8484.375,1562.5,1.2599251553808828,0.7489337676188166,1202.5094812643392,400.4539942180188,1033.032210917435,524.2597800015542,Target,
0.9860372940510992,0.0180241969530814,0.0672113576981452,3.828518529136567,1.2537150745772574,4972.471708837835,3119.595715265132,8250.0,1312.5,1.2333025107424107,0.5920960959104908,1084.009782850483,428.9210029388104,999.7407618579588,527.2843902448601,Target,
0.9517390735914172,-0.0032321934455379,0.0668644386902341,3.966488458279852,1.2558511229096947,4988.098975777242,3155.0341094392265,8265.625,1312.5,1.1945803935661043,0.1936763892613813,967.8462413585466,422.71798809994544,931.2865250819132,439.83452527011787,Target,
0.9541214788241432,0.7606056847619862,-0.0476047522860585,4.495754713492663,1.289051030479852,5293.128483789589,3372.660202045676,8859.375,312.5,1.1629340715991294,1.981568471784871,1088.4492596758516,236.8528411264033,920.1501944414252,457.5026185862639,Target,
1.142136517440321,1.1887149330999618,-0.0697136098244656,3.891954026402234,1.3091700400029782,5665.838547391664,3314.1075658605105,8984.375,7187.5,1.3762194411810555,2.276303506615692,1745.3619357479815,280.56797338192064,1339.3322598220966,648.007783305034,Target,
1.1670335614394705,0.7567015552208938,-0.0514390564165666,3.808924579915293,1.2826470602570506,5713.868634798373,3291.5422007406896,8953.125,6687.5,1.4308766142716889,2.007437477474438,1898.907183049504,310.8045852980312,1402.8187900759458,707.6137439148165,Target,
1.0760072002923395,19.528856384260408,-0.0299127613893063,8.56810141914234,1.862539878938904,7179.5114678960745,2980.417186056442,10187.5,7312.5,0.9074048181963608,21.28851999626372,2171.578037944588,99.23267239517683,1370.67014055645,693.5710035728222,Target,
0.3553779787628492,0.2469079111618968,-0.0201099795061168,3.426512051856672,1.2611598147045433,5765.891098794427,2743.3136738995163,8250.0,6625.0,0.4406406542324147,0.7917829156314915,202.11355873525653,23.244041880150316,127.13678325339664,62.96285681043361,Target,
1.2146367814987074,23.064500754337374,-0.6203808086913064,8.72927585292208,2.0621411227561284,7423.951442592834,3053.7498940569103,10859.375,7250.0,0.9245342463753272,20.785499815842144,2851.01590964755,76.19321391877439,1532.791924992663,740.6125688994927,Target,
0.9989535906227096,0.0238840856712938,0.0431574971423534,3.535973709912717,1.251909588637023,5770.545944189125,2640.08225612824,8250.0,6437.5,1.2564196835109098,0.2614161162095678,1680.9392218694315,120.73132522040078,1002.1922049559068,510.2325243215729,Target,
0.9801130773163472,-0.1039636994095998,0.0654320909794009,3.603945009627408,1.2443729773017151,5779.973834482739,2706.84576788559,8390.625,6437.5,1.2375194628344377,0.0898995123396919,1613.8214885089476,132.96856086103884,967.2716296172052,478.9227656403393,Target,
0.9551221747296412,0.0384901291991242,0.040638771170625,3.3477092323068,1.253060000567926,5825.345412405112,2708.827783230357,8453.125,6437.5,1.192223680564542,0.2360691380076867,1546.9029766540962,119.38474750577592,967.7645373846574,478.25135021392913,Target,
0.841428798784803,42.564765612176615,-0.1337071259624521,10.418416917842302,2.287613418051881,6980.34023018282,3255.815543469569,9593.75,1500.0,0.5730036458922738,41.763914555921495,1203.6486693596005,147.49795774408574,646.2361893697903,316.10650898229176,Target,
0.7228496708352062,60.30599294801301,-0.1951900920567381,14.226626531191934,2.1425521982306246,6509.313177125585,3078.040351802405,9296.875,1687.5,0.5356627434869243,50.417995301519,894.3371633526928,74.18878102460336,677.1206174771467,369.2844384808242,Target,
1.3372933948134686,26.18041076386282,0.0245398146564448,8.70472660315602,2.307652499881132,6991.754834559747,3202.883563103889,9765.625,9125.0,0.9166235796799826,21.11518005718172,3160.8732972959715,223.88197325207744,1856.354955872,930.4293162773456,Target,
0.9682690220564248,-0.0673591056401008,-0.0049654759885254,2.928548106209879,1.2523845146661852,5566.884026596378,2770.662737388984,8343.75,7125.0,1.213114947227614,-0.0293583823807419,1444.990853543708,171.0759390137116,937.5059985121172,499.866251987832,Target,
0.9289460973138508,-0.0023983595173024,0.0863527162905909,3.152630348560836,1.2521872796076994,5542.226946041076,2822.6893687020665,8328.125,7250.0,1.1652486643579318,-0.0609688866557096,1297.663397840504,175.3036719205014,877.5249924128595,452.0438617554847,Target,
0.9927903540484272,0.0150838964767805,0.0437295052820705,3.2542932071960555,1.257327185724473,5549.074333953564,2794.851029167709,8265.625,7312.5,1.2493739285893934,0.1029043392744042,1510.3660615385304,201.6830680960272,1027.092577400338,507.5109774559751,Target,
1.020890905644382,1.6697531265958672,-0.1686821640036207,3.937622901830064,1.3151069370920043,5408.17881282312,3417.3312355373205,9078.125,6750.0,1.2233558522983494,3.7976934340303306,1323.475495829928,250.64859295211215,1100.059530815881,551.355715032354,Target,
0.9111945138629872,0.7695618428376028,-0.0832415135367627,3.538194783604769,1.2783845611751632,5310.095132187419,3386.427090506974,8937.5,6875.0,1.1148756514051803,2.2954893813733923,1059.0028596600414,190.4584568246325,858.1042605802719,424.9695396062984,Target,
0.8451334695775872,0.4028192145407283,0.1368577385397442,4.017111701111163,1.270847702253635,5434.308386800058,3581.817584474935,9406.25,6875.0,1.044760978665356,1.4464640854637514,839.6137533662696,177.31970926446186,744.988174317103,369.09142176564615,Target,
0.9774456393837186,1.1118906868859852,-0.0961726859441918,4.1457276232387335,1.2985881000301542,6490.044294597422,3547.097700336973,10843.75,1937.5,1.184739335475801,3.380373111176308,1353.1672097040378,285.191001868788,996.417178145042,499.3607124396043,Target,
1.0359789701525712,1.3665230355250513,-0.1982251806805816,4.165000610602824,1.2978052977176673,6480.784205709273,3575.1562240550084,10890.625,1937.5,1.249173318414217,4.125652333291526,1478.9603863033562,347.47649966223776,1106.7884124580828,547.7828990752171,Target,
1.034924041771205,0.9804758300457896,-0.1791461496560728,4.169246117688554,1.2766464037346454,6329.395063316541,3521.4813014625365,10375.0,7625.0,1.2664533514674303,3.372948039753941,1410.7686756292603,375.248096007279,1073.207340056053,520.3410493008232,Target,
1.063382357978612,12.245460184721534,0.0748630295192448,7.25083211296474,1.6152959264693985,7102.68985896344,2696.793970695074,9890.625,7000.0,1.0265645815695177,17.921528640085537,2183.2526371179897,55.3211865388713,1249.5066025201395,638.2305250210347,Target,
1.130769637545343,9.47582562991243,0.0878527650435416,6.818724781405622,1.5629058077226985,6673.916290882005,2950.7361457827624,9531.25,7000.0,1.1259133195869817,14.437180615776938,2342.022727347703,110.7692317321208,1404.869557510969,717.4629614507062,Target,
0.6499016923087527,3.4032140771381023,0.1756076546924681,5.759247222870504,1.3596698906530624,5598.611756294643,2902.2384781629844,8296.875,6250.0,0.7505595680320277,7.984100910670472,648.6225930497324,89.27280378652604,432.84970858749415,219.7870271217789,Target,
1.3600912379678185,20.521487985725315,0.0447790945999144,7.933128903781401,1.951521048474394,7250.647228665166,2888.246202774629,10312.5,7875.0,1.094246918218459,22.31049311980344,3564.290223375332,104.46593903676366,2264.2424410168705,1122.4521867914768,Target,
1.147891928722731,30.441861753085064,0.0909738523292071,9.399647163394732,1.984857448299064,7141.552147676916,2885.8604507402188,10109.375,7875.0,0.9077894103210749,39.53567455085658,2537.294625480653,85.85925355260639,1542.9502353213206,759.1790099834561,Target,
0.3806144153920333,0.0196159479994411,0.0010664212433361,3.2402875610977397,1.2590431150357266,5902.503237676151,2675.292058383732,8328.125,7375.0,0.4760565963738546,0.1266395186921425,239.48207585195237,24.611004913116005,150.38270083141222,74.19435214865275,Target,
0.9692031301280072,0.4304436151186892,0.0334374361063498,3.6507911625007465,1.2766562373666828,6017.9435482516565,3626.280685944189,10078.125,2000.0,1.1911495637043323,0.7171001579346736,1109.1966171791378,358.536763137944,982.0456745080857,461.8034569260204,Target,
1.009623094335921,0.308435676728779,-0.0401937092018974,3.5669379611400664,1.2733912444958275,5950.377288033148,3531.986291116646,9953.125,1937.5,1.2460675245150692,0.4878976532857573,1176.62821559114,415.1732749148812,1020.5257807221758,467.04733285667896,Target,
0.9868906893020352,0.2157514650739478,-0.034035944048389,3.6491001289894007,1.2686315050715282,5848.066182085778,3511.3132023583457,9859.375,1937.5,1.2202505968541564,0.3063602289006857,1082.234789991909,420.1251594845578,962.479724634379,465.42333894146674,Target,
0.8751397005279545,-0.0201336264190632,-0.0774286249719721,2.8074181869374226,1.2619778533898538,5680.528960445195,3183.272276566273,8765.625,7062.5,1.0899536811948458,-0.0781837026671068,1103.1838014186458,151.7659612724718,786.6621131431978,370.8977790855545,Target,
0.9484680610079362,0.6232889067270726,0.0333826093185439,4.147951532498434,1.278262907054443,6056.707846120444,3321.8342285823114,9656.25,7625.0,1.1616094269737678,2.4508124114583563,1346.1807940945787,172.53130243896675,950.5949225069008,476.5512300081592,Target,
1.0593211401597826,0.6187540468147645,0.0023542726070559,3.71388750590805,1.2867659558937017,5919.546446348046,3332.3349191938096,9531.25,7187.5,1.2926271524206787,1.451702874614261,1601.9132437330004,254.947621102626,1178.2878713260682,585.6088559093291,Target,
0.9800568052283534,0.624675153604958,-0.064844104945349,4.39970015856314,1.2768810596927558,5652.414300969572,3512.577168296229,9750.0,2000.0,1.2036764622218523,1.62481504896125,1025.2650345682528,410.89488651452007,980.4708831160076,431.518362554832,Target,
1.000072289995817,0.597193441655274,0.0055597556243089,4.311644392608964,1.2857557887443865,5690.367394190538,3452.0147188857595,9671.875,1250.0,1.2246553967728668,1.766419894229598,1180.4617117300006,330.8250795136203,1051.247159471416,476.9707468948855,Target,
1.0406943329515912,0.2793770803525182,-0.0780607187124205,3.57678998551289,1.2787350881859638,5471.974532125245,3347.1084957593857,9218.75,1250.0,1.2812370874949657,0.8754167776057966,1231.6534644865665,401.5999846105889,1141.924060771241,534.0034431812103,Target,
1.3619938547212809,19.11410312460144,0.3959408145310685,9.385479359362686,1.6757456604630203,8005.373199652019,3660.846034102328,12171.875,12312.5,1.2844444823605,20.91316538993149,3166.3659836758484,316.482478566842,1752.0464250089922,706.6128695688178,Target,
1.404507858013634,16.900309773225125,0.3613625024580774,9.101383903358206,1.6472201765874492,8048.983254852144,3660.377209161064,12203.125,12312.5,1.3428479560491504,18.75289249199434,3366.6180826716927,339.6856752896672,1858.030887001664,802.5960651366925,Target,
0.8984697395514057,2.4710049001851218,0.0110966325181576,5.453598329709203,1.318355783190985,7028.865934560445,3754.1783025087375,11578.125,1812.5,1.0695221704798898,9.155374444148665,1164.0687713511445,242.2719342133072,800.6757932378264,423.495343451974,Target,
1.166732649194385,1.427620911039269,-0.0206958095597193,4.906919652787076,1.309957820446386,5493.484417548294,3524.60039051642,9421.875,312.5,1.4015872420819346,2.660319708545723,1580.8172491798236,335.6348534857277,1414.4835469514787,690.045287522968,Target,
1.0739284984602877,1.8897904092155429,0.3121720900673881,5.193664973330071,1.3179404075175527,5571.156692996956,3458.090264292731,9328.125,312.5,1.2781278789582529,4.366717496596244,1447.289893821439,210.44787805838612,1140.1912490393215,544.1533623745219,Target,
1.3670261941133488,2.6450873506888595,0.2147177572641551,5.617277435997634,1.347018399797977,6180.113853865916,3598.007174118386,10281.25,6687.5,1.579460734935994,5.412862606068133,2623.15408136326,317.54394509143214,1832.7597962819136,873.3394378439452,Target,
0.994568526362474,-0.0988728465624406,0.0463616799414599,3.364158110861009,1.247091051268315,5686.045897607162,2639.1158767450734,8250.0,6375.0,1.249832282273455,0.0804478469936396,1688.6492548625686,115.07782969536596,1008.0322698346254,488.2855766803069,Target,
0.9628935602802796,-0.006349585966678,-0.1096752441767748,2.793420563231741,1.2567786609657596,5689.702716641181,2595.867770651865,8218.75,6687.5,1.199430836688914,-0.1316292574937203,1563.1483531311428,116.50913049808156,947.8912553145062,481.2280310649066,Target,
0.9964663177841918,0.2350512817981833,-0.1279286611045274,3.562637738762105,1.26307786760786,5679.991822153459,2608.277935816127,8203.125,6687.5,1.238232084690987,0.8011092775014177,1680.7132806669736,125.19721576615764,1061.4546639977234,540.9763352744985,Target,
