file_path,fault_type,fault_size,load_level,sensor_type,or_position,sampling_rate,rpm,DE_rms,DE_peak,DE_std,DE_kurtosis,DE_skewness,DE_crest_factor,DE_freq_mean,DE_freq_std,DE_spectral_centroid,DE_BPFO_amplitude,DE_BPFO_harmonics_energy,DE_BPFI_amplitude,DE_BPFI_harmonics_energy,DE_BSF_amplitude,DE_BSF_harmonics_energy,DE_low_band_ratio,DE_high_band_ratio,FE_rms,FE_peak,FE_std,FE_kurtosis,FE_skewness,FE_crest_factor,FE_freq_mean,FE_freq_std,FE_spectral_centroid,FE_BPFO_amplitude,FE_BPFO_harmonics_energy,FE_BPFI_amplitude,FE_BPFI_harmonics_energy,FE_BSF_amplitude,FE_BSF_harmonics_energy,FE_low_band_ratio,FE_high_band_ratio,BA_rms,BA_peak,BA_std,BA_kurtosis,BA_skewness,BA_crest_factor,BA_freq_mean,BA_freq_std,BA_spectral_centroid,BA_BPFO_amplitude,BA_BPFO_harmonics_energy,BA_BPFI_amplitude,BA_BPFI_harmonics_energy,BA_BSF_amplitude,BA_BSF_harmonics_energy,BA_low_band_ratio,BA_high_band_ratio,fault_label
..\源域数据集\12kHz_DE_data\B\0007\B007_0.mat,B,0007,0,DE,,12000,1796.0,0.1379772529554652,0.6226411106405136,0.13797686801093412,2.95712039277253,-0.007632245867121619,4.512635940371149,15.458151856145637,39.858212239941345,2761.004202182399,6.42500715104871,10.478710395312449,28.99714438173669,33.47308807587576,7.001946706940042,16.533920286799248,0.2838256634549854,0.7161743365450144,0.10170294830879031,0.39481067552537463,0.10170287399513289,2.7293701080504253,0.00713825331023349,3.881998330339954,9.287998814733283,30.111617994434734,2800.0025698447753,1.247976643925074,6.274910853480728,24.19283371979276,27.69946461065018,0.9293541149057106,6.606381999103244,0.3085945481881728,0.6914054518118253,0.03525228842438714,0.15962084738163582,0.035252285811863196,3.1245784340396505,0.030932037861445584,4.527957035300207,3.103878389700254,10.472222552233125,1834.981813745244,3.8298298244731814,7.888362356377065,33.07181956847275,36.15204992041117,1.759402162718704,5.854477921709493,0.7770373198821601,0.22296268011783926,0
..\源域数据集\12kHz_DE_data\B\0007\B007_1.mat,B,0007,1,DE,,12000,1772.0,0.13898778540923443,0.6659221374453641,0.13898762831789546,2.970119852771731,0.008788088433626322,4.7912277721716965,14.659127326328452,40.49202649175186,2786.294293297075,6.0758494538357315,14.895974053994486,40.27855964394164,95.23983732300053,5.996146365137303,10.83938845689125,0.25568432486867215,0.7443156751313276,0.0780880340795246,0.3280787846823625,0.07808802570460398,2.865009926210491,-0.01823033449706812,4.201396392541374,8.42172702336028,22.681661797189854,2796.1413146662208,0.7119301189032097,4.383547455217945,36.35283139947024,143.95307143952436,1.0855429353950197,6.101631837927958,0.4506390055009504,0.5493609944990477,0.03478187414751116,0.1430229553916761,0.03478181787654682,3.009085366098326,0.02836730375278455,4.111996805724461,2.867314364082933,10.388341829468686,1825.2486488118454,3.0144445654380507,6.440546795039506,41.50691605590306,65.5103191926596,3.405622341561791,10.421562381090554,0.8528052736375813,0.1471947263624183,0
..\源域数据集\12kHz_DE_data\B\0007\B007_2.mat,B,0007,2,DE,,12000,1748.0,0.14792968736489356,0.7557060774101738,0.1479295611206758,2.876971665697882,0.02300160068596125,5.108549141634411,13.506356101628757,43.799182647412216,2681.5753320950253,11.205436352203721,19.725855608392994,15.180894088965436,21.102622021065063,8.96510114137664,15.380219850631487,0.21362459515627474,0.7863754048437251,0.08192833333868504,0.3398232630186395,0.08192826615790312,2.8895585794998193,-0.0050969937602731875,4.147811253694591,8.613286777323038,23.87862057989153,2723.3079368424555,1.3516864622562845,6.381606213845621,20.83170557247964,35.34759521488813,0.8875040669585593,4.713608939527221,0.594397821347621,0.4056021786523772,0.037087367729633315,0.16325411665747452,0.037087256834205315,3.146300390236501,0.03751810005699612,4.401879309623591,2.9723788969919425,11.100051642956863,1757.3553712678197,2.5595145810709314,5.800380533373474,10.929052210319908,14.248196345209351,1.3228926794180045,7.318197170652168,0.883464139620908,0.11653586037909174,0
..\源域数据集\12kHz_DE_data\B\0007\B007_3.mat,B,0007,3,DE,,12000,1722.0,0.15431174465638978,0.7251441769960921,0.1543115532763732,2.904633844897299,0.023110660251579835,4.699215724705794,17.255313666237562,44.58949221506113,2774.538263554962,8.135566484990708,15.106882883604186,24.185564452502952,29.724001010539848,5.12440115613275,19.59233866582006,0.2766967095575828,0.7233032904424169,0.11952812600846478,0.462731718263085,0.11952811304591483,2.6888899286682637,-0.11473503241656723,3.871320782108766,10.336198377673915,35.56279937885978,2734.214431350374,0.6172461050412871,0.9400891383432808,19.626012348468187,24.74289635853642,0.2094384041349525,17.530541432268198,0.8046471308231314,0.19535286917686798,0.0450745282120434,0.2012861244372647,0.04507452578198642,2.979470933109787,0.10157241428008858,4.465629090788428,3.1977079109550486,13.594820415376002,1792.0136763381079,0.35811224745859505,2.68619943756603,22.460642305849674,25.7637776487964,1.574472036030106,17.35990474521291,0.926359313680027,0.0736406863199727,0
..\源域数据集\12kHz_DE_data\B\0014\B014_0.mat,B,0014,0,DE,,12000,1796.0,0.15019391817440295,2.4914058987989183,0.15019342424158932,21.293149129678564,0.09839350561643827,16.587927987243365,22.59915414990936,40.68022772416305,2511.41829847068,13.189521570054863,26.12572080490514,44.11542710206482,69.0656907044149,14.299667125854894,60.77710665166326,0.3742418343336996,0.6257581656663002,0.08135433561287964,0.6992859206869748,0.08135265279668853,3.9398883903531776,-0.11248981998907279,8.595558127528573,11.31659030465256,22.52420364515136,2485.3257977951857,8.191752029236827,12.308320835205011,38.76129957208013,83.03568933128417,7.175319754973152,55.96651397052931,0.376891589047093,0.6231084109529041,0.04612804656895713,0.3480737415419035,0.046128008720444286,3.8134926580714144,0.042258174319464395,7.545815776559402,4.6663507717720085,13.509033532723375,1575.6041966290322,2.908615590741093,5.358498121857935,49.522351739250055,56.967288905065885,3.922928425681051,35.131886708659835,0.7520745307073436,0.24792546929265538,0
..\源域数据集\12kHz_DE_data\B\0014\B014_1.mat,B,0014,1,DE,,12000,1772.0,0.1412421765763155,1.3200480562590258,0.14124215961372277,9.073033553924779,0.015254329334815239,9.345990611705009,18.903229777870862,39.46905368214508,2814.7456122695066,3.815056996070669,11.337462624492465,40.91688177148138,46.645535468329555,1.4898652125347527,12.082494264563206,0.3299433607045604,0.6700566392954393,0.06530187386046699,0.3275145581410224,0.06530187023532205,3.1023593720517457,0.0016223038277097123,5.015392955504391,9.146019808632271,18.047894645261728,2817.1458965314996,5.4583380535749075,12.563139217155856,33.513258889733386,123.43529575096454,4.580747502532693,29.484048234285556,0.4429705150515459,0.5570294849484513,0.046135483693777624,0.17110675549095003,0.04613540086059926,2.7436804892091327,0.04746333088798886,3.7087885894220616,3.3041651672173757,13.907464917297172,1837.224309426763,1.571993490339147,4.3933161749681275,32.91408558565823,70.11818877739054,2.7027536679075648,10.144058943643216,0.8405700766243474,0.15942992337565187,0
..\源域数据集\12kHz_DE_data\B\0014\B014_2.mat,B,0014,2,DE,,12000,1749.0,0.1476870311914707,1.8222384164708272,0.14768701576329243,9.928000515660926,0.13204108512114543,12.338513421048889,21.80629225020931,40.22917022784557,2606.9075200117104,5.962540614012284,19.892650765232133,28.681914266944688,48.88877651951559,8.006310197671265,62.64169448979794,0.39789934754779804,0.6021006524522018,0.07576499246692175,0.4902002971645963,0.07576499180254453,3.366696113099945,-0.041093512420755034,6.47001050489925,10.462871349594614,21.014290489713723,2607.487076112696,0.6914370383635272,7.24280252933727,25.458742986109584,67.11853554055354,2.6745396641382473,22.140456939960053,0.6602733214751542,0.33972667852484373,0.047845138266299034,0.30648047681359725,0.04784513821122269,3.552771729581158,0.12633982966022778,6.40567647872124,4.594823489136659,14.094207822905444,1553.939569750861,1.8020161052731913,6.335868171140726,31.31477409444508,37.36385562734811,0.5662946786492514,19.47382756872734,0.883571370272775,0.11642862972722454,0
..\源域数据集\12kHz_DE_data\B\0014\B014_3.mat,B,0014,3,DE,,12000,1724.0,0.13873545883321875,1.9859774061103628,0.1387354537088323,15.083341292979474,0.186433866890955,14.314850888249207,19.13115889789605,38.49365583211441,2625.513429086511,1.1381701404443116,10.487492627476879,5.726397078740003,18.060467286483036,1.7087101102751303,53.023958170695145,0.4154024167724578,0.5845975832275419,0.12585418989310074,0.617857838884792,0.12585403454890778,2.7215109406468136,-0.12079759036548635,4.9093148143068905,10.800309653677791,37.46902277889293,2520.4399267326767,1.3713835249901885,7.22258426979959,8.013511826607887,20.86913165444082,0.5432047402033948,11.364492479011835,0.8769512719457482,0.12304872805425088,0.05153730293368443,0.32128449858519337,0.05153719144891809,3.399509524430727,0.32417851980786055,6.234018473931511,4.6032201643189845,15.29040392569398,1571.4278374922671,2.773953001124732,7.577220494364001,4.765669683821339,13.846566350567308,0.8191571342527585,45.25989808453248,0.9134326901069825,0.08656730989301722,0
..\源域数据集\12kHz_DE_data\B\0021\B021_0.mat,B,0021,0,DE,,12000,1796.0,0.13817583784979287,1.6426922911729396,0.13817583117384336,9.076202422217762,-0.014506663605263065,11.888419254303093,17.09338583053624,39.25178092579965,2814.4419563246997,8.10913864112555,20.68191045850302,36.38970493227411,52.64107332653342,8.242692796661457,12.155851674596734,0.24840645443714843,0.7515935455628511,0.09034704144056091,0.5529924904463488,0.09034703962457598,2.7838456180749342,-0.0009794125288497778,6.120759259285332,10.16645762425473,26.08163355653798,2970.20711198094,2.884774722259373,5.645028929579298,30.074549357885097,35.232019187309035,1.4336253916464854,9.293874405716926,0.29989545093761044,0.7001045490623867,0.04206712386605673,0.1818828788612316,0.04206705222691891,2.949022514034607,-0.02420669973856813,4.3236347566891755,3.613612178525323,12.523102849483443,1990.0004080209224,0.2961860072801372,2.2814231660000512,44.85115317050504,50.29572693989097,3.701357473356712,8.526077831587584,0.7068397891674737,0.29316021083252514,0
..\源域数据集\12kHz_DE_data\B\0021\B021_1.mat,B,0021,1,DE,,12000,1774.0,0.12291503929072105,1.4724466900435575,0.12291492270053926,8.9478203818625,0.008622166636519674,11.979385911929768,15.409722463381406,34.82702206233039,2870.8334683556923,3.263157329715181,4.981931726730451,9.193052091274513,40.39582057994129,2.145514143538487,18.150604614992826,0.23689867773994044,0.7631013222600592,0.0725961204254974,0.4796719492343664,0.07259611601609896,3.1003192647872755,-0.017885697542410487,6.607404726629094,9.097285145388716,20.57129912070594,2991.5524086859896,2.1715303363887357,5.0489972020245695,13.214407647945999,47.81185746147223,1.484164162835841,9.648588835282048,0.4520791807186403,0.5479208192813554,0.03500280867064177,0.18321821986537262,0.03500280815798143,2.982945825435068,-0.013184864463250975,5.234386234240824,3.103700256089383,10.3916275523378,1975.4810715809422,1.0400009179045122,3.8392912110624193,5.00631038789382,28.31171190199892,1.6824362799503059,4.606108969569506,0.7580103019350242,0.24198969806497458,0
..\源域数据集\12kHz_DE_data\B\0021\B021_2.mat,B,0021,2,DE,,12000,1754.0,0.10701522003730049,0.6866330298110479,0.10701403565665131,3.4376726869300454,0.03513914001560064,6.416218455390923,11.740838307628886,31.009575194685365,2657.1248563065137,9.412843823138662,17.397522865424442,40.398110488209916,60.47459843333364,7.528314473810814,29.161019772754408,0.30511745017526276,0.6948825498247367,0.07334333502284576,0.33095518133672025,0.07334323127663024,2.959768855557397,-0.03064902697436601,4.512409767480996,8.006714078835264,21.26738090433971,2889.711131907059,1.907062428324186,6.89794306891325,26.296811148801037,36.67394343028249,1.0666090613692247,20.23523597371781,0.5661650312609177,0.43383496873907956,0.03595738163042854,0.19504918652797998,0.03595735545655699,3.066104171907203,0.023670674909632018,5.4244546650449585,2.9262947844645217,10.749817473276561,1827.2960362537488,2.741771195394397,4.56237482254183,31.500290085335326,38.62212010197997,3.497143745345676,6.1250066013318065,0.8240321988146916,0.17596780118530755,0
..\源域数据集\12kHz_DE_data\B\0021\B021_3.mat,B,0021,3,DE,,12000,1729.0,0.11730167865372074,0.5113354905685328,0.11730166390002442,3.1152847748545645,0.021537382780289164,4.359148960502225,11.499330584377494,34.4774618278966,2727.4586107565024,2.417633513541815,5.855690957610502,49.19523281802608,60.824821717106445,4.223113535967218,8.374742525454709,0.428248154709112,0.5717518452908876,0.08941776188236081,0.4030632352729981,0.08941720522212115,2.949726823557839,-0.049180997686994715,4.507641734572528,8.941900371838303,26.222575080709824,2784.495715143941,5.439394818880778,9.79472869169504,34.65156948840083,43.081800110837776,4.515688362764017,8.537023489614263,0.6850647773772419,0.3149352226227564,0.04287612451989909,0.1776968433780327,0.04287612377686735,2.9404678059281424,0.10237808836050276,4.144424090744546,2.972577363248771,12.947839476327653,1847.2588973044017,5.3155712578237955,8.338807063364953,34.52095855440686,37.17443877175637,1.94328209843677,6.773980695416291,0.8931602827731148,0.10683971722688491,0
..\源域数据集\12kHz_DE_data\B\0028\B028_0_(1797rpm).mat,B,0028,,DE,,12000,,2.073601442104077,10.528167888131929,2.0736013438213443,3.7762838518147874,0.03313217240766944,5.077237927385424,263.44042206341715,585.9882127295076,2927.0624352325913,,,,,,,0.6598483335590615,0.34015166644093836,,,,,,,,,,,,,,,,,,,,,,,,,,,,,,,,,,,0
..\源域数据集\12kHz_DE_data\B\0028\B028_1_(1772rpm).mat,B,0028,,DE,,12000,,2.023464896102672,11.555480010888497,2.0234646846769193,3.882532394873009,0.031007199396746746,5.710739056133427,258.7701843762745,571.0529324284738,2934.4052078204113,,,,,,,0.6875507002191872,0.3124492997808126,,,,,,,,,,,,,,,,,,,,,,,,,,,,,,,,,,,0
..\源域数据集\12kHz_DE_data\B\0028\B028_2_(1750rpm).mat,B,0028,,DE,,12000,,2.1492313786004096,12.171696245505785,2.1492313031087997,3.799457807047385,0.015396376651239753,5.663278680321547,264.7053395464035,611.0432751399837,2892.2192722815066,,,,,,,0.628097927366721,0.37190207263327885,,,,,,,,,,,,,,,,,,,,,,,,,,,,,,,,,,,0
..\源域数据集\12kHz_DE_data\B\0028\B028_3_(1730rpm).mat,B,0028,,DE,,12000,,2.142703672531061,11.248584936986221,2.1427035834630344,3.906680096074476,0.031983166591378905,5.24971561919193,263.99167939899854,609.1482714031654,2981.745682191985,,,,,,,0.5907153177587536,0.4092846822412462,,,,,,,,,,,,,,,,,,,,,,,,,,,,,,,,,,,0
..\源域数据集\12kHz_DE_data\IR\0007\IR007_0.mat,IR,0007,0,DE,,12000,1797.0,0.29133552361486315,1.6988706260048076,0.2913350250647545,5.327718163958572,0.1718960295747975,5.8313198642080595,28.120794262503384,85.77518288915212,2753.4442424625972,7.317817546777479,22.956131520447748,82.83945321157898,95.33853266841575,7.776844199615963,16.753092402192742,0.5975594825970328,0.4024405174029668,0.2408806544983529,1.1546957660953712,0.240880503444622,3.3098919321987013,-0.21865911612540034,4.793642596579987,21.705170089075175,71.40831596739277,2478.3092098288325,14.53150892525747,26.91267378750554,49.862776693920196,65.92463623713175,10.133178695937977,33.454525468841624,0.8565001651082883,0.14349983489171117,0.09040829834945607,0.3665810810385579,0.09040829129974268,3.070214563040405,0.10367309206802944,4.054728246533394,6.046047544809309,27.35172445827881,1802.9314171864946,5.269262513059933,12.17890549009699,62.71180607605557,69.41925234053151,2.4283369670160555,6.260029401176158,0.9364669533045824,0.06353304669541739,1
..\源域数据集\12kHz_DE_data\IR\0007\IR007_1.mat,IR,0007,1,DE,,12000,1772.0,0.2919555034399774,1.5575437142042206,0.29195548391669496,5.535867472349106,0.13031967311093326,5.334866771999155,27.17673659782401,86.28021567563617,2820.007274963717,4.389330990449349,11.51739641674894,59.607095726945964,79.22184886226765,3.9298769256257082,23.2049051524756,0.5793112173288705,0.4206887826711293,0.23643281231046126,1.1692917534396112,0.23643267031054252,3.362482594446797,-0.14724877871296257,4.945556168846005,21.2874058132172,70.09492402552937,2523.3791334870502,6.648664745299747,17.072551860056798,23.37254402642979,52.68474783532014,6.497164369851669,12.46396129446118,0.8877989630758814,0.1122010369241182,0.09591186500078719,0.36514179899262944,0.09591185726278106,3.103378007418263,0.019129025970691247,3.807055560744571,5.689845161572395,29.167414110756322,1743.384556116271,2.330761385005745,6.8681456476352585,51.39624539310387,60.536277368737686,2.1354887232785154,10.222273763740409,0.9628693459995263,0.03713065400047354,1
..\源域数据集\12kHz_DE_data\IR\0007\IR007_2.mat,IR,0007,2,DE,,12000,1748.0,0.2995512488322438,1.6340530699439877,0.29955124275450135,5.548508303890029,0.09278475719767365,5.455003363578358,25.402683573332304,89.26855707251347,2868.6191166289796,2.000290312311018,4.322201808964454,4.240819703611346,13.455173479135414,4.322049290969279,12.39870197891725,0.5702275909329192,0.4297724090670805,0.23108147790703645,0.9081559029659012,0.2310811117684218,3.125719778747235,0.025821722928924526,3.9300246440835482,19.14263073425017,68.9916391936468,2560.407318228711,9.13418311638484,14.75595644084291,6.379974623127532,14.744159871859303,7.507306267519272,14.31461755704721,0.8870135850260659,0.11298641497393369,0.09623036793447023,0.3672619744162142,0.09623036726641265,3.3239394636408313,-0.012927386540484911,3.8164872721499696,4.819207991777501,29.423842086038434,1803.99503085084,3.38283926510255,5.978314190316636,1.3529199332901456,5.175993009747979,1.4625008325730968,7.4460565841355475,0.9680851778122997,0.03191482218770012,1
..\源域数据集\12kHz_DE_data\IR\0007\IR007_3.mat,IR,0007,3,DE,,12000,1721.0,0.3129061308966109,1.523375098395507,0.3129061210030676,5.272552759898302,-0.01166889117109395,4.868473155289035,29.643454455471268,92.3073663899173,2863.5161125972218,3.409625478712225,12.32380647019026,13.649350001823537,24.732919248165896,2.442200255480866,7.26525591458619,0.4516163703373322,0.5483836296626674,0.22382845787479816,1.0952312800324993,0.22382837598943886,3.2169247541718646,-0.21087221026690542,4.893172612774437,20.87027237707512,66.13589336068894,2532.610192393544,4.179048772148761,9.173314104745108,16.120770441774866,36.61761271361672,4.62922153550077,8.333310520452695,0.8903040326974526,0.109695967302547,0.09734283353303931,0.6178629263134113,0.09734279141708568,3.3635671495296973,-0.11432910953660684,6.347287251543806,6.1940917719938,29.51769349437544,1633.4928050112796,7.764535935076312,18.07919876026017,20.385534728479303,33.33145602313557,8.664392959517157,17.04360697382016,0.970485849381483,0.029514150618516907,1
..\源域数据集\12kHz_DE_data\IR\0014\IR014_0.mat,IR,0014,0,DE,,12000,1796.0,0.19788885323352703,2.1665416934947843,0.19788183955616667,21.605929561540954,0.23268488933072845,10.94827555010421,23.811954685968377,56.503248768090884,2668.416954871608,29.405813928546767,49.7497586557019,63.335331498728856,108.06821233644882,24.184546706195956,51.12025756997755,0.5099082240790415,0.4900917759209582,0.1037007041587291,0.5919222026396099,0.10370070395426575,3.5416703047286684,-0.020343656981858586,5.7079863385844165,12.66028860819071,29.531091343383707,2998.0172584452976,3.295359331672257,8.040197941795459,18.044697055742546,34.95505566277008,1.1739718050468642,11.940216433049576,0.4690333346520613,0.5309666653479335,0.0564849167875261,0.30368875551937874,0.0564848443313008,3.4285951979706693,0.02823668174449108,5.376457518061603,5.095301726369919,16.743090671528247,2056.2055130122776,4.360738693559413,8.786225700979628,49.469844191059565,86.06288627505772,1.3686478763224847,6.842537085906835,0.6638035734406573,0.3361964265593422,1
..\源域数据集\12kHz_DE_data\IR\0014\IR014_1.mat,IR,0014,1,DE,,12000,1774.0,0.16663962937923896,1.9257987938679366,0.166639455865038,21.209130348984214,0.07571102471032806,11.556667528857725,18.919601435709957,48.040147549684676,2932.794999579218,4.680671648869183,11.294616253686788,24.10892731610002,53.31205452480181,0.9581671851383669,34.67168929539365,0.3763831052941046,0.623616894705895,0.08486000123931761,0.5245724900168396,0.08485965966247107,3.2982361573796934,0.0488679429361865,6.181622464716545,11.589514297613874,23.600970858225946,3011.0213867682423,6.95965557305379,11.302710018955493,13.949826789871773,48.07255528511418,1.1662549390369834,16.69284152271954,0.37669718114023254,0.6233028188597612,0.04375339774744996,0.2462969818456638,0.04375325398416476,3.139869087001802,0.03336519027986709,5.629208119271571,4.181775538750162,12.895445057278348,2120.447322051151,4.541247406321113,5.88491052273282,21.763722683674533,38.147250675837675,3.0292019851922674,18.030650235855845,0.5960065685455426,0.40399343145445665,1
..\源域数据集\12kHz_DE_data\IR\0014\IR014_2.mat,IR,0014,2,DE,,12000,1752.0,0.16224618769882326,1.8594581653894462,0.16224613152315415,22.120344999682548,0.07869139096353404,11.460720228700525,18.66738420929968,46.675665576186546,2902.667186180695,9.317936037874684,15.90399248578235,64.10727217156122,74.69711994541976,3.0292152312233895,20.657341512141798,0.3859306021160796,0.6140693978839202,0.08069489012542594,0.5405435877771781,0.08069488797439582,3.545597731564705,0.00961059082425169,6.698609874020508,10.7812641528821,22.558462815516094,2978.2798766168416,9.080065491805025,13.508708821899349,45.33324099663787,63.58880341163974,3.850473047674825,17.495643478737556,0.48214047753692196,0.517859522463072,0.04417126862926459,0.2555794659581712,0.044171064445349746,3.201855619775856,0.057326190940686576,5.786102004524346,4.291593254566153,12.995755165757108,2040.8334158489802,4.855446875117006,7.7193780791263125,21.516734764911003,31.838675054578516,3.0590303783659003,11.12013877465629,0.6778904594196301,0.3221095405803689,1
..\源域数据集\12kHz_DE_data\IR\0014\IR014_3.mat,IR,0014,3,DE,,12000,1728.0,0.18279515914768105,2.125606765460396,0.18279515865543886,18.123135780768465,0.10790026605946716,11.628353701331381,20.594043357681528,52.76017565448057,2782.7151995120716,13.821172942845669,18.93222029485213,24.51028410644115,46.01969951091256,9.914111138606938,26.00026133271333,0.4181081158867974,0.5818918841132023,0.08735048146873856,0.6010796431574609,0.08735048101351424,3.799543718649494,0.02346333588288063,6.881240183805723,11.510039692089974,24.495085808217056,2963.913230649492,4.152708078123503,5.963649482926005,20.40317258735406,44.192296995129695,0.9736477864740825,3.9417225445977317,0.5466766632746389,0.4533233367253565,0.05978881450769162,0.2737125507572464,0.05978872257427812,3.015340793449815,0.13258029663814747,4.577989261219324,4.764882511832213,17.901630502482263,1980.6041269058192,3.968975306291095,8.971991353708649,29.17825987858716,37.80046811702949,3.5761979354599585,9.22189980573401,0.8489318493690434,0.1510681506309561,1
..\源域数据集\12kHz_DE_data\IR\0021\IR021_0.mat,IR,0021,0,DE,,12000,1797.0,0.5274598674115326,3.701678024565271,0.5274588730377202,7.498373849163739,0.2824471507358132,7.017933028214946,49.187115520050526,155.85013280228682,2724.0503171570667,5.303118027841221,12.434119187055238,67.905455924263,105.11686874298053,2.3966748167374905,30.41801030919268,0.5700229487726399,0.42997705122735996,0.22425287942177397,1.1340067841071018,0.22425286843636574,3.5195678281477596,-0.016275602204242106,5.056821508963843,27.39671374829893,63.85294453240183,2894.3895157317147,5.0644172961046,9.780617247240087,24.317008130188086,55.324523930716765,5.3422949122357215,25.39312341737343,0.5315471509034643,0.4684528490965345,0.0928472265427644,0.4409247925429266,0.09284722213175751,3.8297715465828697,0.1806963691923828,4.748927985908567,7.28353126342367,27.830353370356605,1805.7868466927107,0.9066439352598603,2.793147701397529,61.29379740214052,97.88457976596675,1.6646710615533742,4.827038564082077,0.8909640179643322,0.10903598203566763,1
..\源域数据集\12kHz_DE_data\IR\0021\IR021_1.mat,IR,0021,1,DE,,12000,1774.0,0.44232332080767617,3.6200165600471763,0.44232261319825505,7.639092849046922,0.24452507905210874,8.184096089342694,44.932651791226135,129.47397123267137,2740.63524704469,5.890245084266537,11.691547943376007,18.04961464467562,46.88149099005576,1.402819149577996,21.659357370158347,0.6200265858676505,0.37997341413234936,0.16640288078660428,0.8776318488671782,0.1664028397620902,3.792694158953954,0.05169419902560785,5.274138552881526,23.35658617482012,45.96415332976438,2959.240793469438,5.247993396910707,11.73839534980922,35.58885439146815,73.5542983345125,4.756743651869371,37.86063252651036,0.5083294204898207,0.49167057951017723,0.07247012105721236,0.3922608298653909,0.07247012105294051,3.998955139809813,0.1859849199954201,5.4127249153580985,6.356101383894821,21.53564826213419,1887.1090297809458,1.2270267511312134,5.089009790776251,12.597386165832573,37.287529377346594,1.904112581540274,11.282068131026616,0.8854432946441736,0.11455670535582606,1
..\源域数据集\12kHz_DE_data\IR\0021\IR021_2.mat,IR,0021,2,DE,,12000,1752.0,0.48759663977583256,3.5681821731068726,0.48759637924119964,8.003194313831429,0.2397705387720179,7.317897380809078,44.49586852814426,144.37516564231763,2743.41130095087,9.94803224943518,17.77370292054783,82.7882557052409,108.83346480122569,8.098758992054167,37.434821519275765,0.6997299846111156,0.3002700153888843,0.16401163907583946,0.9694507431501451,0.16401148336752944,4.062038574161691,0.03660598031438656,5.91086552523183,22.33124593939555,45.64759423994776,2952.1387378090776,4.335271934039893,8.080268126944414,36.896102195659125,75.19335486200852,2.7964127574536928,11.373553331772188,0.5464727887654027,0.453527211234596,0.07102514094393383,0.41099883935325243,0.07102512373075497,4.004890980300318,0.16451910081196397,5.786667001163555,6.264800729763498,21.095764706821274,1817.6243446292526,3.4213245979541647,10.309772337716755,62.51877829787364,86.25730363896035,6.086542419055707,24.315732100424057,0.9008833061801215,0.09911669381987813,1
..\源域数据集\12kHz_DE_data\IR\0021\IR021_3.mat,IR,0021,3,DE,,12000,1728.0,0.4466256061145986,3.5389376141671485,0.4466255714294369,8.15640310724568,0.3046550169007808,7.923723059575543,43.13880460743182,131.48609046945467,2712.4742988014614,10.165546878329419,20.46115718357363,49.69333954779251,102.90720136468465,6.233006257173183,19.996000189395907,0.7524462927846431,0.24755370721535683,0.15957625265115696,0.8655886782123219,0.15957625046130022,3.939984172581597,0.049247250964303095,5.424295055383644,22.076665147300538,44.24048645876155,2884.202459639839,10.320134112620797,14.967780390192674,29.718127729906172,78.41603431920363,7.970325121116261,22.025567781678465,0.6064443939809493,0.393555606019049,0.07356386859135897,0.4444728914866144,0.07356359712547937,3.880019060859506,0.21377855444624372,6.041999965439875,6.183501366321983,21.938228055797822,1839.3080235731854,2.6755519745130716,5.916330936197754,44.46705556793204,68.436784046331,1.077158640442832,11.934037010721745,0.9279052312688787,0.07209476873112099,1
..\源域数据集\12kHz_DE_data\IR\0028\IR028_0_(1797rpm).mat,IR,0028,,DE,,12000,,0.8423019916618282,4.412063570191996,0.8422973674930172,3.400290622350113,0.09179366662612792,5.2381017899378,80.65123753548622,248.20455201774126,2229.4361148432586,,,,,,,0.9077877648552151,0.09221223514478483,,,,,,,,,,,,,,,,,,,,,,,,,,,,,,,,,,,1
..\源域数据集\12kHz_DE_data\IR\0028\IR028_1_(1772rpm).mat,IR,0028,,DE,,12000,,0.8393395086280417,3.923396342508398,0.8393394806887622,3.190265921046296,0.09539127538236895,4.674385397300623,83.1472331174596,246.40953706803168,2452.2951536442615,,,,,,,0.8689945310085185,0.13100546899148133,,,,,,,,,,,,,,,,,,,,,,,,,,,,,,,,,,,1
..\源域数据集\12kHz_DE_data\IR\0028\IR028_2_(1750rpm).mat,IR,0028,,DE,,12000,,0.8389459813107332,4.200296949172232,0.8389458925653864,3.284919903916596,0.1424373240979111,5.006635758132924,77.0791563629013,248.24691833293434,2385.724508563268,,,,,,,0.9293257757777589,0.07067422422224101,,,,,,,,,,,,,,,,,,,,,,,,,,,,,,,,,,,1
..\源域数据集\12kHz_DE_data\IR\0028\IR028_3_(1730rpm).mat,IR,0028,,DE,,12000,,0.8244466299486944,3.8601216692299056,0.8244464908641257,3.299321067392691,0.15987110473113056,4.682075866414934,77.8829215848623,243.2830617251751,2338.950532105922,,,,,,,0.9255201380203755,0.07447986197962451,,,,,,,,,,,,,,,,,,,,,,,,,,,,,,,,,,,1
..\源域数据集\12kHz_DE_data\OR\Centered\0007\OR007@6_0.mat,OR,0007,0,DE,Centered,12000,1796.0,0.6719725461159843,3.772104365528572,0.6719691626220173,7.5811106033365245,0.0658526719837515,5.6134798770149406,52.70776695828073,201.42206847174944,2969.05432480775,40.95659394198895,77.90001053775556,21.384061264763968,48.87750488056588,34.72987243502163,75.69920139420141,0.26201474734393315,0.7379852526560665,0.23331017454277,1.0166647650299445,0.2333096958294947,3.5835431274580216,0.013188033588735413,4.357567204355125,23.375487433471687,68.40495037433412,3165.449362672459,4.518356604282885,11.368296037149475,35.106400831552364,39.59814352191477,7.070716820739188,14.2817957098373,0.15669272091662875,0.8433072790833681,0.0766663266694013,0.3896551736931114,0.07666632631892766,4.03928215749397,0.1372723507700787,5.082481326819963,6.830964203911328,22.750815262464705,2298.180493488012,4.00402981050718,6.333931297626764,43.526680721396254,45.3844943794612,3.529821346411447,11.506550993163911,0.7162915934872895,0.2837084065127098,3
..\源域数据集\12kHz_DE_data\OR\Centered\0007\OR007@6_1.mat,OR,0007,1,DE,Centered,12000,1773.0,0.589142978352202,3.154438034356361,0.5891429773889933,7.565761411807913,0.036824975711120506,5.354282661874605,44.649327909746894,176.99442002629766,3039.7746440940946,34.0471740868574,54.338402835572026,24.215251742278483,144.76429929854731,22.73029756038415,32.12921447687026,0.30741789034779865,0.692582109652201,0.23038437622968216,0.9779439086214132,0.23038424999546972,3.385836105278234,0.03500817732760758,4.244836063216588,21.918331497347282,67.93364826078961,3162.612155835409,2.7178206250630796,15.979629199234957,13.494813354352264,216.47698499764064,6.684555197585252,29.857642610101802,0.20512860382496323,0.7948713961750338,0.06858196702110039,0.35637707671285535,0.06858196203161326,4.003056549179709,0.15267821622442748,5.1963670946213885,5.829023734377596,20.43421697028099,2302.1977297518306,1.819198135954457,3.838770042867505,12.963239161958914,51.86571391371085,1.9348562006467755,11.36092466490122,0.7678345432978336,0.23216545670216585,3
..\源域数据集\12kHz_DE_data\OR\Centered\0007\OR007@6_2.mat,OR,0007,2,DE,Centered,12000,1750.0,0.567482252594965,3.070887048795608,0.5674821443780911,7.869904895710277,0.026383999815011213,5.411423942780858,37.00155067424137,171.89055620249698,3059.1686549616766,19.98267201486588,28.6335788181853,42.89007084190754,53.81374628464597,11.577165587183353,26.135590918625038,0.2874548073489576,0.7125451926510418,0.20217506694463308,0.8416387919052452,0.20217485264610846,3.552001538128423,0.025678581271140102,4.1629208023743764,19.247995454536078,59.611238238563914,3111.869840437753,8.498438865717121,21.81078145320759,41.97288154027353,46.399515224756364,5.700695384523141,13.784637045488916,0.256081353446087,0.7439186465539083,0.07009275669815548,0.3736689038940939,0.0700927368580251,4.166667480799803,0.16102242944576986,5.331063029854084,5.547234016747193,20.997045929252632,2224.7244595025477,1.1510292248232827,4.671121678253,43.57991744486421,45.29981862871675,5.587122725022566,10.103393584594826,0.7626921016504017,0.23730789834959798,3
..\源域数据集\12kHz_DE_data\OR\Centered\0007\OR007@6_3.mat,OR,0007,3,DE,Centered,12000,1725.0,0.5786914677357066,3.203145109425294,0.5786912701815529,7.95863080923435,0.01018784219585328,5.535151782967358,40.75960017482768,174.60676723252524,3049.287430653951,19.865260382312027,29.342822405488793,17.92842042705139,31.194230866452852,8.14309591636573,37.051672175553506,0.2931182086163385,0.7068817913836613,0.23781970736768646,1.256175738832019,0.2378184805678393,3.549632716416696,0.03527520241274728,5.282050645575308,21.85671571279171,70.36994004644687,3039.467904921857,20.30269703976105,46.7604387317506,13.368094094033857,24.26150098257122,15.736594859130049,25.987034519732575,0.20395940240120894,0.7960405975987882,0.07312969219406588,0.36952496165338056,0.07312968734291464,4.05839931384706,0.11300955050438258,5.053008573764593,5.708476730668894,21.927533879136405,2267.1133977416894,3.0470644726583225,5.62196514333807,29.3372439442635,35.215796621027984,5.361120572180734,18.082411711214522,0.8118788063853578,0.1881211936146419,3
..\源域数据集\12kHz_DE_data\OR\Centered\0014\OR014@6_0.mat,OR,0014,0,DE,Centered,12000,1796.0,0.0973984278618217,0.4672027892278848,0.09739832024230226,3.0185868246921017,0.007722741015223246,4.796820641609342,10.043319472063606,28.457570284706787,2817.596928443842,4.828207836912724,9.04871999933903,18.66340972864544,89.44333273451466,2.600364094401593,22.28133611701657,0.25087998172109177,0.7491200182789073,0.14280154635529038,0.6058739518598444,0.1428014109158992,2.4112351671545573,-0.002901997272935752,4.242768844760472,10.725233782356721,42.92589091448587,2834.950700091469,5.858659771499561,12.21431237470139,12.070035502442842,80.53396475901158,2.4206070279326726,11.669572160496209,0.15302799319091787,0.8469720068090787,0.03836376980025391,0.17861462157202201,0.038363678913333275,2.9168001877411522,0.054717304026974535,4.655815174108355,3.161144204655349,11.45856032643909,1921.9796444483875,4.711092284946183,7.689045772097273,17.883577461029986,44.48555172731965,1.5355118443441964,10.151329205098692,0.6679585145279727,0.33204148547202583,3
..\源域数据集\12kHz_DE_data\OR\Centered\0014\OR014@6_1.mat,OR,0014,1,DE,Centered,12000,1772.0,0.09148897663733262,0.41406952674274333,0.0914888548335304,2.9572332853408696,-0.0023981979481170713,4.525895271341136,9.275600525177152,26.78633471946745,2789.682396563575,6.750669187328821,14.103553857121973,4.377856167276807,95.7166448786674,4.063398928139382,32.92110562560774,0.21640164270051396,0.7835983572994851,0.09643927295818057,0.4091472258491041,0.09643891911089086,2.7484794469134273,-0.00701086332214584,4.242537436242646,9.58682025146136,28.301071230291363,2901.3525934371423,3.7542127539469465,12.12302223656355,6.916792474898548,90.42779698963811,3.9893663256072527,19.446205528771035,0.23473530548654137,0.7652646945134549,0.0310622225188349,0.17428130748783244,0.031062186639706255,2.96560959202784,0.06523134289196253,5.610715955117351,2.6790341702087743,9.243901232886415,1927.929230051241,0.6722755473784235,5.212716851662102,5.241274548351238,47.20384844830621,2.8999294563420115,16.740931741131135,0.6879058715566465,0.31209412844335166,3
..\源域数据集\12kHz_DE_data\OR\Centered\0014\OR014@6_2.mat,OR,0014,2,DE,Centered,12000,1749.0,0.0945759585059145,0.47513043570532953,0.09457592607834082,3.0240459589517132,0.0016770734933643147,5.023797201860939,9.787066515508885,27.620584042692307,2853.301768643964,1.6048870832847593,6.008993965091712,19.264632973332503,40.98977442265304,3.0396114407584105,13.955425826861362,0.24220947173120544,0.7577905282687936,0.087880072756137,0.4595340090174735,0.08787963831639269,2.8974670707887986,0.03319072653340641,5.229103647793492,9.813867502497734,25.398709118301536,2887.12477482405,3.5450661954119025,9.407109178038873,16.705753256210446,33.77954941888572,2.438434669662401,7.994235479190588,0.2803967211479147,0.7196032788520813,0.030356471578018202,0.14327788173514236,0.030356432587760704,2.955804322940436,0.07187652777260023,4.719846355229673,2.6419432398645064,9.02695066834782,1930.445806917232,2.552485788475538,5.086399925801915,21.37340678023667,32.1569782453877,3.1581864122433756,9.370575628144937,0.7462236301918346,0.2537763698081642,3
..\源域数据集\12kHz_DE_data\OR\Centered\0014\OR014@6_3.mat,OR,0014,3,DE,Centered,12000,1723.0,0.09318022933482357,0.7167631118324106,0.09317995147172906,3.940302627552327,0.010751454322057949,7.69222309227071,11.551767598068183,26.45915587848111,2836.2000506840227,6.21380582948481,14.878584180205266,18.4293100215155,67.22273508226971,3.7021754936321885,60.226037390917966,0.33651806908306553,0.6634819309169337,0.09446463608144694,0.4685418514226513,0.09446457886104798,3.0727944843676847,0.032995901048947396,4.959970956948131,11.51313610711491,26.90931458881584,2876.0266666856564,6.363908139405507,11.839153343520573,8.908232612666069,52.61130368765123,4.9970801152630475,26.25911650866811,0.41064665330761707,0.589353346692381,0.03712154632958087,0.1472834879753049,0.03712153821613292,2.8754167692536465,-0.06408702782704276,3.9676010979623397,2.8612167496138126,11.140124771064245,1929.8211333569948,3.5327804748893565,6.143597996777763,22.907398321035235,54.05668297762147,2.2212562574088612,16.406612459148594,0.8519950077042462,0.1480049922957532,3
..\源域数据集\12kHz_DE_data\OR\Centered\0021\OR021@6_0.mat,OR,0021,0,DE,Centered,12000,1796.0,0.5867890353290861,6.642397458429258,0.5867890301094115,20.860634148076965,0.09819960262969839,11.319907255431305,71.54002433938724,167.14328342613206,2892.3536089360928,23.30946237516062,55.57207536257471,25.270809968828324,54.82690338593252,20.542618453047524,45.25272680686186,0.4526672331624184,0.5473327668375814,0.18823431399698334,1.7549594636139136,0.18823431364031873,9.817995900730248,0.34018056271944297,9.323270695703435,25.815533815006987,52.29766051612875,2898.6019120877295,6.958158914824578,19.741655433190946,16.255729155660735,26.78394296924431,5.28461717292291,15.028243507317718,0.5628118695744903,0.437188130425507,0.10387454972967865,0.847734673698275,0.10387454360656961,10.184619939202559,0.6804357040653328,8.161139334942055,9.270638811071958,30.820251425599594,1829.7804187647105,3.303004736190363,8.14378366217919,12.7697841046701,22.61956684514128,1.7226801810779964,9.28804926469622,0.9456522286554627,0.054347771344537145,3
..\源域数据集\12kHz_DE_data\OR\Centered\0021\OR021@6_1.mat,OR,0021,1,DE,Centered,12000,1771.0,0.5696649406172071,6.207813646048322,0.5696649153116679,22.170197997040688,0.12430084702197,10.897306826223899,64.15030445432708,164.43382585271706,2993.23553526773,8.54816286913282,19.517809491275735,31.241591489849498,34.87151822765069,3.5072069301767583,17.35793778961068,0.3441273517300992,0.6558726482699008,0.17103907031402465,2.0009705444006602,0.17103906709889188,12.80456332873274,0.5989773305690572,11.698909148225106,23.872762224740335,47.31289709708606,2959.8288314673923,12.978692129627698,34.97595321237514,26.791582319047038,47.51429587451141,9.645838274575096,32.62990991566373,0.5108328467032182,0.48916715329677685,0.0910989788696091,0.8022659990350112,0.09109892465971517,11.245540541802823,0.6455896422676681,8.806531192663561,7.799651013797076,27.126973505202358,1846.6387093198528,5.397969201547542,14.141747399709443,30.540775158795284,40.33852721221415,0.5421718605922352,15.63693714055343,0.9449284004818302,0.05507159951816968,3
..\源域数据集\12kHz_DE_data\OR\Centered\0021\OR021@6_2.mat,OR,0021,2,DE,Centered,12000,1748.0,0.5649657497867355,6.796846775767387,0.5649657301229741,23.84885733643275,0.1315892338093187,12.030546592130717,66.21249512888768,162.04256314710332,2988.2576847977257,9.19647324685222,29.77615661777099,23.829784230518698,36.69530771033585,6.8029140336700795,98.55251206399808,0.3311202314596036,0.6688797685403962,0.1729792142180488,1.8968264497619298,0.17297921130526178,13.101910623043835,0.5608462005230691,10.965632248571131,24.610205152729893,47.61125412752512,3071.673744588701,3.6365161949753224,26.566646488846175,21.778231245284914,39.198532583046706,3.299341970730756,46.1963393295136,0.4826620062463344,0.5173379937536604,0.08948514594773381,0.7659778551476153,0.08948504284939104,11.076325191825322,0.6221077336336236,8.559832439620818,8.253764670105186,26.468961242638514,1793.6577090152018,5.664712630950773,24.7286760111167,21.93434870775614,30.470377617714835,3.337355774478684,39.49463867287391,0.947264762015602,0.052735237984397984,3
..\源域数据集\12kHz_DE_data\OR\Centered\0021\OR021@6_3.mat,OR,0021,3,DE,Centered,12000,1721.0,0.5446406295166427,6.822698247015799,0.5446405599323875,23.667033705914495,0.11646561978873171,12.52697260773733,65.71927240930327,155.4277722323738,2949.835598836048,18.78357248659957,44.51368294135388,16.69511175802529,25.0365567241331,14.944246463721065,62.19878878146965,0.29505803289101584,0.7049419671089839,0.1671085431362787,1.7727174919353528,0.16710853931794656,12.444333560205218,0.4447739673506867,10.60817992105696,24.296596645664074,45.72199658772209,3003.782696557496,1.596226137513382,12.702050026657918,12.531458453970066,19.74773217504377,0.8671460553363731,25.69462457476687,0.5444711050896985,0.45552889491029475,0.0942371062082417,0.8590263883173093,0.09423698034164782,9.816510429608767,0.6704297154296012,9.11558538755492,8.283319827849823,27.99874246845012,1816.0417430513553,2.94870664466568,10.413291546624968,16.11003728250159,20.454453722709165,2.0011340446055463,16.929410675991026,0.9563842531039448,0.04361574689605506,3
..\源域数据集\12kHz_DE_data\OR\Opposite\0007\OR007@12_0.mat,OR,0007,0,DE,Opposite,12000,1797.0,0.23793256249847441,1.7633972229913029,0.23793238804556055,8.062220924306777,-0.031830642131295744,7.411332036583305,23.22087333815799,69.96814863012344,3052.3041153689205,3.774987270168112,16.88524025913584,62.406423259827356,68.27974095378684,2.769652338969469,5.433312558064503,0.1399175418094103,0.8600824581905894,0.10432182277927088,0.6857895614463168,0.10432181074558752,3.5852444024375107,-0.00792915173169355,6.573788141119268,12.540544227455586,29.791057231361126,3359.3879549337926,4.396130027741609,8.493367041194384,30.401169781813458,36.04087115462893,2.8879236967783055,12.38094663372306,0.22055901302980063,0.7794409869701817,0.03947260166170829,0.18672064804378824,0.03947257598794888,2.937537458385576,0.004934308627193321,4.730386145915556,3.633037142447544,11.678078555196343,2092.8942958979405,3.081163439832036,9.357171823952878,55.29268271751763,58.7237288689534,3.207167771807872,6.253199676346333,0.6132023217745984,0.3867976782254004,3
..\源域数据集\12kHz_DE_data\OR\Opposite\0007\OR007@12_1.mat,OR,0007,1,DE,Opposite,12000,1773.0,0.23449228490243446,2.033634405804221,0.23449194439528945,7.951272177376128,-0.05166619264953141,8.672500277142841,22.923034562678126,68.94393706477494,3006.8354847700016,3.2025789745719333,6.215148332083487,1.7969683873334288,12.06901723475182,2.0047093123553634,9.051261110804589,0.16230242878305345,0.8376975712169462,0.11037073340650567,0.7563731336100853,0.11037067762804935,3.7187289127551892,-0.006410361123484305,6.853022628963537,13.157543862499331,31.564589418047834,3389.5649639500334,1.0006035955489252,3.8166672352438304,2.3876835351824397,18.285346375393246,0.839943372710734,13.251927622035268,0.2239822358968452,0.7760177641031374,0.04078248888467238,0.17971206499634104,0.040782470064614905,2.8822193756540577,0.01375422102279633,4.406598761162997,3.8033902431420237,12.0500068207985,2098.2952729454,0.6151339650528628,2.871794249840942,1.7077940085976042,6.885481973963628,1.956677297159115,3.072930656063356,0.6277321641831439,0.37226783581685485,3
..\源域数据集\12kHz_DE_data\OR\Opposite\0007\OR007@12_2.mat,OR,0007,2,DE,Opposite,12000,1750.0,0.2711160890099123,2.3057740979727175,0.2711160751726541,8.446785527519463,-0.03670215139783801,8.504748303183202,23.50673740033813,80.64621289409403,2913.8710845058185,15.868548071890386,27.93137930129349,12.76796785003723,20.535504433755133,9.923050175644951,18.95337106323418,0.17811490651297565,0.8218850934870242,0.11776636178926649,0.8737690700416985,0.11776610104374469,4.806625506753119,0.008803423059257267,7.419513151006894,13.040999106222085,34.07864684937481,3239.9496766208513,0.6381115909607759,4.342238712430877,1.6248507755262025,8.846712810008919,3.6541631199953293,7.416331013839034,0.28609911906119784,0.7139008809387775,0.04023599093283852,0.223865477950186,0.040235882386378825,3.246361028667932,0.03667164326840745,5.563811720801405,3.779905605096264,11.879853068634377,1951.673861040112,1.4530639895572846,5.293912617457527,0.3169634695466319,5.218496128110189,2.5250418143926674,7.554952843793245,0.8241226709241369,0.1758773290758625,3
..\源域数据集\12kHz_DE_data\OR\Opposite\0007\OR007@12_3.mat,OR,0007,3,DE,Opposite,12000,1724.0,0.25547793097814536,1.8988848766831152,0.25547793055573664,8.204612465376833,-0.03851044850598086,7.4326767459438745,24.89898790871644,75.13895028806958,3002.409616564855,5.582896224573121,11.071481891563083,1.2161409704669357,10.62448420023241,7.765973796628591,28.708718055360922,0.18097183925588398,0.8190281607441157,0.115578677166175,0.7959019938098613,0.11557836340593801,4.302695752862344,-0.00847534679302794,6.886235535171778,14.090898390671962,32.92207288073603,3247.158420013482,4.234081748572909,14.488615569814755,6.091482367656397,10.844676663250258,2.8322676893454846,11.112536907014618,0.3487832040969728,0.6512167959030049,0.04469904941594638,0.21643190551987423,0.04469904928558518,3.1677695079084884,0.0854523954511637,4.841980049863481,4.092518001415767,13.231015807825587,1957.8892197779767,1.6884504932844882,6.730070971864199,1.8482352896735872,2.99650080367253,6.173949779124639,17.605976062279,0.8763713423410902,0.1236286576589093,3
..\源域数据集\12kHz_DE_data\OR\Opposite\0021\OR021@12_0.mat,OR,0021,0,DE,Opposite,12000,1796.0,0.3834097662906941,4.646433346179441,0.3834097423170294,34.382078078186666,-0.3478809796886079,12.118714113966002,37.54576712158628,112.70585534537398,2873.4059123841826,3.042941950675027,21.655859555353025,47.561546372775446,55.761205920779695,2.754896384910951,8.95779943074881,0.3475843170294664,0.6524156829705333,0.13508721413199493,0.9599610485675047,0.1350871644742785,7.794064609156964,0.06184451272364033,7.106231738775205,16.706729672474623,38.376396288357206,2744.3257730047385,2.1376817407755144,8.905667984354977,29.82644282515153,43.77974299502194,1.1043645738338368,14.261984691933181,0.4258714624294776,0.5741285375705213,0.06239770946390606,0.4526388690174138,0.06239769894477498,6.052643824235909,-0.35143210137111724,7.254094307407913,5.619063748376951,18.49864229241711,1902.589172840436,1.440955773872553,10.096605328045584,43.31983851359948,59.73918937601948,0.7572650847892468,6.99241672505067,0.8000317784808473,0.1999682215191518,3
..\源域数据集\12kHz_DE_data\OR\Opposite\0021\OR021@12_1.mat,OR,0021,1,DE,Opposite,12000,1771.0,0.35141693696390375,4.251751928378294,0.3514169076503434,33.2167360666529,-0.40823303260699634,12.098881645010236,35.33694266406201,102.9888992298535,2847.6970227060315,10.62912271278779,20.03784285599854,20.767021849591366,34.143968789629994,4.653564065999502,20.31329456485923,0.333213700913675,0.6667862990863247,0.13686222441727255,1.8928444116802576,0.13686222435355913,11.619592892513577,-0.10229333013349608,13.830291154038653,18.629997363633734,38.09363428109188,2567.361304299819,23.23092835323886,42.33753158222575,14.349875302047046,28.8720274622365,18.28650465586601,33.85979942926056,0.43288011779061486,0.5671198822093841,0.058507586801642614,0.4462489312501996,0.05850749642252134,7.79338021249797,-0.522840807593359,7.627197695969082,5.348026055362313,17.321110041255356,1799.6311293725444,2.361808595462632,13.414621034999334,20.457071798140827,36.84032885721213,5.6222146562512485,12.132261507000544,0.8569244926687902,0.14307550733120894,3
..\源域数据集\12kHz_DE_data\OR\Opposite\0021\OR021@12_2.mat,OR,0021,2,DE,Opposite,12000,1746.0,0.3472991022732092,4.080190605258714,0.3472990969756523,32.333435526850565,-0.3634884019803396,11.748347688065596,40.994974514179155,99.4917704924661,2744.2615124748013,29.06252274802279,39.00983535701839,5.6843917809697935,29.25840874816936,24.428373303367383,44.72510614764949,0.33949293612472853,0.6605070638752714,0.1340551735552637,1.135746495366114,0.13405515366616444,9.52244805447202,0.03769564176359468,8.472231732987964,17.967832931857053,37.448007812374165,2762.109557586778,2.271221401291506,13.566624884186425,21.921001676497454,32.87688242895386,1.6409043319453533,23.328311653293742,0.4804318271614515,0.5195681728385475,0.05928524297478605,0.4852701361201669,0.059285237888165324,7.78640160169461,-0.4919230774949246,8.185344476475398,5.372192501241046,17.565723695374423,1814.902122799244,0.9713562209711832,16.169134382058424,22.279599991106224,27.405328518285017,2.113886034952551,11.684095609354067,0.8800343035835639,0.11996569641643555,3
..\源域数据集\12kHz_DE_data\OR\Opposite\0021\OR021@12_3.mat,OR,0021,3,DE,Opposite,12000,1718.0,0.31238673864961897,3.6722639573601046,0.31238671439519167,33.13248943536973,-0.44940027454996306,11.755505285642137,37.67373846725182,89.15658380107313,2864.3408896085216,5.845683460619672,18.2419797833707,48.2942778077432,65.41460824538973,4.861460840034207,16.21818212730831,0.31250384608535614,0.6874961539146437,0.13898897157055798,1.157690984334299,0.1389886130452204,6.661059464860062,0.005174689729682589,8.329372980118752,19.2013646713923,38.546580227492896,2686.6468582107777,2.436958487935436,8.201728881836592,47.72589373657737,65.359025531821,1.2607027579436838,11.602837945096892,0.58054646377089,0.4194535362291092,0.06276254356716579,0.43685237712848973,0.06276248806194148,6.105984058164939,-0.3676660257469655,6.960399504220045,5.689592585694355,18.59533127036381,1821.8999603109032,2.138284758924068,9.984993018435283,55.882598489956344,64.86098042623362,2.309914341490212,12.41017997606734,0.9045552748289819,0.09544472517101774,3
..\源域数据集\12kHz_DE_data\OR\Orthogonal\0007\OR007@3_0.mat,OR,0007,0,DE,Orthogonal,12000,1797.0,0.7718964943339669,3.360562553364212,0.7718964289859684,4.223257122760133,0.027724232638704032,4.353644015787224,56.55209208308035,232.38113858230747,2573.8151381722264,24.092074684009688,70.25944477156943,62.821637687001434,80.44726227902346,22.371320964668975,45.8238392893671,0.9613707045732864,0.03862929542671352,0.16082056881305934,0.7284403139596481,0.16082056880967419,3.1352146679273787,0.02631506755292949,4.5295220588754415,18.681061214961527,46.194052277671474,2889.1905755658595,6.747562509089707,24.31013804658795,19.56654824093,33.076297153358,5.739846083700666,19.959800051762137,0.6624824463386283,0.33751755366136843,0.08617437847625681,0.40113909782204116,0.08617436401011976,3.1681523424446247,-0.1146583817102442,4.654969434245064,7.362181304524615,25.665088784423475,2240.2827762160164,1.864859778865127,11.141663738597003,36.82817236739458,42.41282115046972,1.6858593301100242,4.646080462629456,0.7684934016593781,0.23150659834062162,3
..\源域数据集\12kHz_DE_data\OR\Orthogonal\0007\OR007@3_1.mat,OR,0007,1,DE,Orthogonal,12000,1774.0,0.8505809053717941,3.769132628650439,0.8505808694163295,4.048036608646184,0.021052643452873606,4.431245287598983,44.28676890381442,259.795157976571,2526.0895039130055,34.002044797808814,60.403927327711706,24.351033039607145,45.207742750352395,22.65800233567395,55.09693631901194,0.966473691023652,0.033526308976347896,0.18423279912951582,1.0099279186570678,0.18423276062889812,3.3832210864316683,0.10247046856875013,5.48180304174333,17.962267544542,54.18268945267376,2778.0179526070833,7.898139206348888,19.44803072675651,10.067393074397533,26.845427246809777,8.459724282093864,26.177567499969,0.7425736992460501,0.25742630075394557,0.09014267854549751,0.3899783059787257,0.09014262332648712,2.946680440664136,-0.0927759922595033,4.326233835861587,6.41097037704177,27.183963178186527,2111.6540624279105,7.201759854965495,17.010965530022105,3.760976161480869,15.278164103069795,2.1009547960415818,16.226022158464346,0.8035625530441883,0.1964374469558113,3
..\源域数据集\12kHz_DE_data\OR\Orthogonal\0007\OR007@3_2.mat,OR,0007,2,DE,Orthogonal,12000,1751.0,0.8623214997714941,7.673798681830811,0.8623213759918331,4.168816283196373,-0.009883185652176172,8.898999600339648,47.498790791289764,262.924568626387,2244.469548024647,99.74117353699613,182.38272089510528,44.27340039992947,107.66142050725539,75.86991896612125,144.28678418062788,0.9627303907480178,0.03726960925198219,0.1772035923315076,0.7909363352418874,0.17720298243451138,3.289912060432273,0.06626336236834177,4.463432850515951,16.295831938006966,52.430653943698815,2811.8677357404094,3.621577988020344,8.076344657412072,32.40913461201072,37.05312934268333,2.187034733830313,8.832166283343888,0.7394603207573303,0.26053967924266647,0.09043177317615035,0.3664268720758018,0.09043177100885784,2.859703082822319,-0.1868541766741168,4.051970443640929,5.867465090646015,27.398025997907276,2080.6454779326996,6.370681976098222,9.539528356465585,43.38389402114225,48.452027674778,1.133423876744197,10.512413569204384,0.8258027664948047,0.1741972335051952,3
..\源域数据集\12kHz_DE_data\OR\Orthogonal\0007\OR007@3_3.mat,OR,0007,3,DE,Orthogonal,12000,1725.0,0.7965621098799234,3.533412341599138,0.7965613993706924,4.07840606366984,0.02706813434963246,4.435827787655852,46.42776472205399,242.3997649292377,2568.7471632609586,21.582047605846032,43.67239523885332,35.364996965484885,55.270499534860285,16.916859373645636,49.64711078553603,0.9633522329427887,0.03664776705721126,0.1724086236570953,0.8331273759203535,0.1724086228861461,3.261791634456791,-0.09018013468363978,4.832283665678848,17.62371089156378,50.42796106304947,2895.5399877496125,0.9915016227723046,5.112321243200109,19.349137216176192,29.265282994861373,2.6863156328255267,6.712060870795819,0.7351516463938108,0.2648483536061859,0.09495233407115997,0.4007911913924755,0.09495232910104685,3.1123730362869737,-0.24068685342841006,4.220972504921377,6.422030641709489,28.710423273828134,2105.046340704881,1.9528724266393465,4.792023787498349,22.92224769089784,25.957793438409233,0.9889904505285192,8.801873404105933,0.8536507984120563,0.1463492015879436,3
..\源域数据集\12kHz_DE_data\OR\Orthogonal\0021\OR021@3_0.mat,OR,0021,0,DE,Orthogonal,12000,1796.0,0.31515197656071003,2.6770946909090894,0.3151519573122877,7.019745808087986,0.08613612641521332,8.494614947761182,36.05397615205039,90.74638134921908,2387.4434063321605,1.5634432289524645,42.926554978823695,19.346743632560173,56.89971336765284,4.43610646687714,26.560781707896098,0.8010564325843371,0.19894356741566285,0.22079832770681249,1.2525416672398233,0.2207983126375991,4.584512085275896,-0.014277552244477921,5.672786022650558,31.48264043500202,60.73735700148037,2461.581880508202,6.1983677512798785,24.843683587046904,25.69065412558991,73.99050268238355,0.6342254219081553,28.729486665327318,0.762873035313938,0.23712696468606148,0.1416843191836652,0.7183464560812634,0.1416843190063854,4.278215752306073,-0.041746176559178415,5.07004910790496,10.441580280004173,42.639421327102255,1540.6264371559068,7.896571831069237,33.337218759362834,25.731502667141804,63.78709949489688,4.885949304940551,18.15663710092985,0.9707000871026947,0.029299912897305075,3
..\源域数据集\12kHz_DE_data\OR\Orthogonal\0021\OR021@3_1.mat,OR,0021,1,DE,Orthogonal,12000,1771.0,0.28361422814135895,2.146143053339939,0.283614075043321,7.105457929731304,0.1434951938877744,7.567120547528591,34.064617961699874,81.0034879409041,2431.6210653571743,6.550043871310433,36.49077897894612,31.607953961334786,61.68347004586363,0.8922534223260785,8.911017124070844,0.788905473774081,0.21109452622591876,0.21745962452418424,1.5141904211147397,0.21745958494477788,5.900288861579846,-0.1108096721262957,6.963087628003987,32.567025463231545,58.983934943738774,2475.79425495073,10.051863577040702,20.813483113898684,17.085528273302355,34.58587294985021,3.234712489274669,21.78937903031074,0.7582550261826294,0.24174497381736998,0.13086837602160103,0.7253202546213592,0.13086837428480558,4.71749094283309,-0.07166357309614818,5.542364600762207,9.365383761328658,39.451700692338626,1578.622384698438,3.0286781060925487,32.41150012746681,24.85722025851003,55.35430087127822,0.8522797957794221,19.009627207044257,0.9758289757215289,0.024171024278470933,3
..\源域数据集\12kHz_DE_data\OR\Orthogonal\0021\OR021@3_2.mat,OR,0021,2,DE,Orthogonal,12000,1747.0,0.27919032823935785,2.1260587648359377,0.2791901368105498,6.830683113029098,0.1568635434160888,7.61508745035468,32.364322764611046,80.22154233129766,2427.4620072270477,8.746677097428911,81.31619855500131,25.562628819348905,97.39135793531297,6.522071843675182,16.827253587182398,0.7940023832787039,0.20599761672129593,0.2218055319247456,1.6288110713218629,0.2218054960138779,5.852403685064792,-0.13591697593786797,7.343419513425334,31.75522183892626,60.94740387048979,2472.5364464338268,4.6797699822264835,60.11823918717533,27.042130702572514,77.70078653223825,7.101670366521452,55.263713076386956,0.7907675648814207,0.2092324351185785,0.13044771991550735,0.6608090160721611,0.13044751763433118,4.815320246765203,-0.0303963919307706,5.06570000993636,9.170133857985444,39.363791025456834,1539.524669615464,6.591671409784759,42.83357395189118,28.56479065909642,69.30582195617706,5.679985694235197,14.257641178111658,0.9801575959393286,0.019842404060671323,3
..\源域数据集\12kHz_DE_data\OR\Orthogonal\0021\OR021@3_3.mat,OR,0021,3,DE,Orthogonal,12000,1719.0,0.27946701098802107,2.2957586300312216,0.27946603989904495,6.400406230856403,0.15280933196508423,8.214775053108596,32.725242691851804,80.16785128157503,2397.492659447834,5.466637801414705,79.47924475020861,6.879235452541319,42.74141436283476,8.735762849223919,22.09756725376066,0.7996592797235518,0.20034072027644806,0.2156124106219418,1.6575978061239018,0.21561234780741248,5.909628941739807,-0.21458930061077888,7.687858975012157,30.591342857748735,59.389297499424565,2476.5749519333335,6.197849760782211,67.84023645866854,10.422238988068985,28.198004812784703,1.6198266725031472,20.236208924992482,0.8011813603449701,0.19881863965502922,0.13250602431970526,0.7134194822679814,0.13250589518028452,4.688329473666042,0.03850023282155347,5.384053184983282,9.326664022102454,39.98211957665675,1539.0259678965378,5.453151772120174,45.63208572336825,16.83446710738013,32.59709819982024,5.084677499200541,11.502269831957301,0.9825180986081049,0.017481901391895045,3
..\源域数据集\12kHz_FE_data\B\0007\B007_0.mat,B,0007,0,FE,,12000,1798.0,0.08471306616646297,0.7015820093343582,0.08471297609700419,3.8520887901308245,0.021196565957480814,8.281863012203273,12.22286058337472,23.227748225561985,2719.211500674371,1.9106633731783038,6.576006928207961,1.2166142300398024,12.21801933267835,2.0148329030505745,26.331800507778865,0.4056368902680486,0.5943631097319511,0.14140609776603066,2.1743222964256144,0.14140609346231464,16.563914229953753,0.036700243394149575,15.376439423589991,19.191160558192344,39.38635783690855,2793.0223259237673,3.881478342969706,21.38519935253901,2.953012382052195,13.065662750641495,30.65812768097557,71.4103414620727,0.26126040904950465,0.7387395909504948,0.11836990557303166,0.3344591264180927,0.11836990417014123,2.110829548883594,-0.06245361993417078,2.825541887517505,5.359810539624306,36.28181609094847,2330.3062120034742,2.5348832793686755,6.643607019165077,0.8965254631664523,12.399984929155655,8.195967096935487,22.603950517674214,0.08903477181184723,0.9109652281881518,0
..\源域数据集\12kHz_FE_data\B\0007\B007_1.mat,B,0007,1,FE,,12000,1777.0,0.08230591774785752,0.7872946523214989,0.08230591753193624,4.310664258893179,-0.017984197844024805,9.56546836320275,11.810068186407081,22.60202747743436,2539.901268743984,7.395765578512696,24.831960756815526,3.3759925500692827,62.194430377230574,17.11438272818945,145.2028751429362,0.5571325843559753,0.4428674156440244,0.11331292579424543,2.0057340206408245,0.11331257921959058,20.955670366427626,0.02447903250931764,17.700840452066814,16.399086306330858,31.043520202826553,2748.858420287717,2.6458397244942358,9.753917634950612,7.2221764697365565,40.10092729922445,24.884119481556613,91.10629735971598,0.4331904814978581,0.5668095185021412,0.1591607034911088,0.4129327870302676,0.1591605002415467,1.7896342677703032,-0.04139279772493248,2.5944393180778773,6.690852472455343,48.858194189702346,2405.8260486244385,4.765984899535417,17.677255508656152,2.8053129947867026,21.659833739865803,16.205601536378943,62.28571571640423,0.04136172630349661,0.9586382736965026,0
..\源域数据集\12kHz_FE_data\B\0007\B007_2.mat,B,0007,2,FE,,12000,1755.0,0.08680816858527361,0.5563834934499607,0.0868080889529908,3.3760349681742063,-0.04649893817698218,6.409344909787064,11.312587853514358,24.40184140725405,2612.070195806085,5.57352559715376,96.33037547771073,8.158541452041455,23.380596227570855,10.597509299635808,26.31505875719035,0.5872036687966294,0.41279633120337017,0.12510947640960388,1.264219002710671,0.1251094196930075,7.934006594741837,-0.0523754766307293,10.104902034532252,17.939268765829695,34.36295364024261,2791.0947441266408,0.6828523960897197,103.78790319807189,11.814405110024971,40.50767474375138,15.574720594203193,39.4203695687444,0.433878819967919,0.5661211800320807,0.20026389057154553,0.551906468634068,0.20026362886911556,1.6896131411081563,-0.017639733929967337,2.755896068227517,5.40307932490749,61.81388905073599,2173.3716275337974,5.7594622217403195,38.68423826797045,7.376006178658091,16.588847792214626,4.7873085799137955,17.11861163609235,0.030324670818367573,0.9696753291816315,0
..\源域数据集\12kHz_FE_data\B\0007\B007_3.mat,B,0007,3,FE,,12000,1732.0,0.09206887600579779,0.9473681785655031,0.09206856046359783,5.872960273231293,-0.017092998950641283,10.289776737426937,12.74620344591432,25.520598675922663,2635.7788917722205,5.714732188676766,28.65399974489635,5.004209417454989,11.877599758835874,7.562247049953455,19.055685958238286,0.5005559825099122,0.49944401749008754,0.11497192065956555,2.783962164030006,0.11497188701188461,16.072068144405716,-0.06399461757027677,24.21427900011674,15.747576928030398,31.953006861222402,2587.323432735968,10.394084713316477,41.57782576420095,10.201009551149221,21.764760139217298,13.74949458766374,30.727296845012685,0.5687803134909416,0.4312196865090579,0.2338691613586307,0.5187538708217725,0.2338690886607873,1.675118238133008,-0.012855389565761075,2.218137131925147,6.008254356594327,72.2122113544,2359.487005696559,0.7171724018095236,19.516668232383857,1.9205027188800738,8.739360283350681,6.871563323973507,9.528902606410718,0.02780260277791005,0.9721973972220892,0
..\源域数据集\12kHz_FE_data\B\0014\B014_0.mat,B,0014,0,FE,,12000,1796.0,0.14549901103488735,1.5290550450850666,0.14549900909197622,11.498375724659507,0.01242602816523167,10.509040812094826,22.22227382910269,39.22355124801109,2729.2970229619764,3.7409268510953813,16.43792805046639,5.272251278170693,34.51916282553239,12.055091786208365,47.39509728329354,0.5032271321570013,0.4967728678429985,0.22203278241105506,2.978633939103659,0.2220324525327531,15.943932863105218,0.03801982187469559,13.415288980116625,38.46720925054257,57.03463242324725,3172.131391862554,2.48242283523456,10.7218185010016,2.5271681308824743,22.961795886435663,13.013092461653953,55.260095945679694,0.22378156030736104,0.7762184396926368,0.2959507902811069,0.7661948771212854,0.2959507339900899,1.6793954759028098,-0.0227481916169022,2.588926613081588,10.51157040074526,91.09253334953713,2833.2955729801733,4.35659282178495,8.02773856293813,3.685695558872456,16.288185848687696,4.442176937380671,52.743873391266526,0.013883371896017627,0.9861166281039822,0
..\源域数据集\12kHz_FE_data\B\0014\B014_1.mat,B,0014,1,FE,,12000,1775.0,0.12549281011656635,1.470393033623623,0.12549280819903058,13.448433107716177,0.03283728422741503,11.716950415388904,17.894983482862358,34.51985471953413,2768.5344421153613,2.5557714483670244,7.02051178749411,5.0840394420535375,52.6144198174711,31.709927872293324,331.4929132192408,0.5522554047559908,0.44774459524400895,0.1741784912832923,2.9026368653416794,0.1741784740928135,28.579894365394303,0.19103324857818874,16.664726189531006,28.99611962666409,45.515796339625396,3238.6348722897824,0.8701224115487871,6.174180280178733,1.3307126454605958,17.36525335881749,80.95128380575129,276.84637633475256,0.24521547785796607,0.7547845221420325,0.449197266096671,1.3096723924336748,0.44919656178884937,1.6071437019632528,0.002152256342262367,2.9155840680290837,11.006504451032121,138.74301153673161,2841.411833322127,14.949299046782503,30.232502797009964,7.167752127030733,44.83303320392296,28.27588304741938,80.66357148575634,0.004530770024606054,0.9954692299753934,0
..\源域数据集\12kHz_FE_data\B\0014\B014_2.mat,B,0014,2,FE,,12000,1755.0,0.21667667679585123,1.698334285422518,0.2166765864015827,7.776106060640412,0.00367403843738682,7.838103807650038,29.185010826556884,60.45925901917765,2812.9631868024007,1.3880899184309667,6.2653969269247725,2.244954292632329,32.93688304861097,3.8917221143801104,43.076645338056416,0.4092603187422507,0.5907396812577491,0.29014690697340667,2.741220885365644,0.29014685579961264,9.070065975807154,0.02039301696917515,9.447699835783153,46.425883406329504,76.98325826294115,3178.161401139259,1.5783660840066378,8.92725056462394,10.136296598459678,20.381198883778872,14.702331941262534,54.97817007781859,0.35004148924166206,0.6499585107583365,0.5605029240794932,1.5202061903983617,0.5605024163174493,1.591411360848477,0.0016836235156665687,2.7122181260605855,13.691031998216381,173.12512514509507,2786.04396993936,25.553920156670422,50.501052485205506,11.556729989918432,29.584786457275257,18.950129535939833,61.41048308122143,0.004315490721523943,0.9956845092784752,0
..\源域数据集\12kHz_FE_data\B\0014\B014_3.mat,B,0014,3,FE,,12000,1732.0,0.14962273752920902,1.574903524864558,0.14962237707259426,9.082631713953795,0.0053879542111358114,10.525830170411826,22.1003664083217,40.752087844026875,2672.246692317628,11.32733246911586,20.012447321229125,6.652158557083285,30.252082154719645,6.732330676672669,12.972228238031954,0.5772693006970279,0.422730699302972,0.2073792887425213,2.5622847278016487,0.20737845110533845,13.616304475848418,0.02756904367610861,12.355547862751807,36.91169842362044,52.59422148570398,3128.046028829313,11.023480660587014,15.843365092791414,8.510943225449923,23.264479614683186,15.744890078456747,27.779968281812714,0.2820968731834234,0.7179031268165746,0.6546908655607554,1.2994676995520522,0.6546908444695085,1.5733622442896875,0.00251210892791414,1.984856927000246,11.89493969940149,202.49949503090454,2918.1705127687114,2.616251619100791,11.55746511146285,6.19653361623163,32.662714123391076,2.432835418781688,13.587485451757464,0.0043732917264423885,0.9956267082735567,0
..\源域数据集\12kHz_FE_data\B\0021\B021_0.mat,B,0021,0,FE,,12000,1796.0,0.10072516075752874,0.7643100690480558,0.10072510246029724,3.537445585829893,-0.030623786257197437,7.588074948700711,12.690998354547448,28.51163371485697,2517.402718718269,0.9104593649369004,5.674933758020916,2.6122181182164765,20.348278309141037,10.727878783775468,43.00900645872847,0.7813591159729076,0.21864088402709225,0.15056192679661634,2.4097965436810376,0.15056192603024046,23.439352806771343,0.0926509061190804,16.005351385654517,20.87044572844747,41.72095782830985,3057.95771207887,3.652512506123689,8.499970687311244,6.599771857863283,19.63182473046466,17.115462190053247,32.524193154270854,0.19487995057350374,0.8051200494264957,0.10310526839271282,0.35352152603262427,0.10310516479264983,2.2468648308974943,-0.033704810921845116,3.4287435699804663,5.37201022430475,31.49111634333041,2343.2831279655948,1.9756412349064267,6.042236085381481,4.278733660660697,6.289205518113438,7.951430435709345,16.78716045184079,0.10829526890855812,0.8917047310914412,0
..\源域数据集\12kHz_FE_data\B\0021\B021_1.mat,B,0021,1,FE,,12000,1775.0,0.10344152548346622,0.817005928391413,0.10344150095675075,4.113267164481205,-0.002027362878778837,7.898239363474978,12.420570548853155,29.54562974271032,2522.2889163489067,5.40210835544695,14.281258602187126,4.487817981014103,17.525312934184186,26.771508448415204,200.93776206474115,0.7365876161827705,0.2634123838172294,0.16794269415584234,3.164146654056262,0.16794232718287186,28.52529527605788,0.07936201239738652,18.840632931135985,22.65855093081125,46.842905125931715,3123.630819295737,4.6851945828446455,12.965621966384443,8.701053820954407,20.458306045323106,65.06232410880719,197.96176575184302,0.1447121126030216,0.8552878873969776,0.14334649516839226,0.36043416802050526,0.14334639702756297,1.8230244426633513,-0.049650399988741135,2.514426094597537,5.2619211185532215,44.10151680179393,2490.3463933614253,1.938623114656383,5.364809654698814,3.4984398413826274,10.700379455077067,35.16795087737074,76.87599801329002,0.0546195835199224,0.9453804164800765,0
..\源域数据集\12kHz_FE_data\B\0021\B021_2.mat,B,0021,2,FE,,12000,1756.0,0.10726403834480452,0.8021187590510153,0.10726394176353356,3.4648644101715886,0.011305392809527236,7.477983967679574,12.680543146536857,30.720366386607743,2566.3276365091438,1.4803818621245426,32.712859885215195,1.711106744373212,15.129642097392377,2.542230699142298,23.760072273461113,0.7113748831337277,0.2886251168662722,0.1673363930009739,3.07831112687998,0.16733638938822568,14.625493918592978,-0.00617609824418625,18.39594526733981,21.197799702266895,47.315899783919996,3110.6826264043834,7.423408159227868,28.56283969764251,1.911759221277464,7.434427121518064,5.87391723438427,19.636305975135343,0.13340554174937247,0.866594458250627,0.17900782404582025,0.4836275848399216,0.17900741763550476,1.7244503956786048,-0.02301623753677468,2.701711991740252,5.339687692676593,55.206037768001835,2415.501182361619,2.994614774875559,11.107367494074264,4.904762670333098,8.48595968815008,4.564405118214314,11.520639428362436,0.0397972212670989,0.9602027787329002,0
..\源域数据集\12kHz_FE_data\B\0021\B021_3.mat,B,0021,3,FE,,12000,1734.0,0.1130692312079593,0.7046144712549771,0.11306916840913184,3.283435839303586,-0.0185372068261391,6.231708341228884,12.951986351419292,32.55109695972911,2478.1537129510552,5.377389832361723,16.807843079939836,1.622292084167367,7.84368470309301,6.136320063446852,24.567476728441882,0.7738555874395412,0.22614441256045864,0.17257057209048615,1.926211333162268,0.1725705088748757,7.8595029097822975,0.038339853011249724,11.161876036154489,21.781654090122014,48.83133691865826,3022.5857282765,9.224004410172238,16.806852113838815,6.641885033917541,16.41529154564494,14.607636714408919,23.717122831993485,0.22936180316795024,0.770638196832049,0.2092483296617096,0.6717656624235463,0.20924823443062038,1.7058560819110766,-0.01307998999803955,3.210375268034806,5.667116125698586,64.58509513350033,2326.3702941186566,4.035170582617803,10.165326091536517,0.6000226724031897,5.942200944313547,4.123809885082411,9.284819406221036,0.039921832785123665,0.9600781672148756,0
..\源域数据集\12kHz_FE_data\IR\0007\IR007_0.mat,IR,0007,0,FE,,12000,1796.0,0.12164088076291794,0.6560646096860008,0.12164080273069851,3.915659903600312,-0.13884575673081725,5.393454943529159,14.661030223022843,34.720604645766876,2429.056684374935,8.759253145764006,17.87235693742673,6.5291134435402665,26.84985009621363,17.622690085263912,33.14028424470399,0.7144762062935618,0.285523793706438,0.27044245268899286,2.053678404787938,0.27044238650261615,7.444161015716418,0.041652706386118996,7.593772295615346,24.89425054613058,80.01021976730853,2727.2264004901567,3.4587741443695874,7.475061557919243,6.346938963025938,20.10038275766053,13.960778296522461,30.744443350255814,0.32756955103619634,0.6724304489638032,0.08972974926636658,0.37159652460469256,0.08972973108878739,2.3394400673274394,-0.07802413052560273,4.1412856677175425,5.61905126959243,27.227993952092294,2212.4511421066104,1.4194686391536522,4.525710960025977,2.7952326343533573,6.971247168456753,8.089514904543103,13.398954795467455,0.19525299745398175,0.8047470025460179,1
..\源域数据集\12kHz_FE_data\IR\0007\IR007_1.mat,IR,0007,1,FE,,12000,1772.0,0.12087502861441118,0.6491660174016856,0.12087492285325024,3.829531060100349,-0.1541263156897442,5.370555232483225,13.454886889079447,34.95143255132353,2571.2790326331974,2.2614976964353586,5.9585210859854225,1.1765414540917394,8.367616120686472,6.999244523770101,16.619947881616284,0.6223790322354749,0.37762096776452486,0.23533051683621406,1.5627082626440085,0.23532924287692428,6.1577389940393195,0.16816077445878055,6.64048285642285,23.3518578436039,69.07439253167324,2780.770764714726,8.764095797064694,17.78834130834447,6.346784921864578,10.452526155830615,9.072022502429006,15.097874223750575,0.3641242863342137,0.6358757136657859,0.19543906709661193,0.5122542373064227,0.19543885913593245,1.7310826372261663,0.061164440662323745,2.621043197331671,6.242540265123065,60.232015351238566,2818.1983823130463,1.2031075768552062,2.950937159951037,7.179257631600394,14.935028741416442,7.539284914306039,10.165835687585766,0.029932851589826424,0.9700671484101725,1
..\源域数据集\12kHz_FE_data\IR\0007\IR007_2.mat,IR,0007,2,FE,,12000,1755.0,0.12459928447159364,0.696753903093811,0.12459928447150562,3.798180886231536,-0.14976057010008925,5.591957498380805,14.019041412208377,35.970331109180215,2601.22450616464,1.8291241058363175,26.374547394674043,3.066556383002758,6.52143410093174,6.493633110075193,32.41077889793034,0.5947159018299899,0.4052840981700098,0.22673786560160694,1.5104073516431753,0.22673783833045844,5.954728753286574,0.043596611599370616,6.6614693916941885,23.52039614462767,66.19786916583034,2750.432387198618,15.455064862367864,34.364475248532116,4.580914240868748,11.99441335123512,24.992356594366978,45.89010382190276,0.38718708654571377,0.6128129134542856,0.241722261826,0.6146365882747943,0.24172198478474918,1.6682487527121763,0.03167812787383988,2.542738859183896,6.175910929552924,74.63991935038945,2736.412253772306,1.2432739561506572,6.714856364629798,2.5121448539233078,10.63383062057644,5.955031489327749,14.465588787423822,0.022508659852660696,0.9774913401473381,1
..\源域数据集\12kHz_FE_data\IR\0007\IR007_3.mat,IR,0007,3,FE,,12000,1732.0,0.12659330330484908,0.6354831817441251,0.12659328941241338,3.6436244894661662,-0.07968407987800392,5.019879923773056,14.798964670895092,36.324564260644316,2564.0052596323508,4.733998611764723,12.611181376106368,4.929184775629612,11.930479348010394,3.0989220142423806,19.790984359577664,0.6429544178302771,0.35704558216972276,0.2373603908583639,1.4903357099165966,0.2373603112889109,5.224503373524866,-0.03612465367961135,6.278788573473068,23.211753209537452,69.78433802378423,2717.4873591437213,7.051660758702727,12.361237908513932,10.161400501812544,15.558126100246021,5.413857151498207,21.051485659292908,0.534764107093187,0.46523589290681205,0.27506063175888423,0.7806014315977408,0.27506042415804166,1.6645756185803873,0.02343179353265691,2.8379249571491174,7.076903286436484,84.93014843620718,2685.047713557638,4.722471096323388,9.030044111412238,6.311353837137285,11.239149249020937,5.216580480908658,8.421535523947938,0.025992032396700313,0.9740079676032989,1
..\源域数据集\12kHz_FE_data\IR\0014\IR014_0.mat,IR,0014,0,FE,,12000,1796.0,0.18423672209915473,1.1546804423083552,0.18423671705448622,3.8041079359324,0.020241359439347188,6.267374002056525,20.378955708231885,53.32206523177973,2557.381680724768,16.13629427481164,27.579869692015933,9.979885834982598,45.866545215069905,15.932685701048364,28.80051567540373,0.29034350009305443,0.7096564999069453,0.17553740117591254,1.1457522500459492,0.1755373583364297,5.484318219892058,0.13838880767620826,6.527111842665076,17.95207297255108,51.34012975890138,2750.458314766423,10.652464719754652,27.887592570923616,12.87104742884359,18.018811569472327,17.654720361493496,41.42591523115719,0.38086507757570914,0.6191349224242892,0.22873804195632483,0.7167250592517298,0.22873793416207203,1.772319793660971,-0.007357246498187024,3.1333881024852923,9.086249988337311,70.2870515220708,2610.204239504685,8.262705331849723,17.87586489943801,5.444291627862625,15.418339559917081,21.005958522808132,36.87724290406406,0.06445221555624729,0.9355477844437525,1
..\源域数据集\12kHz_FE_data\IR\0014\IR014_1.mat,IR,0014,1,FE,,12000,1775.0,0.15777454566199572,1.356925646109227,0.15777454126042717,4.328685634597178,0.0344837685250981,8.600409149750949,19.135390822631976,44.98384652488854,2664.896955842525,8.769425877407894,17.86922047412706,7.883911862076513,38.144284173211744,19.371684889959596,119.78749537151634,0.3514724201596958,0.648527579840304,0.13820475285509723,0.8555748636543712,0.13820419172800014,5.669022495078088,0.0022752973349951943,6.190632709653705,16.58308445157355,39.47998677837162,2913.975859033015,4.411362300450273,13.453688891898226,14.25964336147258,27.17321049754206,81.84977715733693,178.45152085089944,0.42106733523484136,0.578932664765157,0.32261485923392436,0.914857910771228,0.3226146665796596,1.634175723850352,0.01266131972008069,2.835758752537418,7.730139737359306,99.65927063030202,2592.9125646615444,11.56401167887552,24.043031066219854,10.708918565066655,23.626734651703288,40.534377742550625,66.31225292996507,0.020551247127979396,0.9794487528720207,1
..\源域数据集\12kHz_FE_data\IR\0014\IR014_2.mat,IR,0014,2,FE,,12000,1755.0,0.15217519696673465,0.9989713888560935,0.15217422520299057,4.31607490102578,0.025592923436287687,6.564613739744116,18.42409387479511,43.40139458955121,2650.2589937129483,7.453692694952629,66.06832088881877,4.701633960820201,16.423428120554092,6.293864857817282,26.583127153879122,0.44453312190669036,0.5554668780933094,0.12911700500460296,0.8062618944845926,0.12911695464353568,5.678541501141029,0.016524480755376356,6.24442841170185,14.807377422491145,37.164204770922254,2941.1418849973043,1.6948059906467554,44.54028169629499,1.152425135327141,6.997347613357933,5.505983303013558,31.41333786228998,0.432080357154854,0.5679196428451445,0.38098358437523683,0.9834961696300981,0.3809832319118485,1.6064270669788698,0.006257785371704483,2.5814660000191427,9.496506484809213,117.66094225093627,2884.0587597300155,6.87539563295303,47.40237971552636,3.3449571417067414,15.82757131190651,5.973478157402139,13.198438239657142,0.01524299132708864,0.9847570086729114,1
..\源域数据集\12kHz_FE_data\IR\0014\IR014_3.mat,IR,0014,3,FE,,12000,1733.0,0.15278661002174207,1.2668331293998152,0.15278660322279752,4.880873829696923,0.007173075738344634,8.291519323712597,20.036626096786307,42.889784815025365,2593.8031279533934,12.940220670360503,29.591687956449256,8.97324125754358,38.01431948984198,12.0411488941574,38.495645346717765,0.47817917750461997,0.5218208224953798,0.1342927004649955,0.8480214987032402,0.13429250627367945,5.569945812095523,-0.020764138269135028,6.3147251918155,16.41881649799061,38.23273851027079,2900.577976477327,3.925105455364857,15.668501829892413,0.9824409747726918,7.162438117794388,2.7785691202040486,8.642698429176798,0.4978395129047555,0.502160487095243,0.4405788396684611,1.1834052306690344,0.4405781633876248,1.596693913864814,0.007096156157013901,2.6860237581077557,8.986682364085182,136.21244175129382,2629.0086556377673,10.320070764192202,18.779501361314313,7.796064511492617,18.047651569920312,10.244881297787524,20.91920332766919,0.013012858781239707,0.9869871412187604,1
..\源域数据集\12kHz_FE_data\IR\0021\IR021_0.mat,IR,0021,0,FE,,12000,1796.0,0.20011535333048228,1.149489396455703,0.2001153243076503,4.623794209006765,-0.03863595948429033,5.744133957364923,22.404862400656587,57.81396112601091,2785.6022482799212,2.1943539876269855,10.051789882412947,1.8387509940862587,10.331313985042309,9.831925070463374,49.69414383873565,0.16538307321233958,0.8346169267876603,0.3212094901838143,2.235248548806606,0.32120921233554717,7.158813435575392,0.03416494337718773,6.958849651445448,40.09998910041008,91.08709854714338,3108.7632452114344,1.6576148557986137,8.928108458487532,3.8877049970634996,13.088769857269126,24.547824227367624,91.84237417717772,0.1322245031472167,0.8677754968527828,0.08421763915181486,0.32616940005665995,0.08421763852963782,2.717158905398157,0.006759909436039054,3.872934498540038,5.949501948333323,25.406575291517793,2372.3563556944964,2.2825120611547063,5.629710631933085,1.850853314303822,9.622029976457032,8.894312940467357,42.217225610922,0.21361663859802066,0.7863833614019785,1
..\源域数据集\12kHz_FE_data\IR\0021\IR021_1.mat,IR,0021,1,FE,,12000,1776.0,0.19890332867386865,1.0457946348203468,0.19890270829454584,3.9571886982944453,-0.035651986096176,5.257803586259139,21.547024568580028,57.73865865245883,2810.536844483245,4.7433675729766005,11.146941915145957,4.7657015794112185,8.879511812099839,6.178736413288293,145.02284968426457,0.16517862520780965,0.8348213747921901,0.2951383327951398,1.7931329634793607,0.2951382989718256,6.484074547510709,0.07384352163612933,6.0755678413484935,35.537162236856545,84.25763479946579,3137.428681880029,17.297009316878555,34.21362912277169,16.086819141210025,26.301745413290664,13.394182408772073,124.57605106935941,0.12065859797298653,0.8793414020270132,0.08818917816722939,0.4222388076336066,0.08818901427742683,2.464694862634307,0.17334338830609472,4.7878755240573065,5.502555638354361,26.76468655425873,2365.039311936218,7.601926790746119,16.71049315191111,4.712595340730708,9.424760314646441,13.721845850195155,50.172935795393286,0.17341290766350276,0.826587092336497,1
..\源域数据集\12kHz_FE_data\IR\0021\IR021_2.mat,IR,0021,2,FE,,12000,1758.0,0.19678711535807736,0.941497471154733,0.1967871050774641,3.7433933543606823,-0.031381961068000945,4.784345100244837,21.089952658534195,57.208657439983,2786.130478143624,7.450998756044433,16.649783261246014,6.07982993833227,16.04445879980381,5.414470431061458,23.061281054448603,0.18576623834454986,0.8142337616554499,0.29343131847170223,2.299567177060414,0.293431318123165,6.073787762592072,0.06651813619404107,7.836815746312977,33.82111319860588,84.39145947833285,3120.656064287786,11.029665858918749,24.38455338660967,14.150734038918827,23.92915832857118,6.492022702405965,13.926998608217318,0.12956249884130944,0.87043750115869,0.10168066554168238,0.3533034376549411,0.10168057302161589,2.1892378809212345,0.12493863433847159,3.4746373440102034,5.193754424846547,31.073568586964775,2406.219656978989,2.6669766302557116,6.246288623965638,7.70263504772376,18.445489879039172,1.4068339643545709,8.790745917607522,0.13922195692155007,0.8607780430784495,1
..\源域数据集\12kHz_FE_data\IR\0021\IR021_3.mat,IR,0021,3,FE,,12000,1737.0,0.20617749524166354,1.0122278254391444,0.2061771920883351,3.63300841474121,-0.013237294553411815,4.9094971507569145,21.230463344503047,60.25079868945722,2743.5834637867374,3.10911860309686,5.872542597855548,6.34049311777627,19.208310849301107,2.6735921873720354,19.989757861692343,0.2516372268368648,0.7483627731631349,0.2844955859713579,1.6654195988148004,0.2844955730860843,5.911988614490414,0.08316249478561179,5.853938271585239,32.98262171943515,81.74454267957185,3118.130178232815,4.718367980113434,6.630826374121769,10.16838305273404,19.188497657251546,6.8644776754554515,14.410776909634333,0.17556115658999058,0.8244388434100087,0.11804465675592743,0.46238783764546604,0.11804429218792636,2.1045296022229243,0.07736388353257044,3.9170585975908474,5.425800640095986,36.170220970238546,2303.3434214516165,2.7785262360388887,5.7642651291866525,2.0091607313900366,8.249999643354208,3.192621345058877,6.729508527647057,0.13603129567553418,0.8639687043244654,1
..\源域数据集\12kHz_FE_data\OR\Centered\0007\OR007@6_0.mat,OR,0007,0,FE,Centered,12000,1797.0,0.1544729979031527,1.0329091477800434,0.1544729043201509,6.501382473327555,-0.004146980538869112,6.686664736238426,20.22651654540307,43.3778040451254,2702.931344849957,4.489059343348899,11.644586781608021,1.778926976629138,22.328959796512546,4.249703229259149,31.06673598317706,0.40756373507215476,0.5924362649278448,0.4254459253918963,3.371166450283207,0.42544590148934086,12.469058922788564,0.2557960930881057,7.92384237121999,49.43998626864215,122.19695704191119,3061.4477051802933,8.918276798557294,21.70920410390298,6.163502350517275,18.63735000812988,3.965386549065264,8.770487194763525,0.15221091504473014,0.8477890849552696,0.08302203425889997,0.34168697745920795,0.08302200873178717,2.8584567663756424,0.012530427657149889,4.115617986348957,5.311668774399529,25.16906367537056,2214.1465375922885,1.7257554480405513,5.653771470730429,2.679255674385669,12.086297508541506,3.7927068821399206,7.115318153633411,0.2300075380339331,0.7699924619660663,3
..\源域数据集\12kHz_FE_data\OR\Centered\0007\OR007@6_1.mat,OR,0007,1,FE,Centered,12000,1776.0,0.1457091265865985,0.9744861063803832,0.14570911381827822,7.706066912523687,0.06482594691013496,6.687886539497047,16.73471694012611,41.93017964270105,2702.1124598483393,1.8726088498637536,5.411273159331003,1.4061316103258297,18.40540032949133,25.15116279992786,509.1781925868407,0.3850328316138365,0.6149671683861634,0.3531293743443831,2.9216921535257745,0.3531293443451318,15.197915582364882,0.07975139434211499,8.273715997005807,37.424765821863744,102.81353518559636,3035.676048326633,5.866171729844912,11.222215485594324,5.948152727127346,16.303203925928567,80.83660676159606,665.2148743727328,0.13404731019007327,0.8659526898099262,0.10351439590914906,0.3440105072250538,0.10351416915102792,2.0840576299654856,-0.12459630359840611,3.3233107743485233,4.644149925551334,31.734814849703366,2218.037528965337,3.7706916154153856,6.700543703140459,5.0170506828425605,20.08043423455779,33.515783561869824,97.97120696818877,0.10462796526103212,0.8953720347389669,3
..\源域数据集\12kHz_FE_data\OR\Centered\0007\OR007@6_2.mat,OR,0007,2,FE,Centered,12000,1756.0,0.14888352009625755,1.0431860436257858,0.14888347298777327,7.86169012477894,0.05789918511219849,7.00672608325848,16.716215766210713,42.99458712958857,2671.3369989586554,4.57822438787922,38.205917273607255,2.845759653048829,16.884518848169634,5.259836843843896,18.90696116849987,0.36308699921516824,0.6369130007848313,0.35110950766933674,3.1063170896542855,0.3511090869751322,15.82036737714043,0.07177885693808991,8.84714603792419,36.0404144776699,102.6440157826391,2973.302624221364,14.650010323726152,62.442778901421974,10.450918982129991,19.494294447392747,13.340400399299002,25.989128532742413,0.12608300768667854,0.8739169923133211,0.12832510169702765,0.4071076351218762,0.12832482654190533,1.897340613539702,-0.06823148767170462,3.1724707772532854,4.862167549387405,39.46175302419795,2316.7264316595924,1.6979095666625923,19.906086269062595,0.8365523028403434,7.591473813606287,1.7667291062677815,3.511860245917585,0.07130816062096908,0.92869183937903,3
..\源域数据集\12kHz_FE_data\OR\Centered\0007\OR007@6_3.mat,OR,0007,3,FE,Centered,12000,1733.0,0.15339963594701667,1.178177837768538,0.15339959486335378,7.957415663399889,0.06351481518245042,7.68044741759018,17.033107586082423,44.37221533364663,2625.5330675155933,5.080057724263124,13.688660850373733,2.715651498341668,14.208249549148995,5.283780119658848,10.586531896849788,0.3786920814822026,0.6213079185177972,0.3543306748329936,3.266852497741083,0.3543306399941548,15.404236951016776,0.01854252361668687,9.219784596072147,35.2129238975109,103.98497086106225,2982.4558548152436,6.834316651028427,15.464730298389668,9.714643227287484,18.091912774759642,5.454737748305145,20.487031875398213,0.1322230178333487,0.8677769821666508,0.15145352066471818,0.42155139133119596,0.15145315323661693,1.8698856597724047,-0.031966528228020624,2.7833713569749876,5.604309435996079,46.5904133548001,2357.470328046919,1.980954791450623,7.478329183321619,2.9097853355647683,7.42681885908309,2.128983527069946,5.777552294806145,0.07791012368373193,0.9220898763162674,3
..\源域数据集\12kHz_FE_data\OR\Centered\0014\OR014@6_0.mat,OR,0014,0,FE,Centered,12000,1797.0,0.5411401622240103,2.565846814886382,0.5411400991746287,5.492884926892405,0.025832270141995555,4.741556798041215,41.18534662834972,162.52910690148693,2864.6446557886334,24.846718637899595,60.386915832152795,19.67125479411822,49.6233772655023,28.868986072874,61.97615141133075,0.06615928422457824,0.9338407157754214,0.9133873065290005,4.8653265528206875,0.9133867682350176,7.818246730956933,0.0971247068297677,5.326685096281455,78.23746303088231,271.97339108549176,3185.15104776268,3.290204005922739,15.778891747628043,11.736412868061379,21.882209283319863,15.402890189893652,26.71205754787394,0.13973792406865276,0.8602620759313467,0.1261451656503518,0.4377466204999176,0.1261451656503518,2.354351222392483,0.02818073630005216,3.4701815027399485,8.930179293886548,38.05077880878605,2354.0267539030942,3.8160868680970346,17.222799387705024,3.501320800510577,10.77238259828069,10.645922897363947,20.871795194763216,0.2348598119175818,0.7651401880824173,3
..\源域数据集\12kHz_FE_data\OR\Centered\0021\OR021@6_0.mat,OR,0021,0,FE,Centered,12000,1797.0,0.3774369476121942,2.014310886829446,0.3774355003849415,5.879261092548451,-0.0029740672675584775,5.336814266787399,44.53726837517388,108.13217348134877,2654.1118968224955,5.709207063533411,16.232669926700076,4.144572339655382,35.750163351042374,12.406363473213414,87.82888836743405,0.2088649702326189,0.7911350297673808,0.8237453053354786,5.2628485439148704,0.8237446389170234,8.683286187678107,0.37084334594969715,6.3889269047445705,116.48785953434303,227.09489530709686,2939.8051087504277,33.5772699767558,63.94509410319107,21.68883000792132,40.26069091429031,14.137871148858792,60.80430325657707,0.3848078608932233,0.6151921391067763,0.10959320722059228,0.49529290324895325,0.10959309407873997,3.325720122433176,-0.01434319662951047,4.519375934057791,9.05740988365924,32.7259855394886,1931.2474369959423,2.567371932849865,9.757058646062983,0.8972186946569988,12.364476903514063,14.633490562944504,26.771597907454176,0.470417049316815,0.5295829506831845,3
..\源域数据集\12kHz_FE_data\OR\Opposite\0007\OR007@12_0.mat,OR,0007,0,FE,Opposite,12000,1797.0,0.09949092030194771,0.48076303560840705,0.09949091966573652,3.3438323594201016,0.00018969601122280277,4.832230259297292,11.306291511277237,28.677836976487214,2524.368507350195,1.8235073368164407,4.169542952731601,3.55093322333997,23.84278212026893,5.702506202373072,52.694585194029614,0.6979110400927437,0.302088959907256,0.12627833110654776,0.698710085405295,0.12627829538874705,3.2965969158613486,-0.0850888833115474,5.533095656892678,12.877211502768287,36.94611093165347,2705.3942038976634,1.8583664603762717,6.143546245508979,8.585706022036272,19.98211000186239,6.679835058873681,25.890356875838904,0.4579824075579033,0.5420175924420962,0.08545067428091925,0.30739921947162163,0.0854504766287586,2.6799452914252577,-0.004968630315221888,3.597387873863302,4.501470283336872,26.090506139176114,2399.231748905556,0.979557532976074,3.8706718459815708,5.82248978451837,11.84781260957252,4.192668578318984,12.138789901933535,0.13844904488755277,0.861550955112446,3
..\源域数据集\12kHz_FE_data\OR\Opposite\0007\OR007@12_1.mat,OR,0007,1,FE,Opposite,12000,1775.0,0.10135204505387202,0.892882704153192,0.10135177240971215,3.687746557160804,0.016197728770847717,8.809715715934443,10.320959059744531,29.658352364944037,2533.4936043301127,5.214490537161995,10.991914837595298,3.110307435764145,20.237510627725353,34.73059374082637,423.4986891534062,0.6761193927806307,0.32388060721936907,0.16800537215902508,2.1800051597086996,0.1680053711379102,7.297423536993539,-0.08493327080280483,12.97580625960711,15.381417894911474,49.73016492643496,2710.8757095522456,5.6994512839190605,16.527082079822186,3.4505850111975476,12.314398422346892,71.74523791649352,313.6741404064031,0.3907972140616936,0.609202785938306,0.1182797000423281,0.3650064324996537,0.11827948151775511,1.8829052189916062,-0.11290246304558153,3.085960079109356,4.169666601479132,36.40971350350137,2512.7964760747877,1.4303938339965712,3.679469085457276,0.9607164252377897,9.95437792494568,27.120666167594514,81.83082881007812,0.04780189289087404,0.9521981071091256,3
..\源域数据集\12kHz_FE_data\OR\Opposite\0007\OR007@12_2.mat,OR,0007,2,FE,Opposite,12000,1755.0,0.10766196732104967,0.6074393132518452,0.10766181461967726,3.049080602838855,-0.01324562945162461,5.642097468277276,10.387351890272956,31.699394333353293,2517.4116330976835,4.909517067384019,26.58902630590221,4.663287802347212,9.569116629204704,8.474929874910814,21.632766550182865,0.6953068070359414,0.30469319296405833,0.1705163423545555,1.6388324887469694,0.17051571196641438,5.2666433129480845,-0.08422541160886979,9.610999544778744,16.01577871846501,50.34674248836158,2659.167277225196,13.846425014843621,41.55406697644926,7.397500444046428,11.931870460572313,16.857333112747263,31.608796728777882,0.3200334849001016,0.6799665150998981,0.15019283719369275,0.3880034303940001,0.15019281976734017,1.736862867680859,-0.052371374547531165,2.5833684058689186,4.499973355985573,46.31746995201533,2572.977897106955,2.974460850001124,19.942533657209914,6.602967543062464,9.135583633082524,8.00688516503476,12.453999035077272,0.031253715027368525,0.9687462849726313,3
..\源域数据集\12kHz_FE_data\OR\Opposite\0007\OR007@12_3.mat,OR,0007,3,FE,Opposite,12000,1733.0,0.11040947225049211,0.5172476294730372,0.110409280436548,3.0672663811783853,-0.0003760472948157217,4.684812081154855,10.177047511194703,32.66031108467909,2536.4083503264224,1.0272675436379188,15.229900333976227,1.359613702015217,6.6954944533111265,4.843637671187625,17.44240617325123,0.6695174512923966,0.33048254870760324,0.17096711256969516,0.8185055079285493,0.1709671124402319,3.2894790008151498,-0.04827058484710561,4.7875026701108,13.756091282198941,51.154924498749715,2688.5988919297633,7.003122575769233,19.748146387815204,2.5499972535997326,6.393913203449316,10.060043826646899,16.854931257536943,0.24493366956260712,0.7550663304373926,0.18021082419054965,0.5437241694256605,0.18021069570794113,1.7120060318979697,-0.03168280835515874,3.0171559997458446,5.167008035525259,55.59673393632447,2531.304573666809,6.239769218371879,16.551988309131975,2.5405271401701808,7.895491685136355,10.458552062829249,14.63672776967845,0.03544717446321048,0.9645528255367893,3
..\源域数据集\12kHz_FE_data\OR\Orthogonal\0007\OR007@3_0.mat,OR,0007,0,FE,Orthogonal,12000,1797.0,0.08605733796526908,0.43340556042987455,0.08605733708170675,3.244724200136039,0.0006528424287589972,5.036241774115624,10.88621444105793,24.340366259635353,2625.577384019408,0.3150777492544006,6.705891962067308,1.8772636795303532,12.832657460167262,3.629270763888736,29.80173269782668,0.5058646771889302,0.49413532281106953,0.0963151830330336,0.49879740513470605,0.09631517447220217,3.0824863846034023,0.01258279318412063,5.178803480689348,12.013809377073507,27.317092321432845,2769.510334094732,3.4747399358666153,9.504134280448724,3.503330688211382,13.988767895785873,3.619586578681759,32.20302672532371,0.33041297803073416,0.6695870219692651,0.08420216946549576,0.2728349622083303,0.08420211436838367,2.5187714410861872,-0.034379543770352704,3.240236729531443,4.432885438510654,25.709743878191077,2449.6560001515795,1.1051532968736446,4.427578648678817,1.7358854698970672,3.9036399133768938,3.385083735234352,15.310640278916598,0.09811766006224441,0.9018823399377542,3
..\源域数据集\12kHz_FE_data\OR\Orthogonal\0007\OR007@3_1.mat,OR,0007,1,FE,Orthogonal,12000,1776.0,0.09428476486545465,0.4611386166344962,0.09428475780327945,3.1869329978632783,0.0001342392512273669,4.8909133654047485,9.937221350985775,27.470984341297303,2462.514755650981,5.747334989086036,11.699982068200653,1.0870892101216287,12.326048738727359,28.697088518986483,442.2348656177207,0.6591436272657049,0.3408563727342949,0.09600869077850227,0.6101092878421801,0.09600866705893718,3.1505982476176317,0.012715444444174828,6.354729794719713,10.735966079197473,27.74230821796763,2680.710669239217,6.140910585543475,9.176020510305007,5.136851278288388,15.661935884213012,66.70018999543854,333.49282543731357,0.37123541326099313,0.6287645867390057,0.11397858707555407,0.3819631800112146,0.11397844344526611,1.9150262524692534,-0.1081855169246132,3.3511836724034754,4.132537685127938,35.072391326992204,2312.9110775475615,6.970659690144301,11.690531902563908,2.1466627592303267,4.221930118753699,28.04846121831931,82.47353452279758,0.054816440641744166,0.9451835593582553,3
..\源域数据集\12kHz_FE_data\OR\Orthogonal\0007\OR007@3_2.mat,OR,0007,2,FE,Orthogonal,12000,1755.0,0.09164667815293495,0.4377689394113612,0.09164664906178421,3.1332197894445755,0.019216934173006076,4.776702748361881,9.399904839336601,26.7947235119902,2483.6232874215802,2.678169358102457,15.855301853864933,4.223364453756732,11.076363509042464,0.7121295307926944,29.353458847506644,0.5905449514930202,0.4094550485069796,0.10470622195550734,0.47190596116788625,0.10470621831868175,3.037653943475699,-0.04689915443659827,4.506952427033539,10.746735823074925,30.610348938223336,2645.8494244780886,4.712969440165173,29.75738816946385,7.58663672420196,11.34111222921506,2.5911931044674263,26.021633528641836,0.4645492392361566,0.5354507607638428,0.14145182403353104,0.42842499330351796,0.14145167291110358,1.767807836599001,-0.05507203376947557,3.028769662255894,4.0799560118434455,43.63697332931904,2454.0403077174146,0.27636738616745266,5.956462445215456,4.957481501730105,9.851255080597172,1.157503163520702,8.11988162788851,0.03733009118388937,0.9626699088161103,3
..\源域数据集\12kHz_FE_data\OR\Orthogonal\0007\OR007@3_3.mat,OR,0007,3,FE,Orthogonal,12000,1733.0,0.09564666469641635,0.41601228092676645,0.09564635051210536,3.0838956272051457,0.01303603988630772,4.349469814208309,10.191525569276177,27.827574187724004,2484.2385256528232,4.818804802748178,13.187919590057621,7.0307011388475695,19.53026586606043,3.4534869916845468,20.418496912998297,0.5836154457188721,0.41638455428112775,0.14649554526504682,0.5875007387846543,0.14649552078839415,2.7799092632702194,-0.13814346591149465,4.010365896940549,11.506563887939219,43.90729295987558,2603.79393772981,2.119653686626401,12.163216624964107,10.148299855548592,12.826838679121572,4.882399247804694,16.882148306466632,0.7103679820153392,0.2896320179846603,0.16649186003116934,0.42750111376190686,0.16649171321055148,1.7408239817397144,-0.03323963708600334,2.5676997883372397,4.627920541940008,51.37764915062698,2434.018827666288,1.6267259197459225,3.412846155513445,5.1283656998369285,12.126545300702363,4.02061890789082,12.473106755592475,0.04063337305167389,0.959366626948326,3
..\源域数据集\12kHz_FE_data\OR\Orthogonal\0014\OR014@3_0.mat,OR,0014,0,FE,Orthogonal,12000,1796.0,0.19905268980195356,1.2255853821537819,0.1990525466181728,6.329198611228785,-0.025803559776999715,6.157090282845068,19.186108307261332,58.614061099477155,2809.120571151373,5.279791908863846,13.304103985152919,4.272015252023202,23.614687631800123,2.6416817913710675,34.40209773909524,0.14868534567910124,0.8513146543208984,0.42028876403240445,3.116003997230769,0.42028633559810447,10.282701123020034,0.01017688453297063,7.413959791203278,36.24917363453243,125.07552641609284,2877.4752090755865,22.857765053663254,49.39124247791108,11.195596777338881,26.059032195953584,21.69620513755616,45.12441443642322,0.07636225311456543,0.9236377468854342,0.11261361421763745,0.39805958941174524,0.1126135982504066,2.1912102099625566,0.0305965264925415,3.534737715126112,7.866095857778359,33.993825723093344,2383.5367374801062,5.7975876625014235,10.291764934661407,2.6820205192687587,11.611356712943794,5.788714921860431,29.114514471124167,0.13529668773485615,0.8647033122651432,3
..\源域数据集\12kHz_FE_data\OR\Orthogonal\0014\OR014@3_1.mat,OR,0014,1,FE,Orthogonal,12000,1774.0,0.1161420660674314,0.688748182733633,0.11614190967202362,3.773961130691226,-0.02487872239086594,5.930221547236381,16.562093161886416,36.879996491498986,2716.0074752168643,7.092676028613783,16.85078599603719,2.882248197372337,24.47431059023877,3.804885645240722,169.53096643214116,0.36182830705337843,0.6381716929466209,0.28636658728698783,2.070112597266803,0.28636654984129306,6.604550896099689,0.013137108353904586,7.228890133024492,30.728305497071798,94.82750295998706,2859.6634871295846,0.6064888533408768,10.762101649569122,10.980221978209832,19.960858672981697,23.17133996259235,157.2573909485111,0.17461113497248432,0.8253888650275153,0.14932788547896128,0.47418213276627286,0.14932759778667928,1.9192027295247067,-0.03352927344857763,3.175442625771863,8.759615024411188,51.236536377614975,2438.327177905542,1.8403672536885782,8.647939327770445,4.996368182797688,16.001095049110077,11.474602727819349,65.6095821993483,0.08967781204295537,0.9103221879570444,3
..\源域数据集\12kHz_FE_data\OR\Orthogonal\0014\OR014@3_2.mat,OR,0014,2,FE,Orthogonal,12000,1752.0,0.2330303229523254,1.109600150300186,0.2330302638035321,4.881452518395461,-0.0014637348201615556,4.7616127216507955,19.527687381837154,69.51095372202055,2929.39072502611,3.1701829978443574,11.893142507437798,1.664909174908168,15.35157727539503,2.032076569065295,17.863432009888307,0.07773033273976696,0.9222696672602326,0.42388714539522415,2.723807505235073,0.4238871148501516,8.599695462606466,0.003188211800923388,6.425784633538363,36.36532754689253,126.20172500147733,3026.308317613336,8.11887170232689,15.290147622281106,13.644827921040761,19.357883778281614,6.775557232871127,19.809215862391028,0.06568442581299741,0.9343155741870022,0.19770752922716628,0.5049085904941967,0.19770752689363982,1.7029916912816971,-0.017214906541537702,2.5538156916323396,7.2170266927720625,60.8308166670932,2535.291373729668,1.553205207711148,7.452065623713983,7.236325586153267,19.818544905263032,0.21616357620850682,3.569337158451958,0.04517678060344774,0.9548232193965516,3
..\源域数据集\12kHz_FE_data\OR\Orthogonal\0014\OR014@3_3.mat,OR,0014,3,FE,Orthogonal,12000,1728.0,0.2869313663590637,1.4259241675927712,0.28693121826506834,4.752860846002197,0.010041637750957934,4.969565320399237,24.8733104186792,85.35203015416737,2928.627295105974,6.236113302489165,12.843922771168181,13.629455468244833,18.299333014631735,0.9745820959282696,18.164720865934022,0.08977714931680353,0.9102228506831961,0.7342682377383597,4.271245743646011,0.7342682231716301,8.308576878334353,0.03130904185860629,5.817010084491732,59.37740972696438,219.6194672208827,3041.215755975023,28.98320655872162,51.7584579786328,13.76105167486281,27.037589852303796,18.27189605243161,42.75445428246538,0.047545316891716545,0.952454683108283,0.23387232895059198,0.6739649632083462,0.233871877478169,1.714917836436286,-0.013032844594127164,2.881764449144082,8.675316169863892,71.94164802974232,2529.764812856677,3.668966107459316,9.662927974374131,3.0550665836928004,10.16245735162671,6.858006626881722,9.25234288145188,0.04835608009332968,0.9516439199066697,3
..\源域数据集\12kHz_FE_data\OR\Orthogonal\0021\OR021@3_1.mat,OR,0021,1,FE,Orthogonal,12000,1773.0,0.10049541511978184,0.4728527973783763,0.10049535116451103,3.388837958816309,-0.01906572277870157,4.705217614303863,12.388046202232857,28.56699279707687,2667.4435605170443,1.4295455974512894,6.8899532670830546,0.35355357407260646,6.2332032147666405,31.436210733944517,158.37295080804174,0.4801727523006257,0.519827247699374,0.16202893308098845,0.8455003806691346,0.16202891295769903,3.9148057076485863,-0.11223590505874466,5.218206184487558,20.991445027365685,45.60355113777759,2980.508237582257,1.9178917418384764,13.457363010960307,3.5590069983795525,7.251132418827595,73.17305217456232,150.9462680959062,0.44766018701606664,0.5523398129839323,0.11343646282067928,0.34549777646784513,0.11343646070282835,1.8410826362154544,-0.064065824797424,3.045738273891783,4.172962334812204,34.89839848496455,2302.853944508454,3.831011620029929,11.952545950517393,3.3857103507522113,7.31764149985532,33.922197429431314,58.16074111815081,0.05542632443609705,0.9445736755639024,3
..\源域数据集\12kHz_FE_data\OR\Orthogonal\0021\OR021@3_2.mat,OR,0021,2,FE,Orthogonal,12000,1751.0,0.08564843218480539,0.4101856987049536,0.08564840516550941,3.3107105360934037,-0.03532175914332696,4.789179302428881,10.865254184554379,24.21093706326263,2643.786592972561,5.099694594510857,10.94162155760868,6.007154683789445,16.351649163247835,10.79539131112024,39.07049674159018,0.40987954077782557,0.5901204592221742,0.12697626165487513,0.6510477076094219,0.12697615430789783,3.6495490248469467,0.06423048218628238,5.12731828079005,16.297856106617814,35.8076489188822,3036.3541575293066,0.45198379688707063,5.089187607502742,3.6853025974504345,5.696387872018766,10.276217678963272,28.58247901713565,0.34899201329445584,0.6510079867055433,0.13986101836520867,0.3828864185596711,0.13986097580206996,1.72276271507215,-0.030772911432429766,2.737620696853989,4.5861300728563865,43.09100348735323,2503.3851346024876,4.431457768036281,6.5431296332941065,6.268042313283863,14.099568105443023,9.729731095100089,15.877672900020212,0.03278758405365985,0.9672124159463399,3
..\源域数据集\12kHz_FE_data\OR\Orthogonal\0021\OR021@3_3.mat,OR,0021,3,FE,Orthogonal,12000,1728.0,0.10871338030840375,1.052913182494746,0.10871330603675342,4.14591870162838,0.04884690747970306,9.685221630564586,13.490347771191256,30.864179504278344,2578.162623921953,14.115801350095381,25.592833938303087,11.651279383450298,20.437697673503127,11.103135993733833,28.83545393735635,0.35072413714550094,0.6492758628544987,0.1442234246150482,0.8277875853777441,0.144223421402676,3.647464037149881,-0.01413745586996475,5.739619535364806,17.410466854187668,41.154753902929826,3009.220569842607,1.8458832399973288,7.738209216220059,10.923435660239658,15.074910335152866,7.593312682800367,16.270634887719893,0.4334219641797236,0.5665780358202754,0.1660724316981447,0.3853951001390557,0.16607243133509203,1.702245292494536,-0.01777138680105954,2.320644650037729,5.107248232808822,51.201572957437094,2560.638430245415,4.695158433489068,8.017044915487798,2.992935706294044,7.311356749809963,6.538989628394123,9.448799594930255,0.033323095147311334,0.9666769048526886,3
..\源域数据集\48kHz_DE_data\B\0007\B007_0.mat,B,0007,0,DE,,48000,1796.0,0.14282017332964117,0.6884763279668178,0.14281956415408298,3.120925303233441,-0.025299436588844756,4.82058179818726,11.035996986153751,61.600160276286736,2760.3055808410304,15.315159018286256,54.176177088154304,332.446993112727,354.88507360329504,17.263238582710258,55.9013739215041,0.999999999999601,3.9896955405180116e-13,0.09395141965454804,0.3879824432919562,0.09395095275347916,2.795580277100495,-0.028359485139901178,4.12960703221449,6.958294172093387,40.57533590375479,2793.8205953647666,22.34627181095234,38.31980313290913,96.22658337406828,116.32691980262364,18.534164125998377,47.52260173352809,0.9999999999985765,1.4235390186803767e-12,,,,,,,,,,,,,,,,,,0
..\源域数据集\48kHz_DE_data\B\0007\B007_1.mat,B,0007,1,DE,,48000,1772.0,0.13925658974613137,0.6609673987390206,0.13925304034642175,3.120691722594544,0.031141632780028617,4.746399433908173,11.010966203063179,60.01907029079456,2555.9066205369,30.791117208857678,62.19461421614723,56.51117448293281,149.56605225845487,27.64135226826976,69.58800371902748,0.999999999999652,3.480374104390961e-13,0.07758504371936512,0.4681534476155205,0.07758384967634752,2.9562232107533926,0.02243244480053002,6.034068232388843,6.523784845459995,33.36477325592339,2800.6761601915236,9.287934996066939,23.373299191393333,119.93636262588386,293.56562346677765,10.398756531340233,18.34483877629827,0.9999999999977516,2.2485007570017018e-12,,,,,,,,,,,,,,,,,,0
..\源域数据集\48kHz_DE_data\B\0007\B007_2.mat,B,0007,2,DE,,48000,1747.0,0.13758604109255307,0.7415817672342717,0.13758430380670458,3.134397265101833,0.006937215110246445,5.38994916450438,12.054822703294777,59.07044460754633,2634.236659993166,28.091189099068878,67.98427981229375,59.502547023021286,84.60366963982969,22.425497091109104,76.596793808242,0.9999999999996608,3.391864189938933e-13,0.08794003974450341,0.3800812142131954,0.08794000896780918,2.93874665839548,0.02879809583009819,4.322049606953378,7.238870975599787,37.84735525269386,2636.8304775358697,14.660495097856291,31.85887498780491,42.68769875734714,84.7936859237002,8.717645030912305,48.757330408450954,0.9999999999982052,1.7947985561463522e-12,,,,,,,,,,,,,,,,,,0
..\源域数据集\48kHz_DE_data\B\0007\B007_3.mat,B,0007,3,DE,,48000,1721.0,0.14012710767237765,0.7557022232838618,0.14012377887416047,3.1390587633974047,-0.02796411311719848,5.392976675510362,11.342309609432894,60.34540197672781,2534.952271220595,11.115259565305466,41.37703230443301,188.4540074841594,207.0765893216843,2.086869073143949,34.76820357715167,0.9999999999997755,2.2441217029439332e-13,0.1360769084753654,0.5255197998835325,0.13607574906542,2.569347812165827,-0.17900639365561533,3.8619322394340667,8.325297858962928,59.04235430933117,2692.082777252222,28.725902679945683,44.833394495363386,249.21302979263294,279.03617865504896,21.923018289768486,46.50314619817589,0.9999999999993227,6.773407956988067e-13,,,,,,,,,,,,,,,,,,0
..\源域数据集\48kHz_DE_data\B\0014\B014_0.mat,B,0014,0,DE,,48000,1797.0,0.13655896593679892,1.249339445912744,0.13655882594051025,10.615920405247923,-0.020003803537230323,9.148717825609143,13.570556757023153,58.278046952823495,2654.5195797886327,11.468115114343565,43.85940047863244,127.66819462363307,184.17869385862755,12.215257191521975,71.85306094717484,0.9999999999997483,2.515888675505495e-13,0.13969384910032973,1.4108526572823588,0.13969312173579995,10.6639278267971,-0.16342167763233104,10.099604716805162,14.97962623993068,59.34988743167804,2652.6311377869483,95.52271962696588,189.30453907513237,158.56306620774615,204.31404178417196,66.53906602126408,135.23755553158742,0.9999999999997454,2.546660272377748e-13,,,,,,,,,,,,,,,,,,0
..\源域数据集\48kHz_DE_data\B\0014\B014_1.mat,B,0014,1,DE,,48000,1772.0,0.14826075419029436,2.2780913478767695,0.14826061041117589,13.652803791180412,0.1301771978877277,15.36543747074707,15.347060646612336,63.12587545436511,2502.4299281746435,11.083845355981587,50.32914530630387,18.866434121405764,137.83217087973975,10.751956451759074,97.1708046469503,0.9999999999997453,2.5471745507225894e-13,0.05919218683042418,0.53956853718637,0.05919142488018258,4.0352900987143485,-0.0634928394076751,9.11553645977204,6.391664501196655,25.137168103576112,3023.027645588863,1.0226276118368713,10.623703800174361,11.345688659306086,139.46499071492786,2.5852071609497806,73.68863796734814,0.9999999999838755,1.6124539372863178e-11,,,,,,,,,,,,,,,,,,0
..\源域数据集\48kHz_DE_data\B\0014\B014_2.mat,B,0014,2,DE,,48000,1748.0,0.1583369463404554,2.8872291454129924,0.1583291275929129,23.900004595949955,0.25060221946694006,18.234715346883632,16.56051314716296,67.37787314765161,2435.4620113162396,29.637059443814387,91.00402471933182,230.38503980034457,299.1634458139749,29.328839049781987,210.90089672463984,0.9999999999997747,2.2534547011249756e-13,0.07318240787493936,0.673141375950624,0.07318239741422713,3.946645401070366,-0.06771467030399352,9.198131019424068,8.299419595547237,30.974305063601786,3050.8141096732315,24.442494952415647,45.01734674734767,155.67027140222606,218.53905486670507,19.169041494541773,39.15521177040516,0.9999999999907101,9.289940040528992e-12,,,,,,,,,,,,,,,,,,0
..\源域数据集\48kHz_DE_data\B\0014\B014_3.mat,B,0014,3,DE,,48000,1725.0,0.16880699037839972,2.2979653895757086,0.16880660787556664,15.024878470031414,0.25564567855236275,13.612975294592733,17.505425699826926,71.86639315918246,2419.071109581017,31.57239651506473,109.18795970823011,99.96860307866294,239.0444791893455,20.872908507804002,147.82177918599385,0.999999999999778,2.2204062741571e-13,0.09540611831690686,0.6211834478921292,0.09540443698526015,3.303786138924168,0.002273858482799395,6.510939328112772,9.614083472613911,40.68510610433368,2906.0570156496447,41.31738802158757,98.24409375301417,86.47261206985313,183.83889928750028,30.449168628130447,105.63797349098809,0.9999999999941536,5.846492985388574e-12,,,,,,,,,,,,,,,,,,0
..\源域数据集\48kHz_DE_data\B\0021\B021_0.mat,B,0021,0,DE,,48000,1797.0,0.35053124235447386,2.10138948428753,0.3505311965021116,3.2527272970369596,-0.0007119002142040808,5.9948707287052745,24.540224846532727,151.6220191619751,2524.5967716610785,37.476886831303254,52.7976987971792,177.77571527084837,241.24287654285024,23.90585437933068,60.93546150917386,0.9999999999998477,1.5233063764640883e-13,0.34422595107807036,2.0696427842649054,0.3442227280720688,3.2772755529460804,0.006857507680848548,6.012454255070127,23.74247614345909,148.9533144518468,2541.4330785624957,57.14902158326384,118.13088554958938,327.666429192103,371.4409113639057,30.560177014444108,104.1151768661268,0.9999999999998428,1.5716693607491096e-13,,,,,,,,,,,,,,,,,,0
..\源域数据集\48kHz_DE_data\B\0021\B021_1.mat,B,0021,1,DE,,48000,1774.0,0.22736509149883904,2.484481768069127,0.22736504448523662,9.737889724112607,-0.008198705093325556,10.92727890500206,17.67733657926822,98.0455698331589,2655.215026080082,15.42383471901578,34.66039404609181,281.9301005837505,438.941197932066,9.426741169663787,61.58985815929118,0.9999999999999003,9.971231931122265e-14,0.07492425632069166,0.4624705807102137,0.07492425066574276,3.147775216488538,-0.010548249760195229,6.172508122479612,6.965611407134497,32.08270724210786,3071.134780142903,17.29488288587493,37.975377718895515,135.991418599799,310.2437072614659,8.425950194857137,31.530143969080207,0.9999999999978658,2.1341739089572006e-12,,,,,,,,,,,,,,,,,,0
..\源域数据集\48kHz_DE_data\B\0021\B021_2.mat,B,0021,2,DE,,48000,1754.0,0.33298828895160487,3.5425855307710017,0.33298816835255,15.900323893999632,0.019682146072691177,10.638769134868483,27.995041079465526,143.19735893796212,2618.095135904482,20.960352635575013,58.437825452861304,163.00473776871286,220.84643684741496,25.73379268574253,84.45211803206806,0.9999999999999246,7.531347629718044e-14,0.08561668534599691,0.8381486165381365,0.08561667309787714,4.037570773227381,-0.05535393187468963,9.78954759987476,9.32610359578703,36.33766395687633,3193.574170853682,12.03903383012931,24.954283681886224,91.6699923907113,190.15946842194185,2.2584997708682066,43.17335569639597,0.9999999999979462,2.0538944402477086e-12,,,,,,,,,,,,,,,,,,0
..\源域数据集\48kHz_DE_data\B\0021\B021_3.mat,B,0021,3,DE,,48000,1729.0,0.3729607060216784,3.880023682524251,0.37296013199421724,16.95770584730207,0.03199905366250676,10.403304208402918,29.9119175568665,160.66268869795005,2642.5944610234988,28.67277428655826,81.86251793845138,195.4218506385473,254.35792247994738,29.137118787278254,90.79975238828888,0.9999999999998542,1.457546424212269e-13,0.0984519072634356,0.6323530827958161,0.09845170258971381,3.150005107193837,-0.02740584582251776,6.422964271314508,8.782331309954456,42.23614304080601,3020.1313743972587,0.8242477385808811,21.15307135567994,90.27561040868873,118.86245448802323,5.885117970369097,28.745345410463766,0.9999999999985195,1.4804661565768374e-12,,,,,,,,,,,,,,,,,,0
..\源域数据集\48kHz_DE_data\IR\0007\IR007_0.mat,IR,0007,0,DE,,48000,1796.0,0.5547749172713412,3.1585211439920347,0.5547740045874443,6.026096311775361,0.014347583457608712,5.693338046945618,41.914162326783945,239.44986432363794,2784.1486247254907,42.53440988252525,109.53240257871899,497.6247094976808,585.9851436089257,32.56645746440837,149.5296170830097,0.9999999999992508,7.491621331651206e-13,0.4737423588017648,2.649620654554383,0.4737407986331787,3.4471044534006876,-0.27872293952150307,5.592957026802629,31.370848486742894,205.2000575299275,2604.2286664503054,12.722284436951922,70.064298143501,520.9849409898345,634.7124659820308,8.427524188076298,95.39515986634242,0.9999999999996506,3.494120415166821e-13,,,,,,,,,,,,,,,,,,1
..\源域数据集\48kHz_DE_data\IR\0007\IR007_1.mat,IR,0007,1,DE,,48000,1772.0,0.2657718636056229,1.5505097763039268,0.26577101655739804,7.344243157968898,-0.11129661687958893,5.833987673746827,18.35322984017951,115.00045491164228,2903.4141103526226,2.6877818972532697,36.5279225502488,54.663910133156996,96.48011294086989,3.8521136415950714,26.90741545048467,0.9999999999991376,8.623775255871399e-13,0.22396301865088153,1.1602168753322415,0.22396301789317113,3.506481086218116,-0.15661600739177992,5.180394880910286,14.739847938939285,97.02241092943473,2648.5750301741673,32.80386029809356,74.41085103389341,101.68928558241595,149.72164527875782,21.78957008149358,42.61437677027435,0.9999999999995509,4.4912468287569605e-13,,,,,,,,,,,,,,,,,,1
..\源域数据集\48kHz_DE_data\IR\0007\IR007_2.mat,IR,0007,2,DE,,48000,1748.0,0.2689446304658355,1.5900468297589065,0.26894273179129685,7.3880159848189555,-0.07794034135220636,5.912171687550732,19.574486151114126,116.20941749041903,2858.4135337082694,33.81602661699431,77.89969935824416,23.483337585372006,62.04917374554382,20.123179651221008,62.319901813096024,0.9999999999993054,6.945707105693629e-13,0.22602033403935534,0.989754243309181,0.22602033402521626,3.122609891993731,-0.022444880736059568,4.379049555500798,14.470409106211369,97.97430280521691,2607.7336789537126,2.1703185549466375,7.706244377177149,39.39600475341704,83.92407296119528,4.975031932157393,48.797471584188926,0.9999999999995792,4.206969012690499e-13,,,,,,,,,,,,,,,,,,1
..\源域数据集\48kHz_DE_data\IR\0007\IR007_3.mat,IR,0007,3,DE,,48000,1721.0,0.2664571396941338,1.4604861615626803,0.26645713427834716,6.6714924597949725,-0.13915510258686006,5.48112977283766,20.191311639271632,114.99651163783032,2802.3529091819164,61.315272019391436,123.0741963140491,96.26820436392407,159.66822993596477,48.0612304866223,90.47452066051237,0.9999999999994376,5.624152242632755e-13,0.2187882591705663,1.1911143780462798,0.21878700676875107,3.4231874081356923,-0.25419470547033723,5.444142124270447,16.18160960729866,94.49325257042943,2526.3071132565774,91.31321744950796,177.94111027760474,137.50662245882478,184.78785034407042,71.84638512598218,119.40775098414564,0.9999999999995645,4.3560148909797207e-13,,,,,,,,,,,,,,,,,,1
..\源域数据集\48kHz_DE_data\IR\0014\IR014_0.mat,IR,0014,0,DE,,48000,1796.0,0.1779405238838059,1.3887792892507755,0.1779353286735681,11.248255427242274,-0.11522393443306322,7.804738678625225,11.58800110469888,43.422859962642114,2579.8129257636115,19.698468257836435,48.94589079365174,21.678586105638193,158.34052359430746,88.13567499759895,152.68765023349914,0.9999999999998035,1.9661097506042833e-13,0.07593143454816081,0.38743293267933576,0.07593071445888815,3.9352844165969003,-0.016713161457279704,5.102405018222061,6.48189674983353,18.049016112141086,2963.5787012455844,7.658587605842706,17.585288796504194,20.89463513498052,116.24571433939094,78.657944565533,180.54348679771374,0.9999999999952013,4.798740782285821e-12,,,,,,,,,,,,,,,,,,1
..\源域数据集\48kHz_DE_data\IR\0014\IR014_1.mat,IR,0014,1,DE,,48000,1772.0,0.259970842528501,2.825348355603885,0.2599708288336849,19.177990022857113,0.04486897166218748,10.867943220571506,18.297226695994407,112.4344339766393,2550.1296547174434,9.52861440095421,23.6141222568866,161.33459690837336,912.3891945556361,8.026251329358665,100.28316756764127,0.999999999999913,8.702578601369734e-14,0.07695370566349059,0.44369680113610005,0.07695369663321995,3.343485843950968,0.010735364906265343,5.765762640155803,8.304812109296439,32.680727397350886,3062.067774538435,8.328560203957249,29.532212159996476,195.2221743023519,1001.4303638097633,3.005186906431838,36.27513150096808,0.9999999999959068,4.093144729696154e-12,,,,,,,,,,,,,,,,,,1
..\源域数据集\48kHz_DE_data\IR\0014\IR014_2.mat,IR,0014,2,DE,,48000,1751.0,0.2510599764601064,3.465300440221595,0.2510203296015355,21.407554060698132,0.6587949607208596,13.80267969861868,19.221160857318157,108.3344006808322,2393.545619435804,127.11316724051603,237.19891849059158,337.3433557683027,384.3872233253378,86.30350118655149,207.282333165732,0.9999999999998874,1.1265498198642647e-13,0.08236704411047983,0.5722575618008623,0.08236700338958274,3.7036262468716967,0.03667953643982801,6.947652037060925,8.427778450747708,35.09366309999531,2970.6773955411627,33.09745306122162,71.20731074422996,87.82915912977728,134.91171480461966,23.81502600569918,56.18396644508121,0.9999999999961374,3.862663937959703e-12,,,,,,,,,,,,,,,,,,1
..\源域数据集\48kHz_DE_data\IR\0014\IR014_3.mat,IR,0014,3,DE,,48000,1726.0,0.24688304329881308,2.5547572652903447,0.2468829017917036,17.436861019783002,0.007635757897440851,10.348046715376126,18.994748883152003,106.49812414923683,2595.471574273289,44.286472738882054,71.40663122740818,454.4263935970782,618.8966599358375,22.003527653879544,90.81686618788193,0.999999998751719,1.2482810353651418e-09,0.08675211368867627,0.5432736420245784,0.08675195728248516,3.767244456857322,-0.00901054106965503,6.2623677847689345,8.695560810281215,37.00501107298686,2937.9437426769273,30.667105231860152,60.50375070751478,241.47710033094194,380.6936317011639,18.127598190221768,59.1169043029644,0.9999999999964977,3.5023932191714526e-12,,,,,,,,,,,,,,,,,,1
..\源域数据集\48kHz_DE_data\IR\0021\IR021_0.mat,IR,0021,0,DE,,48000,1796.0,0.5800203279234646,3.073657407737257,0.580020286870474,4.214934667113708,-0.045109624832094415,5.299223595733761,37.56283192158131,251.3610357953797,2509.9887631792076,23.22138175214808,55.14915294712873,177.36266699903,488.25862260429597,18.67849534986033,101.1556429120912,0.999999999999952,4.795793656215998e-14,0.5736860599668026,3.0274406597529278,0.5736852986049545,4.18702052302028,-0.049714289858223015,5.277173128327568,38.18114295474498,248.46042253031794,2512.1126333125235,35.25477381124198,79.28370632922645,210.55192405377687,480.7941130947017,32.95288471726459,145.7690290040398,0.9999999999999535,4.653235479537352e-14,,,,,,,,,,,,,,,,,,1
..\源域数据集\48kHz_DE_data\IR\0021\IR021_1.mat,IR,0021,1,DE,,48000,1774.0,0.6009062309224991,3.1053743058729535,0.6009059337708872,3.848454490840665,0.01310351535445268,5.167818448322039,36.857241622518984,260.7116521992298,2553.143077685014,16.926730481361716,47.95624565730508,254.00006472382347,400.7415983485255,22.596504265711758,103.7632574346342,0.9999999999999648,3.510563163970094e-14,0.17308235828541968,1.1840513930782808,0.17308028859914404,4.187794587186819,0.2002896006758536,6.8409709967421,17.724014455505937,73.74169375012264,3060.1192528076763,39.60783803763714,89.3294557545554,190.6507606328961,327.21221455201646,34.53318155919407,81.63057274345007,0.9999999999992967,7.031861462567886e-13,,,,,,,,,,,,,,,,,,1
..\源域数据集\48kHz_DE_data\IR\0021\IR021_2.mat,IR,0021,2,DE,,48000,1752.0,0.7658534404013171,3.5757864601857414,0.7658507480920174,3.617957936430668,0.04373058873007674,4.669021867045453,45.75806187586544,332.4470454727835,2574.9145253099705,104.41307839455713,205.8905293080735,320.847848232976,390.15530168984725,87.11973351566641,197.8883059762123,0.9999999999999639,3.599655564078899e-14,0.16916106319187624,1.3816167455786423,0.16916102226231639,4.242112867999664,0.14628023437049745,8.167463123659257,19.250931171857925,71.57914252456617,3117.607609777601,69.84469486068764,119.48150070533576,221.75761331542404,298.0457943095037,52.93582769934709,90.78075458158041,0.9999999999991948,8.052379405323065e-13,,,,,,,,,,,,,,,,,,1
..\源域数据集\48kHz_DE_data\IR\0021\IR021_3.mat,IR,0021,3,DE,,48000,1727.0,0.40279595258594625,1.8122873365549979,0.40279576588186083,3.570370207107793,0.02796055535411162,4.499268984507243,20.566463704827953,175.2940634973158,2577.794927410671,2.0540426164365226,5.491730384587134,149.91854621618015,238.1305219495913,3.501697897631697,38.9192234179507,0.9999999999999691,3.0889012972908746e-14,0.1675726021897612,0.9847287239718007,0.167571555671886,4.154778742067106,0.0631625448962695,5.876430341856733,18.24606130185312,71.12397185770415,3034.0686999504514,34.92221099315888,55.573749758756364,206.87838001481853,452.32379712920044,35.4688826101148,85.77899074273698,0.9999999999990724,9.275999556945625e-13,,,,,,,,,,,,,,,,,,1
..\源域数据集\48kHz_DE_data\OR\Centered\0007\OR007@6_0.mat,OR,0007,0,DE,Centered,48000,1796.0,1.2120487459175868,6.2201536254812115,1.2120487252383743,6.714200082783481,0.02268378473483608,5.131933551708943,60.41989770196888,527.6451276970224,3118.06715378778,55.28351863362427,89.5963988221205,137.26343916082445,211.35302641249663,57.68906569626544,87.20879357484412,0.999999999999954,4.5991781717135503e-14,0.2015756228619352,0.9657891816529225,0.2015726846223372,3.510624389126077,0.05362403905306247,4.791200284740872,17.35437452643188,86.60564421581324,3210.6009401708066,45.46097430115668,57.83749817475491,119.16970461589294,157.15435717945195,39.358818445944365,71.17788389421702,0.9999999999992953,7.046505182059539e-13,,,,,,,,,,,,,,,,,,3
..\源域数据集\48kHz_DE_data\OR\Centered\0007\OR007@6_1.mat,OR,0007,1,DE,Centered,48000,1774.0,1.0292183577638025,5.269612181178436,1.0292159542867203,6.852179061008246,0.019995542040980366,5.120013786605787,49.471449219621725,448.26029021180557,3034.1698875186407,101.82143307633633,170.18997603206475,189.18192232309198,860.5174070964745,77.58225834361542,220.3863145274957,0.9999999999999486,5.1417137844546875e-14,0.1830428649113376,0.8389803039394294,0.183042863520319,3.452770434075666,0.05336339661419845,4.583518206764383,14.624426693503386,78.86080647170078,3280.3458960600447,2.045231832234134,30.3788150663435,177.4210535382957,716.1109887275443,12.437878730712084,85.52788116983557,0.9999999999990365,9.634440823875663e-13,,,,,,,,,,,,,,,,,,3
..\源域数据集\48kHz_DE_data\OR\Centered\0007\OR007@6_2.mat,OR,0007,2,DE,Centered,48000,1750.0,0.9930926847749412,5.218905784885311,0.9930926725799697,6.927940986764118,0.02715891301380276,5.255205143383008,47.80483213912959,432.51757668419793,3100.9886556692886,43.996113636847184,54.10388646506112,59.20470521889189,106.95312760515239,11.322979114366866,130.66469149829058,0.9999999999999438,5.619057952580187e-14,0.17145800902880953,1.1165245488973836,0.17145392507459473,3.753371295678642,0.09328057660319852,6.511941642281508,14.843380242102212,73.65005042658147,3114.330727271882,30.499022758889517,70.28631299827198,51.66474697341457,97.20603689188779,25.21111707912823,80.0591513175355,0.999999999998939,1.0611008123477966e-12,,,,,,,,,,,,,,,,,,3
..\源域数据集\48kHz_DE_data\OR\Centered\0007\OR007@6_3.mat,OR,0007,3,DE,Centered,48000,1725.0,0.9713992193985018,5.240710679351982,0.9713991217773107,7.363341668016075,0.02607551344217993,5.395012240793308,44.02330093966791,423.3631331736561,3075.2010694872397,35.803859403799024,67.00898765117944,42.53433787928325,84.54203625267921,21.85919694258908,117.82367352939578,0.9999999999999444,5.5701923058244844e-14,0.18603514656451675,0.8935691972659557,0.18603472341961502,3.7722563929564417,0.06965922577416878,4.803227851120417,14.878429031194466,80.14739623541773,3050.315553628542,37.31000122229133,70.08290026393885,3.2852884180975965,34.655047803802226,42.38758995658671,88.52311889272742,0.999999999999051,9.491298486599675e-13,,,,,,,,,,,,,,,,,,3
..\源域数据集\48kHz_DE_data\OR\Centered\0014\OR014@6_0.mat,OR,0014,0,DE,Centered,48000,1796.0,0.14131785614979375,1.0942872522312725,0.14131748992595095,4.31929463330602,0.004131072070757598,7.7434464549996616,11.147602375526038,60.910854832183475,2553.5016151915906,33.35795956455623,72.46184597624936,231.82545145784536,374.3566496594777,37.022488323100696,211.3525553069367,0.9999999999997619,2.380966374760997e-13,0.13790714387160022,1.0776911905811557,0.13790658054605848,4.333774434641169,0.0002739621375227809,7.81461467713776,10.960445066149637,59.42581508946009,2578.8161021943197,36.391553623106006,87.0938116688327,253.96565519992734,438.13549496636614,21.857077946435755,104.34090560337275,0.9999999999997622,2.3789594317428245e-13,,,,,,,,,,,,,,,,,,3
..\源域数据集\48kHz_DE_data\OR\Centered\0014\OR014@6_1.mat,OR,0014,1,DE,Centered,48000,1772.0,0.13355223358183424,0.704031314445583,0.1335511518592717,3.128796885494312,0.0004472091632340387,5.271580231671582,9.918931705027108,57.67339503512843,2656.6829193804697,9.331267890118308,23.201497090717105,106.82304814297545,344.4920479088977,10.831535850517339,72.39341000048074,0.9999999999996548,3.4512903564522773e-13,0.08725883226233923,0.4727774687349052,0.08725873848817275,2.832569425738761,0.0032244899804525543,5.41810446550011,7.001575758754377,37.58841590324776,2975.922075682424,9.071766568314853,13.792129355927731,74.99059602096112,323.60915865790145,4.0866399839087455,72.39112497051481,0.9999999999987439,1.2561308083339314e-12,,,,,,,,,,,,,,,,,,3
..\源域数据集\48kHz_DE_data\OR\Centered\0014\OR014@6_2.mat,OR,0014,2,DE,Centered,48000,1749.0,0.1512515440598842,1.8469875056919844,0.15125151330591433,9.054898263503556,-0.017558929230852147,12.21136297928117,11.969789710115062,65.1852406594425,2768.6354704725622,9.572256066107634,29.84888254292322,192.42196266595417,280.9053987225633,10.903304040447798,156.7642954036386,0.9999999999997737,2.2622411231962514e-13,0.08062284125687652,0.391777309918906,0.08062281347155072,3.0100353834555116,0.016965482143011516,4.859383566880811,7.194750845261847,34.586768953636145,2953.1879216029392,24.08311010527792,60.117567867083885,162.32151246683136,241.24930195328992,8.880638906525162,54.22400371538756,0.999999999998891,1.1089661525203937e-12,,,,,,,,,,,,,,,,,,3
..\源域数据集\48kHz_DE_data\OR\Centered\0014\OR014@6_3.mat,OR,0014,3,DE,Centered,48000,1723.0,0.15125893393703388,0.8088272242880543,0.1512581725082431,3.0855996780572683,0.0019042251721367288,5.347302160841311,10.956099615889372,65.36686473912155,2596.1086541117193,18.279991007968746,50.921149837447345,51.03650178997264,234.19134235777364,9.076686003438082,93.79437796777289,0.9999999999998028,1.9718554548694902e-13,0.08596243730091532,0.40873460115866966,0.08596212292700782,3.059228187817514,0.006636139312592966,4.7548047029876095,7.695609459406097,36.8724798828033,2830.596694205551,8.914212264856273,32.06873267732905,46.72453924553981,152.84541931358768,8.708542942875765,39.18706740120447,0.9999999999990333,9.66621865169307e-13,,,,,,,,,,,,,,,,,,3
..\源域数据集\48kHz_DE_data\OR\Centered\0021\OR021@6_0.mat,OR,0021,0,DE,Centered,48000,1796.0,0.6601654912311951,7.349460752593824,0.660163890647143,20.45977886947491,-0.29472438987619753,11.13275512006426,56.52161106726848,283.6950133346092,2784.4469146857055,47.54669463615816,109.37958366022221,184.4717707068201,306.9265172337526,37.437258929858686,133.26344612547854,0.9999999999998515,1.4864395215459031e-13,0.6493047580429874,7.237857587139643,0.6493040407421129,20.964345302012806,-0.279427787736189,11.147088478074048,55.378570457314616,279.06979985964773,2761.964940395849,31.41815929137258,83.32037333643487,159.09073526667217,278.77396883981544,30.576170402762774,93.07389803868276,0.9999999999998529,1.4707708209825077e-13,,,,,,,,,,,,,,,,,,3
..\源域数据集\48kHz_DE_data\OR\Centered\0021\OR021@6_1.mat,OR,0021,1,DE,Centered,48000,1771.0,0.6054114524078941,6.393576575062523,0.6054102657535546,20.356724170796635,-0.42364930389104893,10.560712965758155,51.47319147148115,260.23682974913316,2802.908002238484,42.817011407689726,76.30964124394501,147.000857104882,298.45998328289255,43.32710817901138,132.88001373025475,0.9999999999998672,1.3276217451292916e-13,0.16164128542263878,1.7756497705868586,0.1616412692312679,14.993439376828723,0.489347900141696,10.985125278756096,17.62515312587025,68.59965576931705,3320.216081005235,12.549843985328655,25.219456589670806,134.718925954226,201.44386206962957,10.540542931252531,118.86737796195484,0.9999999999982184,1.7816150129928779e-12,,,,,,,,,,,,,,,,,,3
..\源域数据集\48kHz_DE_data\OR\Centered\0021\OR021@6_2.mat,OR,0021,2,DE,Centered,48000,1747.0,0.6017827991617702,6.979358387633216,0.6017814550719852,21.345944892662384,-0.4384627397375623,11.597803056775367,50.52478774262308,258.8028662826371,2789.4314750162084,82.66197056254931,198.12582171921878,77.16556622418037,184.769267968443,34.51630671826497,236.85074936896066,0.99999999999988,1.2000527733623084e-13,0.1626446366280079,1.7403338636754586,0.16264399719823097,14.047728982505303,0.39661368174362277,10.700222889340377,18.80394389162527,68.74213389294006,3168.0433760054893,6.583852715532272,147.1248441844134,72.91405003661474,164.95476232836864,5.1548581966773215,84.33252124967196,0.9999999999983497,1.6503678229567346e-12,,,,,,,,,,,,,,,,,,3
..\源域数据集\48kHz_DE_data\OR\Centered\0021\OR021@6_3.mat,OR,0021,3,DE,Centered,48000,1719.0,0.5796579195822167,6.263513056480456,0.5796578134314815,20.149142844651045,-0.35278540727102875,10.805533479116145,49.38198224198855,249.1466993046736,2828.6047614590684,6.299120990111562,38.591028003540764,39.838941671816826,148.0657088969433,18.326292688381443,117.13236591870772,0.9999999999998822,1.177654376657197e-13,0.17272112541584517,1.872678416891917,0.17272109107368588,13.1997374721948,0.22468889217206128,10.842208284500446,20.46951605332224,72.86190998009279,3222.927014181844,3.852740342131888,89.89223808870065,40.095419355263466,88.63755485583414,5.129726543130558,40.31953068220983,0.9999999999984451,1.5547875684109962e-12,,,,,,,,,,,,,,,,,,3
..\源域数据集\48kHz_DE_data\OR\Opposite\0007\OR007@12_0.mat,OR,0007,0,DE,Opposite,48000,1796.0,0.20879191471582573,1.3967422299455512,0.20878887821644018,5.456505492650332,0.016798107772062504,6.689637536235893,12.802131312825045,74.17675300707428,2644.8086402117974,16.45947950093931,40.088238482180536,189.22073706747383,224.34355423596952,18.387107944686818,61.23933186482423,0.9999999999997009,2.9907348340841325e-13,0.10148211767594334,0.5300040830369112,0.10148180335093722,3.3313569646978323,-0.023519701277515355,5.222635230468296,7.913822542461604,35.71962167888373,3431.697288002405,17.165694576027843,25.057455093198666,86.72586389942674,93.78249319927974,7.082801212828487,20.58900949366113,0.9999999999915911,8.40899114566811e-12,,,,,,,,,,,,,,,,,,3
..\源域数据集\48kHz_DE_data\OR\Opposite\0007\OR007@12_1.mat,OR,0007,1,DE,Opposite,48000,1772.0,0.26360204367808054,2.2313687448118555,0.26360161213067385,10.925171276889007,0.02613820124327768,8.46491443570474,18.453273004527656,114.02122427331523,2644.222510489111,11.507506129878829,30.283787961520684,48.18444712257314,285.5116066726331,16.077241686814716,34.832258458121224,0.9999999999998009,1.9906000676951596e-13,0.11207450935036183,0.8701230159090935,0.11207450772608273,4.148508289305295,0.022869828252915166,7.763790543922505,11.41111601432473,47.76442258897879,3421.6742026874317,11.107772394019348,29.234434178727735,35.83106460812438,554.4366557429496,3.8236025787029777,62.2796835702833,0.9999999999861272,1.3872871024767755e-11,,,,,,,,,,,,,,,,,,3
..\源域数据集\48kHz_DE_data\OR\Opposite\0007\OR007@12_2.mat,OR,0007,2,DE,Opposite,48000,1749.0,0.25879280853787995,2.214490666869755,0.2587915241905362,11.358323101186635,-0.004483370567184817,8.557002334729159,18.11601315059568,111.94146465519124,2648.0899313157415,48.5464161074702,99.66172869541961,207.68520177627818,239.5790946061182,29.46104549039574,68.04645874491214,0.9999999999998146,1.8538225493771335e-13,0.10780319232844102,0.6547401370134852,0.1078028435484808,3.829061024755384,0.016978649701857418,6.073476331004247,10.327730799881742,46.09431465734507,3328.3971704405417,6.193504197121221,36.808301439540074,228.51764948659724,244.13430607513706,7.7395318827201125,33.29149830341446,0.9999999999933908,6.609250244766051e-12,,,,,,,,,,,,,,,,,,3
..\源域数据集\48kHz_DE_data\OR\Opposite\0007\OR007@12_3.mat,OR,0007,3,DE,Opposite,48000,1723.0,0.24238342564795662,2.032408798595622,0.24238319555989116,10.156330876093653,0.048439960957595986,8.385098086481953,18.31517398838831,104.61607439685632,2612.2877154819735,87.79094173908919,188.04220948985,259.9477230848777,322.146050626426,66.04836907672912,137.21856479699693,0.9999999999998103,1.897097085187295e-13,0.10861842914236103,0.6350218272570941,0.1086168144579081,3.4474633919297335,0.00432215715079923,5.846354364274603,10.060980064219686,46.51938254063012,3164.3912585213507,9.488541266598869,43.06938613257629,178.26182272426024,210.11044349431975,3.654124462889798,11.700312476594641,0.9999999999935255,6.474582506186338e-12,,,,,,,,,,,,,,,,,,3
..\源域数据集\48kHz_DE_data\OR\Opposite\0021\OR021@12_0.mat,OR,0021,0,DE,Opposite,48000,1796.0,0.5893240376477552,5.4953689842962214,0.5893240307853794,25.49801754488045,0.05437299842805914,9.324868210417131,33.11396505198665,210.34222044920875,2671.1523562671214,37.64251612304647,140.48699803340253,186.85888295243228,237.17528864937466,29.75053302458433,101.55789219092287,0.9999999999999418,5.815709586119289e-14,0.12765020059137283,1.1568962975783326,0.12765007525338587,9.184439922621772,0.18042536427280165,9.063019816801766,11.017772176505026,44.786934163268654,2882.975798880645,4.026455083561395,33.08899995043252,100.01619753160693,136.0632889885232,9.699892177381246,42.065796453353286,0.9999999999993002,6.997882125631282e-13,,,,,,,,,,,,,,,,,,3
..\源域数据集\48kHz_DE_data\OR\Opposite\0021\OR021@12_1.mat,OR,0021,1,DE,Opposite,48000,1771.0,0.5380280207319583,5.001385629718887,0.5380280112657908,22.616103620107527,0.08465967500269982,9.295771664298766,34.463706673775725,233.2194071852072,2658.209761014227,4.350797805885141,132.6119239729615,196.6132651645578,290.5165508085173,16.283177707773348,64.32148979450133,0.9999999999999392,6.086622822818463e-14,0.12658870048652934,1.0955486035400872,0.12658731677964183,9.311082092196454,0.12826583916098883,8.654394897249677,13.610020155128288,53.773384108833135,2796.934026788775,7.029451464692676,62.471574820905225,147.75128010513657,206.1312016110855,8.26412478533844,52.21728732404695,0.9999999999992119,7.881456576311307e-13,,,,,,,,,,,,,,,,,,3
..\源域数据集\48kHz_DE_data\OR\Opposite\0021\OR021@12_2.mat,OR,0021,2,DE,Opposite,48000,1746.0,0.4725467267551396,5.0249225381930565,0.47254669999921217,22.48257529168083,0.10790527229511657,10.633705099806626,32.96194532177778,204.41916137520445,2636.440531839644,13.12094081768773,154.13478753093642,204.11176413136945,252.83306887278022,7.6562412672148525,54.69615245775742,0.9999999999999337,6.623150598243784e-14,0.12514965463515565,1.0753542170319443,0.12514900902844317,8.325254231469206,0.024173623877002587,8.592546421057943,13.424549310781725,53.16954226385638,2794.164358726351,15.593854045290128,52.008160079005705,158.47326214641762,202.7201616508881,4.9830460087243065,94.97510583594578,0.9999999999992615,7.38523430074746e-13,,,,,,,,,,,,,,,,,,3
..\源域数据集\48kHz_DE_data\OR\Opposite\0021\OR021@12_3.mat,OR,0021,3,DE,Opposite,48000,1718.0,0.4154663036662495,4.103903223368582,0.4154636696999811,20.89946827265468,0.08224180532402368,9.877824476146472,32.86040397671802,179.0591130606618,2592.2893895091206,66.54418469894,184.04048436911742,205.52985238730741,251.97274585683294,25.980287154356695,84.29391321468752,0.9999999999999111,8.894316845159719e-14,0.13267807449822464,1.0562942361191898,0.13267775517176947,6.365963013139239,0.012353807312890477,7.961332270716094,13.669249024816997,56.50694133586199,2647.7184602318775,17.275094662151666,33.49466968462349,140.73475173224074,182.59159866355606,15.613287901026169,92.73772987943427,0.9999999999991311,8.688552033591975e-13,,,,,,,,,,,,,,,,,,3
..\源域数据集\48kHz_DE_data\OR\Orthogonal\0007\OR007@3_0.mat,OR,0007,0,DE,Orthogonal,48000,1797.0,0.39200062223179855,1.9240773470829362,0.39199771058047383,4.18357884887921,0.06190432124390261,4.908352788137125,24.013550809162254,136.27375507708945,2796.7850690464115,38.79999195476485,143.8556430272292,146.02959527871235,188.6927402881991,22.418640234386412,51.11581235330812,0.9999999999995267,4.732676241819681e-13,0.15758708827496767,0.7115278490015322,0.15758528849543887,3.107086834587968,0.01793980670932492,4.515140528264692,12.29032523298836,54.25261353243835,2878.53315456599,10.5096578842983,40.98652072049034,74.54551919895188,104.47223355986455,8.075040874267136,30.388620730768395,0.9999999999986747,1.3253337057407432e-12,,,,,,,,,,,,,,,,,,3
..\源域数据集\48kHz_DE_data\OR\Orthogonal\0007\OR007@3_1.mat,OR,0007,1,DE,Orthogonal,48000,1773.0,0.44797359486108085,2.1142445121728026,0.4479735947428745,4.1059163178981795,0.04565129892440034,4.719573957988398,24.656425031117177,194.73748054619946,2880.4830601673916,55.76995564562238,126.11775625005941,225.77734655602708,705.4297445304865,47.41360283304412,119.72016004402158,0.9999999999996122,3.87794870944922e-13,0.18065596937437162,0.8502099045544506,0.18065558653812944,3.2622216541293456,0.05781488724093125,4.706237538116268,13.74250443708781,77.95763817476526,2873.8767219308393,6.406223924253172,40.94733797538528,127.62416282656035,915.2786594642585,5.510269024840256,69.6131036611823,0.999999999998868,1.1319665502294726e-12,,,,,,,,,,,,,,,,,,3
..\源域数据集\48kHz_DE_data\OR\Orthogonal\0007\OR007@3_2.mat,OR,0007,2,DE,Orthogonal,48000,1750.0,0.44476394404989555,2.960588922940299,0.4447618139140098,4.512112163773774,0.00456270974345271,6.656539862431311,25.56782651171459,193.20228649438218,2839.252609021701,118.41577937162806,232.66625701706835,79.17608775188953,149.60155378871687,94.57717285003193,143.48558059671404,0.999999999999625,3.7491136953683046e-13,0.17793222258850483,0.8140929289144553,0.1779319797854805,3.2869180853367186,0.11182149772356828,4.575297925644239,14.337063442074413,76.63655369319973,2872.9029488342744,5.742818813504507,46.06281756772584,38.10656034893467,74.89318203158454,0.39049489485422256,37.616466844802,0.9999999999990047,9.953741344297764e-13,,,,,,,,,,,,,,,,,,3
..\源域数据集\48kHz_DE_data\OR\Orthogonal\0007\OR007@3_3.mat,OR,0007,3,DE,Orthogonal,48000,1724.0,0.43974962745245344,2.370880794985295,0.43974930322123534,4.1583362481776005,0.0359595862413819,5.391433322457195,25.89861937024748,190.94037120028338,2892.371460402383,95.6343947131787,149.73225888195628,285.5113931504427,361.99719639874047,78.43358012346405,132.2839686409499,0.9999999999996666,3.333521961147445e-13,0.18305528499561066,0.8827030056249482,0.18305522327171275,3.365127025554341,-0.024461398148519966,4.822056930211623,14.53893948123787,78.88217258395528,2900.5800035524785,25.918431400130736,103.05912599797529,129.1244643897292,138.65523434832903,23.214240947370534,65.05533225166234,0.9999999999992758,7.242571316088786e-13,,,,,,,,,,,,,,,,,,3
..\源域数据集\48kHz_DE_data\OR\Orthogonal\0021\OR021@3_0.mat,OR,0021,0,DE,Orthogonal,48000,1796.0,0.4087779825192251,3.294345014101085,0.408777641592321,8.289175762926147,-0.3513715107431186,8.059007957812772,35.08081027680858,142.3694308195923,2602.9026395297014,56.84974021914046,164.04017448030217,128.2431556649597,232.10777346674493,34.39988916372811,100.93393366810855,0.9999999999998094,1.9055509531439475e-13,0.21798963210686878,1.2047230039690617,0.21798748643463067,4.526669998434855,0.016954343752233886,5.526515148107823,19.24703981042332,75.78732187080773,2464.280361066804,53.1245712459403,135.88472882876187,157.91665154136263,247.00517689598348,14.867038376040538,68.05222073393816,0.999999999999572,4.280068342598775e-13,,,,,,,,,,,,,,,,,,3
..\源域数据集\48kHz_DE_data\OR\Orthogonal\0021\OR021@3_1.mat,OR,0021,1,DE,Orthogonal,48000,1770.0,0.7653999164627634,5.864882654094402,0.7653635514849875,7.319199200969277,0.06609001742058282,7.6625075701582315,69.39579382949218,328.1396377545423,2602.1854176953716,249.14068451152625,564.3954834070973,307.21596726094543,471.9852149772702,211.01904452693532,425.91127224971694,0.9999999999998218,1.7813737807341043e-13,0.22024353282324877,1.6509880912312855,0.2202427030885153,5.679977469824914,-0.1508593905623975,7.496193282352799,22.839377977454486,93.76469499269795,2418.2736096685503,57.985230189740236,227.89859058743855,135.67966880513904,300.7810197102609,36.003776296023005,193.1696967362076,0.9999999999996156,3.844364972038624e-13,,,,,,,,,,,,,,,,,,3
..\源域数据集\48kHz_DE_data\OR\Orthogonal\0021\OR021@3_2.mat,OR,0021,2,DE,Orthogonal,48000,1746.0,0.71724679833492,5.0635295828675515,0.7172226217230455,7.151129007625322,-0.046882041566085414,7.059675406878743,65.64030996810496,307.36144613625066,2523.324181754166,53.03956558073321,255.78560814395632,249.0542926376298,486.9034501175089,50.34082074213402,118.66238698737186,0.9999999999998032,1.9682815810789678e-13,0.2278517520478773,1.6500462902449842,0.22784949287369802,5.540082525441313,-0.18758366685214142,7.241753795679695,23.010398953523662,97.15282816431882,2459.55462176435,10.410749586776609,83.02364750424941,182.24241198374057,336.334635398181,3.8061896061341813,189.06889344714813,0.9999999999996488,3.5108230989116396e-13,,,,,,,,,,,,,,,,,,3
..\源域数据集\48kHz_DE_data\OR\Orthogonal\0021\OR021@3_3.mat,OR,0021,3,DE,Orthogonal,48000,1719.0,0.6687057599142406,4.890238082574323,0.668701266819662,7.286326056322386,-0.14577513356873562,7.312989323138894,63.45915234886686,286.05983508732595,2579.3472955336533,155.40011806852587,567.820606798371,63.12326236825547,168.59870156035038,119.8441131321255,283.8807156383764,0.9999999999997684,2.3152449554523076e-13,0.21259296777337974,1.6166808622565867,0.2125928334371336,6.086235088088472,-0.2628020799976391,7.604582969931251,21.009713398215204,90.75346130745906,2392.5675730529283,72.45990801034951,274.68587778474756,77.19858917049002,129.7800448824171,39.02467821217404,106.38596086760572,0.9999999999996365,3.634450225581678e-13,,,,,,,,,,,,,,,,,,3
..\源域数据集\48kHz_Normal_data\N_0.mat,N,,0,Normal,,48000,1796.0,0.062055616774941896,0.26511614494531516,0.062055589345160034,2.848662503477585,0.01394473148912043,4.272234468425576,5.10910341641482,30.220500208388785,2561.289282254519,3.0433265011914945,11.226927527555963,13.682987156618857,107.40582903926048,50.97910364731034,131.32149977387348,0.9999999999934887,6.5113152940668405e-12,0.0675904072972494,0.34844660904510094,0.06758967571779319,2.858604408576245,0.014582622988442191,5.155267189213713,5.080148588972066,32.99451440050194,2613.039065967983,3.39558303490903,18.220150819165905,10.515022384184567,68.16644450121423,72.687607566285,193.5394024318935,0.9999999999972478,2.752264550983303e-12,,,,,,,,,,,,,,,,,,2
..\源域数据集\48kHz_Normal_data\N_1_(1772rpm).mat,N,,,Normal,,48000,,0.05579710142338335,0.2699604260483177,0.05579699154429722,2.963673864571014,0.022794777317725248,4.83825179376044,6.1732041190678135,34.020726122788716,2507.2011312494565,,,,,,,0.9999999999890725,1.0927466457213449e-11,0.0562673046336852,0.24780845183266018,0.05626710980079591,2.906161779960108,0.02496472705316672,4.404128711086442,5.738545601550791,34.392225704321994,2596.9145208136133,,,,,,,0.9999999999957456,4.254379209771619e-12,,,,,,,,,,,,,,,,,,2
..\源域数据集\48kHz_Normal_data\N_2_(1750rpm).mat,N,,,Normal,,48000,,0.05181206747403056,0.30128300917938494,0.051811990607199425,2.983993852167628,0.01163502439242026,5.814919648408069,5.8648134621489,31.56661702985378,2603.831359672629,,,,,,,0.9999999999920948,7.905305033594479e-12,0.0533033790446477,0.2961367877838837,0.05330306210378363,3.0858940894221996,0.07104470201710418,5.555685082100238,5.663384054214153,32.54195966979339,2687.4829426460637,,,,,,,0.9999999999952055,4.7945061855957415e-12,,,,,,,,,,,,,,,,,,2
..\源域数据集\48kHz_Normal_data\N_3.mat,N,,3,Normal,,48000,1725.0,0.052702067354388926,0.25613110209126283,0.05270200762185749,3.0613200726497136,0.024986330401075382,4.859982064250706,6.359217031749962,32.03319858108914,2559.6666775426183,18.364744829512954,41.35598124385895,16.877849661320795,630.1943511714701,18.45332596451956,45.39056741549334,0.9999999999899882,1.0011804478593775e-11,0.06359746998818513,0.3063933565422634,0.0635974318067814,3.1361513393557114,-0.06622419557376683,4.817697254296183,6.40160536574875,38.88653209231133,2562.895439174906,1.7227148582279095,19.85024894560046,4.316276511525791,1118.4374326192542,15.198720658337114,39.932672448985,0.9999999999972986,2.70132298156033e-12,,,,,,,,,,,,,,,,,,2
